timestamp,value,is_anomaly,anomaly_score
2014-07-01 00:00:00,10844,0,0.5402264722631821
2014-07-01 00:30:00,8127,1,0.5527268268346288
2014-07-01 01:00:00,6210,0,0.540141949135285
2014-07-01 01:30:00,4656,0,0.532001848306127
2014-07-01 02:00:00,3820,0,0.5363581661084647
2014-07-01 02:30:00,2873,0,0.5364093495456287
2014-07-01 03:00:00,2369,0,0.5341614746077363
2014-07-01 03:30:00,2064,1,0.566416709498731
2014-07-01 04:00:00,2221,0,0.5369374014380129
2014-07-01 04:30:00,2158,0,0.5486505494333438
2014-07-01 05:00:00,2515,0,0.5366987693608158
2014-07-01 05:30:00,4364,0,0.522150306977941
2014-07-01 06:00:00,6526,0,0.5231987859560089
2014-07-01 06:30:00,11039,0,0.546069624365012
2014-07-01 07:00:00,13857,0,0.49449070315511384
2014-07-01 07:30:00,15865,0,0.4667020883259108
2014-07-01 08:00:00,17920,0,0.43135108292246654
2014-07-01 08:30:00,20346,0,0.4755380385988808
2014-07-01 09:00:00,19539,0,0.45620825257049924
2014-07-01 09:30:00,20107,0,0.46627331375282177
2014-07-01 10:00:00,18984,0,0.44063334435626583
2014-07-01 10:30:00,17720,0,0.4331852848007494
2014-07-01 11:00:00,17249,0,0.4352433788748915
2014-07-01 11:30:00,18463,0,0.43162471475590897
2014-07-01 12:00:00,18908,0,0.4415826068589225
2014-07-01 12:30:00,18886,0,0.44417960047790855
2014-07-01 13:00:00,18178,0,0.4358596178726031
2014-07-01 13:30:00,19459,0,0.4506884560583508
2014-07-01 14:00:00,19546,0,0.4578853599256549
2014-07-01 14:30:00,20591,0,0.48708703614534055
2014-07-01 15:00:00,19380,0,0.44764489498836485
2014-07-01 15:30:00,18544,0,0.4332939641015355
2014-07-01 16:00:00,16228,0,0.4576168046538483
2014-07-01 16:30:00,15013,0,0.4704639314037617
2014-07-01 17:00:00,17203,0,0.43433373633085415
2014-07-01 17:30:00,19525,0,0.45678015073545236
2014-07-01 18:00:00,22966,0,0.5045090253972238
2014-07-01 18:30:00,27598,1,0.679741712354277
2014-07-01 19:00:00,26827,1,0.633538860893796
2014-07-01 19:30:00,24904,0,0.5478490858299075
2014-07-01 20:00:00,22875,0,0.5037096350021316
2014-07-01 20:30:00,20394,0,0.4750771650856942
2014-07-01 21:00:00,23401,0,0.5092649564461856
2014-07-01 21:30:00,24439,0,0.5386554281687483
2014-07-01 22:00:00,23318,0,0.5078150072850416
2014-07-01 22:30:00,21733,0,0.5042189013027891
2014-07-01 23:00:00,20104,0,0.46754440527741165
2014-07-01 23:30:00,16111,0,0.4595969852030726
2014-07-02 00:00:00,13370,0,0.5068823401245813
2014-07-02 00:30:00,9945,1,0.5536434246526217
2014-07-02 01:00:00,7571,1,0.5575537441159544
2014-07-02 01:30:00,5917,0,0.5405376135776159
2014-07-02 02:00:00,4820,0,0.5385039692171418
2014-07-02 02:30:00,3634,0,0.53841954346018
2014-07-02 03:00:00,2993,0,0.5461294647031687
2014-07-02 03:30:00,2535,0,0.5382153044215626
2014-07-02 04:00:00,2570,0,0.5312802689451434
2014-07-02 04:30:00,2485,0,0.5369557012923792
2014-07-02 05:00:00,2868,0,0.5370817870145704
2014-07-02 05:30:00,4482,0,0.5278886935960847
2014-07-02 06:00:00,6788,0,0.5290196174087295
2014-07-02 06:30:00,11078,0,0.5474726527875204
2014-07-02 07:00:00,13729,0,0.49860637339409797
2014-07-02 07:30:00,16700,0,0.44717488059640503
2014-07-02 08:00:00,19156,0,0.44159182818212694
2014-07-02 08:30:00,19953,0,0.47303473868502915
2014-07-02 09:00:00,19502,0,0.4534599759104684
2014-07-02 09:30:00,18994,0,0.4413276370925096
2014-07-02 10:00:00,17311,0,0.43378894519208844
2014-07-02 10:30:00,17904,0,0.43441900980290066
2014-07-02 11:00:00,17133,0,0.4367486289771741
2014-07-02 11:30:00,18589,0,0.4339866883151625
2014-07-02 12:00:00,19134,0,0.4410537301240033
2014-07-02 12:30:00,19259,0,0.4483061584383396
2014-07-02 13:00:00,18667,0,0.4365476496858019
2014-07-02 13:30:00,19078,0,0.43966723470860664
2014-07-02 14:00:00,18546,0,0.4348584550500753
2014-07-02 14:30:00,18593,0,0.4352858569527922
2014-07-02 15:00:00,17967,0,0.43246921301480024
2014-07-02 15:30:00,16624,0,0.45885308131907093
2014-07-02 16:00:00,14634,0,0.48155673766845064
2014-07-02 16:30:00,13888,0,0.49556495162035985
2014-07-02 17:00:00,17430,0,0.42664078152208984
2014-07-02 17:30:00,21919,0,0.5018009148634988
2014-07-02 18:00:00,23633,0,0.5068238004718592
2014-07-02 18:30:00,24512,0,0.5416818501708808
2014-07-02 19:00:00,24887,0,0.5454551417977693
2014-07-02 19:30:00,26872,1,0.637408423867294
2014-07-02 20:00:00,22009,0,0.49944190899805235
2014-07-02 20:30:00,18259,0,0.43913687350473235
2014-07-02 21:00:00,20844,0,0.49118532328018244
2014-07-02 21:30:00,22576,0,0.4970621268695585
2014-07-02 22:00:00,22401,0,0.5034515662403735
2014-07-02 22:30:00,19056,0,0.44004925917344817
2014-07-02 23:00:00,17518,0,0.4280209415572998
2014-07-02 23:30:00,15307,0,0.46077912085675515
2014-07-03 00:00:00,12646,0,0.5282480978319806
2014-07-03 00:30:00,10562,0,0.5517637817107487
2014-07-03 01:00:00,8416,1,0.5527231892504889
2014-07-03 01:30:00,7098,0,0.5411890176195516
2014-07-03 02:00:00,5826,0,0.5422042294114789
2014-07-03 02:30:00,4383,0,0.523754682861144
2014-07-03 03:00:00,3270,0,0.5477929956632689
2014-07-03 03:30:00,2948,0,0.5436926798236136
2014-07-03 04:00:00,3146,0,0.5438979912576087
2014-07-03 04:30:00,3077,0,0.546146626333121
2014-07-03 05:00:00,3000,0,0.5454992186299247
2014-07-03 05:30:00,4592,0,0.5276379522432537
2014-07-03 06:00:00,6486,0,0.521857965070106
2014-07-03 06:30:00,10113,1,0.5547753679470607
2014-07-03 07:00:00,12240,0,0.5322457434065928
2014-07-03 07:30:00,14574,0,0.4847061733568513
2014-07-03 08:00:00,16778,0,0.4532330144477292
2014-07-03 08:30:00,18910,0,0.4415826068589225
2014-07-03 09:00:00,18350,0,0.440083124726687
2014-07-03 09:30:00,17218,0,0.43626030615263856
2014-07-03 10:00:00,16097,0,0.4587997991611966
2014-07-03 10:30:00,16409,0,0.4504464151748946
2014-07-03 11:00:00,15893,0,0.4634547778358991
2014-07-03 11:30:00,16778,0,0.4532330144477292
2014-07-03 12:00:00,17604,0,0.43411572915429236
2014-07-03 12:30:00,18665,0,0.4365476496858019
2014-07-03 13:00:00,19045,0,0.4391989018161784
2014-07-03 13:30:00,19261,0,0.44800294321378037
2014-07-03 14:00:00,19363,0,0.4471789397965167
2014-07-03 14:30:00,19078,0,0.43966723470860664
2014-07-03 15:00:00,18193,0,0.4358596178726031
2014-07-03 15:30:00,16635,0,0.45650291840975266
2014-07-03 16:00:00,14615,0,0.48413019926538575
2014-07-03 16:30:00,13759,0,0.4958992407042484
2014-07-03 17:00:00,17008,0,0.4370027106702383
2014-07-03 17:30:00,19595,0,0.46026413763869667
2014-07-03 18:00:00,21328,0,0.4787976787852691
2014-07-03 18:30:00,22661,0,0.4964346297298566
2014-07-03 19:00:00,29985,1,0.7175935214266895
2014-07-03 19:30:00,21501,0,0.48712328794661464
2014-07-03 20:00:00,22684,0,0.4964346297298566
2014-07-03 20:30:00,22188,0,0.5014015122586164
2014-07-03 21:00:00,22663,0,0.4960988624536344
2014-07-03 21:30:00,19573,0,0.4575291629069223
2014-07-03 22:00:00,17136,0,0.4380381214488359
2014-07-03 22:30:00,16606,0,0.4588902216843062
2014-07-03 23:00:00,16166,0,0.458344969123808
2014-07-03 23:30:00,16020,0,0.456950458028051
2014-07-04 00:00:00,15591,0,0.46445939045433987
2014-07-04 00:30:00,14395,0,0.4981274626590519
2014-07-04 01:00:00,12535,0,0.5304137159028027
2014-07-04 01:30:00,11341,0,0.5495305157177636
2014-07-04 02:00:00,9980,1,0.5547683286019874
2014-07-04 02:30:00,8404,0,0.5519757651697031
2014-07-04 03:00:00,7200,0,0.5396234360791794
2014-07-04 03:30:00,6578,0,0.5241590960964159
2014-07-04 04:00:00,5657,0,0.5453385930280681
2014-07-04 04:30:00,4474,0,0.5271777763836208
2014-07-04 05:00:00,3459,0,0.5449489253327034
2014-07-04 05:30:00,3276,0,0.5482850489628055
2014-07-04 06:00:00,3595,0,0.5411446703891203
2014-07-04 06:30:00,4240,0,0.5348180529093547
2014-07-04 07:00:00,4828,0,0.540814124744608
2014-07-04 07:30:00,4926,0,0.5429025433881297
2014-07-04 08:00:00,5165,0,0.5464395070236154
2014-07-04 08:30:00,5776,0,0.5425363870722353
2014-07-04 09:00:00,7338,0,0.5466099300876646
2014-07-04 09:30:00,7839,1,0.5604088717186027
2014-07-04 10:00:00,8623,1,0.558025127858996
2014-07-04 10:30:00,9731,1,0.561363051716041
2014-07-04 11:00:00,11024,0,0.5464392126150112
2014-07-04 11:30:00,13231,0,0.5102530556024323
2014-07-04 12:00:00,13613,0,0.49249002015731824
2014-07-04 12:30:00,13737,0,0.49939201249228765
2014-07-04 13:00:00,15574,0,0.4635826507849686
2014-07-04 13:30:00,14226,0,0.5005437466676926
2014-07-04 14:00:00,18480,0,0.4326873370441484
2014-07-04 14:30:00,18265,0,0.4391742499673864
2014-07-04 15:00:00,16575,0,0.460215303432096
2014-07-04 15:30:00,16417,0,0.4494966617683842
2014-07-04 16:00:00,14703,0,0.47233989878337274
2014-07-04 16:30:00,13469,0,0.50078284572584
2014-07-04 17:00:00,12105,0,0.5267604267086821
2014-07-04 17:30:00,11676,0,0.5412725819681047
2014-07-04 18:00:00,15487,0,0.4584395147097744
2014-07-04 18:30:00,15077,0,0.47374610726337885
2014-07-04 19:00:00,14999,0,0.4717472939455393
2014-07-04 19:30:00,14487,0,0.48627168845979796
2014-07-04 20:00:00,14415,0,0.4943218858998403
2014-07-04 20:30:00,13796,0,0.49623487287342627
2014-07-04 21:00:00,14036,0,0.4859916904128909
2014-07-04 21:30:00,14021,0,0.4862718086253946
2014-07-04 22:00:00,15593,0,0.46445939045433987
2014-07-04 22:30:00,16589,0,0.46189154872588883
2014-07-04 23:00:00,17984,0,0.43667044188931775
2014-07-04 23:30:00,18035,0,0.4361352320049552
2014-07-05 00:00:00,17576,0,0.4308697058963833
2014-07-05 00:30:00,16189,0,0.4577775167838467
2014-07-05 01:00:00,14441,0,0.4921529752853797
2014-07-05 01:30:00,12535,0,0.5304137159028027
2014-07-05 02:00:00,11006,0,0.5442254293419722
2014-07-05 02:30:00,9151,0,0.5503576188746293
2014-07-05 03:00:00,8010,1,0.5578517124332715
2014-07-05 03:30:00,7096,0,0.5411890176195516
2014-07-05 04:00:00,6407,0,0.5302836385521523
2014-07-05 04:30:00,4421,0,0.5219374294631242
2014-07-05 05:00:00,3126,0,0.5456461638173075
2014-07-05 05:30:00,2514,0,0.5363357691324914
2014-07-05 06:00:00,2550,0,0.5371239650455772
2014-07-05 06:30:00,3148,0,0.54358467732414
2014-07-05 07:00:00,3658,0,0.5396218254243585
2014-07-05 07:30:00,4345,0,0.5271423995615538
2014-07-05 08:00:00,4682,0,0.5333709219853954
2014-07-05 08:30:00,6248,0,0.5375853178208067
2014-07-05 09:00:00,7454,0,0.5521273761395995
2014-07-05 09:30:00,9010,0,0.5517293826480167
2014-07-05 10:00:00,10280,0,0.5485863585033335
2014-07-05 10:30:00,11488,0,0.5443868638258038
2014-07-05 11:00:00,11595,0,0.5425667667204632
2014-07-05 11:30:00,13098,0,0.5160066546498395
2014-07-05 12:00:00,12623,0,0.5271030012981969
2014-07-05 12:30:00,13031,0,0.5157176647454133
2014-07-05 13:00:00,13263,0,0.5095630620786055
2014-07-05 13:30:00,13349,0,0.5075596288465772
2014-07-05 14:00:00,13822,0,0.49647218112011837
2014-07-05 14:30:00,13716,0,0.4974956211466817
2014-07-05 15:00:00,13919,0,0.4963265728206609
2014-07-05 15:30:00,14203,0,0.49925380391116814
2014-07-05 16:00:00,13179,0,0.5119301491199435
2014-07-05 16:30:00,13708,0,0.4977420819412661
2014-07-05 17:00:00,13897,0,0.49556495162035985
2014-07-05 17:30:00,14740,0,0.47376831213959947
2014-07-05 18:00:00,14575,0,0.4847061733568513
2014-07-05 18:30:00,16085,0,0.4553320314337306
2014-07-05 19:00:00,18182,0,0.43615461430937086
2014-07-05 19:30:00,16861,0,0.4476677988207195
2014-07-05 20:00:00,14140,0,0.4886654669459836
2014-07-05 20:30:00,14477,0,0.49095735609502267
2014-07-05 21:00:00,15293,0,0.45968592004015424
2014-07-05 21:30:00,15457,0,0.4593915334879797
2014-07-05 22:00:00,16048,0,0.4580199345811589
2014-07-05 22:30:00,17477,0,0.42800129676863347
2014-07-05 23:00:00,16391,0,0.4555560441004372
2014-07-05 23:30:00,17006,0,0.4369189198841162
2014-07-06 00:00:00,15427,0,0.45948837977808654
2014-07-06 00:30:00,14615,0,0.48413019926538575
2014-07-06 01:00:00,13124,0,0.5121309268984677
2014-07-06 01:30:00,12222,0,0.5330667396513239
2014-07-06 02:00:00,11134,0,0.5465515297094075
2014-07-06 02:30:00,9145,0,0.5507301093047096
2014-07-06 03:00:00,8624,1,0.558025127858996
2014-07-06 03:30:00,7885,1,0.561875333278681
2014-07-06 04:00:00,7167,0,0.5408988733510849
2014-07-06 04:30:00,4805,0,0.5391033808169061
2014-07-06 05:00:00,3103,0,0.5435664067204468
2014-07-06 05:30:00,2671,0,0.5343604563298403
2014-07-06 06:00:00,2510,0,0.5356866593493628
2014-07-06 06:30:00,2917,0,0.538372873385776
2014-07-06 07:00:00,3189,0,0.5394949074883241
2014-07-06 07:30:00,4107,0,0.5396186080429967
2014-07-06 08:00:00,4122,0,0.541392851095307
2014-07-06 08:30:00,5654,0,0.5449697491903617
2014-07-06 09:00:00,6360,0,0.5314832163121287
2014-07-06 09:30:00,8406,0,0.5519757651697031
2014-07-06 10:00:00,9372,1,0.5562544375084257
2014-07-06 10:30:00,11067,0,0.5474726527875204
2014-07-06 11:00:00,11595,0,0.5425667667204632
2014-07-06 11:30:00,12909,0,0.5231465649033675
2014-07-06 12:00:00,13715,0,0.4974956211466817
2014-07-06 12:30:00,13648,0,0.49355293837158654
2014-07-06 13:00:00,14296,0,0.49580309657626837
2014-07-06 13:30:00,14798,0,0.4738337113222096
2014-07-06 14:00:00,15473,0,0.45827378389139206
2014-07-06 14:30:00,16032,0,0.45704533254932445
2014-07-06 15:00:00,14661,0,0.4763428063763193
2014-07-06 15:30:00,14836,0,0.47106877242094725
2014-07-06 16:00:00,13700,0,0.499592835631924
2014-07-06 16:30:00,14565,0,0.48568980997718386
2014-07-06 17:00:00,15392,0,0.45933142311990993
2014-07-06 17:30:00,16866,0,0.44551121331868004
2014-07-06 18:00:00,16893,0,0.4448873434193906
2014-07-06 18:30:00,16877,0,0.4450497357176177
2014-07-06 19:00:00,17025,0,0.43699678295657524
2014-07-06 19:30:00,15884,0,0.4634547778358991
2014-07-06 20:00:00,14487,0,0.48627168845979796
2014-07-06 20:30:00,14159,0,0.4926075527538277
2014-07-06 21:00:00,16135,0,0.4593758009427476
2014-07-06 21:30:00,16165,0,0.458344969123808
2014-07-06 22:00:00,14025,0,0.4863206170009293
2014-07-06 22:30:00,13970,0,0.491457302900853
2014-07-06 23:00:00,13198,0,0.5091469673690417
2014-07-06 23:30:00,11355,0,0.5480453070613812
2014-07-07 00:00:00,8675,1,0.5561862479182877
2014-07-07 00:30:00,7180,0,0.5397934497380575
2014-07-07 01:00:00,5178,0,0.5449626523944221
2014-07-07 01:30:00,3658,0,0.5396218254243585
2014-07-07 02:00:00,3181,0,0.5397313400733869
2014-07-07 02:30:00,2402,0,0.5334417146630169
2014-07-07 03:00:00,1944,1,0.5912611255946921
2014-07-07 03:30:00,1877,1,0.6115952582514803
2014-07-07 04:00:00,2257,0,0.5375770403894328
2014-07-07 04:30:00,2280,0,0.5401816866376352
2014-07-07 05:00:00,2575,0,0.5305533463964832
2014-07-07 05:30:00,4174,0,0.5371066698501102
2014-07-07 06:00:00,6346,0,0.5314832163121287
2014-07-07 06:30:00,10594,0,0.5497780316605316
2014-07-07 07:00:00,12632,0,0.5274597526484401
2014-07-07 07:30:00,14893,0,0.4713613689664983
2014-07-07 08:00:00,16470,0,0.45192125184439874
2014-07-07 08:30:00,18998,0,0.4413276370925096
2014-07-07 09:00:00,17792,0,0.43268449601584885
2014-07-07 09:30:00,16396,0,0.45161123036162326
2014-07-07 10:00:00,14128,0,0.48880262412495795
2014-07-07 10:30:00,14161,0,0.4926075527538277
2014-07-07 11:00:00,14154,0,0.4926075527538277
2014-07-07 11:30:00,15074,0,0.4730770378307971
2014-07-07 12:00:00,15188,0,0.46813828280550646
2014-07-07 12:30:00,15483,0,0.4590602824218722
2014-07-07 13:00:00,15338,0,0.4636608799442949
2014-07-07 13:30:00,16242,0,0.45603168388681337
2014-07-07 14:00:00,16579,0,0.4601507310891759
2014-07-07 14:30:00,16885,0,0.4457587386623295
2014-07-07 15:00:00,16824,0,0.4484615625804251
2014-07-07 15:30:00,16238,0,0.4563403330855082
2014-07-07 16:00:00,15702,0,0.46546757502715574
2014-07-07 16:30:00,15132,0,0.47302105966527264
2014-07-07 17:00:00,17500,0,0.4279367881768606
2014-07-07 17:30:00,19167,0,0.4437653667636077
2014-07-07 18:00:00,21398,0,0.4783827304973166
2014-07-07 18:30:00,22382,0,0.501998303110149
2014-07-07 19:00:00,22270,0,0.5016643018538589
2014-07-07 19:30:00,20575,0,0.48539497134393234
2014-07-07 20:00:00,18824,0,0.4442816148114791
2014-07-07 20:30:00,17909,0,0.4330790683637057
2014-07-07 21:00:00,19707,0,0.4652269903285295
2014-07-07 21:30:00,19066,0,0.4405278166130856
2014-07-07 22:00:00,17755,0,0.43599874009448547
2014-07-07 22:30:00,16583,0,0.46189154872588883
2014-07-07 23:00:00,14955,0,0.4741023227472282
2014-07-07 23:30:00,11849,0,0.5388283274291452
2014-07-08 00:00:00,9292,1,0.5539318842266991
2014-07-08 00:30:00,8110,1,0.5527268268346288
2014-07-08 01:00:00,7352,0,0.5455882278602562
2014-07-08 01:30:00,5049,0,0.5478788247850273
2014-07-08 02:00:00,3451,0,0.5448407729517089
2014-07-08 02:30:00,2465,0,0.5374919640892788
2014-07-08 03:00:00,2125,0,0.5520969954170424
2014-07-08 03:30:00,1877,1,0.6115952582514803
2014-07-08 04:00:00,2069,1,0.5654042548700648
2014-07-08 04:30:00,2080,1,0.5628080173396203
2014-07-08 05:00:00,2375,0,0.5316290995163657
2014-07-08 05:30:00,4303,0,0.5316218312683836
2014-07-08 06:00:00,6537,0,0.5231987859560089
2014-07-08 06:30:00,11331,0,0.5491588366417813
2014-07-08 07:00:00,13565,0,0.49663720273491485
2014-07-08 07:30:00,16455,0,0.4516155915243657
2014-07-08 08:00:00,18310,0,0.4372303491634924
2014-07-08 08:30:00,20288,0,0.4774268445433937
2014-07-08 09:00:00,19564,0,0.458931411021736
2014-07-08 09:30:00,19380,0,0.44764489498836485
2014-07-08 10:00:00,16507,0,0.4562721979923534
2014-07-08 10:30:00,16939,0,0.4365708882714202
2014-07-08 11:00:00,16113,0,0.45953249961575676
2014-07-08 11:30:00,17537,0,0.4308411608031202
2014-07-08 12:00:00,18120,0,0.4336651277000346
2014-07-08 12:30:00,18038,0,0.4364579432942671
2014-07-08 13:00:00,17870,0,0.43279410048913886
2014-07-08 13:30:00,18427,0,0.4365933548002738
2014-07-08 14:00:00,18971,0,0.4406578644088883
2014-07-08 14:30:00,19071,0,0.4405278166130856
2014-07-08 15:00:00,18646,0,0.4377516372259601
2014-07-08 15:30:00,18229,0,0.4341843937813102
2014-07-08 16:00:00,15977,0,0.459110036125228
2014-07-08 16:30:00,15026,0,0.4716896494284484
2014-07-08 17:00:00,17398,0,0.42802422047482785
2014-07-08 17:30:00,20865,0,0.4918504317177517
2014-07-08 18:00:00,23875,0,0.517227308351215
2014-07-08 18:30:00,25290,1,0.5594042660103022
2014-07-08 19:00:00,25510,1,0.5588082231284309
2014-07-08 19:30:00,24535,0,0.5384177584851224
2014-07-08 20:00:00,21922,0,0.5018009148634988
2014-07-08 20:30:00,20113,0,0.46627331375282177
2014-07-08 21:00:00,22079,0,0.5012519603990403
2014-07-08 21:30:00,23111,0,0.5065521733277845
2014-07-08 22:00:00,25209,1,0.561048300233865
2014-07-08 22:30:00,21978,0,0.5020901452723249
2014-07-08 23:00:00,18320,0,0.4395128095644054
2014-07-08 23:30:00,14881,0,0.4712952327304167
2014-07-09 00:00:00,12053,0,0.5306559976442234
2014-07-09 00:30:00,9409,1,0.5595452416568281
2014-07-09 01:00:00,7740,1,0.5569095689711406
2014-07-09 01:30:00,5528,0,0.5468740772568139
2014-07-09 02:00:00,4667,0,0.5336052136404767
2014-07-09 02:30:00,3242,0,0.5438262009920074
2014-07-09 03:00:00,2678,0,0.5357548037806473
2014-07-09 03:30:00,2370,0,0.5341614746077363
2014-07-09 04:00:00,2475,0,0.5374919640892788
2014-07-09 04:30:00,2304,0,0.5395821319394958
2014-07-09 05:00:00,2491,0,0.5358045561496898
2014-07-09 05:30:00,4117,0,0.5410266759896795
2014-07-09 06:00:00,6435,0,0.5274126867183127
2014-07-09 06:30:00,11067,0,0.5474726527875204
2014-07-09 07:00:00,13384,0,0.5065395064612621
2014-07-09 07:30:00,17194,0,0.43397907174991873
2014-07-09 08:00:00,18510,0,0.4347562005174239
2014-07-09 08:30:00,20464,0,0.4830225884720472
2014-07-09 09:00:00,19777,0,0.46624123115376914
2014-07-09 09:30:00,18928,0,0.439349958322324
2014-07-09 10:00:00,17243,0,0.4349489987590278
2014-07-09 10:30:00,17490,0,0.42809702508801495
2014-07-09 11:00:00,16558,0,0.459202269916369
2014-07-09 11:30:00,17830,0,0.43360104803458055
2014-07-09 12:00:00,18203,0,0.436593647710892
2014-07-09 12:30:00,18126,0,0.4356616006274127
2014-07-09 13:00:00,18122,0,0.43478726052261285
2014-07-09 13:30:00,18488,0,0.43381263474549736
2014-07-09 14:00:00,18487,0,0.43219092877930565
2014-07-09 14:30:00,18542,0,0.4332939641015355
2014-07-09 15:00:00,18240,0,0.435853890900292
2014-07-09 15:30:00,17393,0,0.4290880400135442
2014-07-09 16:00:00,15175,0,0.47038484830192373
2014-07-09 16:30:00,15360,0,0.46243474781261423
2014-07-09 17:00:00,17103,0,0.4370537706702037
2014-07-09 17:30:00,19561,0,0.458931411021736
2014-07-09 18:00:00,22262,0,0.503654403184294
2014-07-09 18:30:00,24725,0,0.5429972361338349
2014-07-09 19:00:00,25995,1,0.5680001684002512
2014-07-09 19:30:00,26319,1,0.5985721879119774
2014-07-09 20:00:00,24995,0,0.5520885457916931
2014-07-09 20:30:00,20534,0,0.48227949493208283
2014-07-09 21:00:00,23458,0,0.5091589156586077
2014-07-09 21:30:00,24681,0,0.5388442889247165
2014-07-09 22:00:00,23955,0,0.5183747469425376
2014-07-09 22:30:00,23655,0,0.5076223875232707
2014-07-09 23:00:00,21896,0,0.502124562275726
2014-07-09 23:30:00,19338,0,0.44646477834042364
2014-07-10 00:00:00,15185,0,0.46813828280550646
2014-07-10 00:30:00,11459,0,0.5478212769748942
2014-07-10 01:00:00,8847,0,0.5513782441608002
2014-07-10 01:30:00,6580,0,0.5238571528077824
2014-07-10 02:00:00,5247,0,0.5429729861580478
2014-07-10 02:30:00,4127,0,0.5425015500649135
2014-07-10 03:00:00,3440,0,0.5441040079275198
2014-07-10 03:30:00,2957,0,0.5443014673741975
2014-07-10 04:00:00,2779,0,0.5353264500876035
2014-07-10 04:30:00,2532,0,0.5375414477654605
2014-07-10 05:00:00,2718,0,0.5306040715817534
2014-07-10 05:30:00,4449,0,0.5257445623488688
2014-07-10 06:00:00,6601,0,0.524865819087122
2014-07-10 06:30:00,11202,0,0.5495350589412076
2014-07-10 07:00:00,13934,0,0.49666249421473246
2014-07-10 07:30:00,17176,0,0.4397304583046856
2014-07-10 08:00:00,19057,0,0.4407426315841992
2014-07-10 08:30:00,21112,0,0.490580139725931
2014-07-10 09:00:00,19882,0,0.4693696095569984
2014-07-10 09:30:00,19024,0,0.4392419961272923
2014-07-10 10:00:00,16989,0,0.4352829519001905
2014-07-10 10:30:00,16979,0,0.4370068957949942
2014-07-10 11:00:00,16381,0,0.45682882067351355
2014-07-10 11:30:00,17815,0,0.4332703891512213
2014-07-10 12:00:00,18029,0,0.43484707867393085
2014-07-10 12:30:00,17495,0,0.4290965014596777
2014-07-10 13:00:00,17075,0,0.43592717521848356
2014-07-10 13:30:00,18234,0,0.43443562946327896
2014-07-10 14:00:00,18091,0,0.43342897051867857
2014-07-10 14:30:00,18495,0,0.43351922232413076
2014-07-10 15:00:00,17523,0,0.42889060319533173
2014-07-10 15:30:00,16714,0,0.44717488059640503
2014-07-10 16:00:00,14735,0,0.47408896575880105
2014-07-10 16:30:00,13610,0,0.49249002015731824
2014-07-10 17:00:00,16290,0,0.4570086813006685
2014-07-10 17:30:00,19152,0,0.4421897826342758
2014-07-10 18:00:00,21865,0,0.5009291624194319
2014-07-10 18:30:00,24347,0,0.5403001466089936
2014-07-10 19:00:00,26186,1,0.5842898776640751
2014-07-10 19:30:00,25852,1,0.5629998595706858
2014-07-10 20:00:00,23995,0,0.524284301723922
2014-07-10 20:30:00,21664,0,0.5018425863159718
2014-07-10 21:00:00,25027,1,0.5531202482142753
2014-07-10 21:30:00,25431,1,0.562773661165084
2014-07-10 22:00:00,25643,1,0.5595228323511089
2014-07-10 22:30:00,24654,0,0.5359893639048091
2014-07-10 23:00:00,23154,0,0.5062030252450305
2014-07-10 23:30:00,21863,0,0.5009291624194319
2014-07-11 00:00:00,20051,0,0.46814826761452605
2014-07-11 00:30:00,16122,0,0.4593758009427476
2014-07-11 01:00:00,13107,0,0.5152365783115858
2014-07-11 01:30:00,10506,0,0.5504049963004187
2014-07-11 02:00:00,8444,1,0.5534716254096878
2014-07-11 02:30:00,6876,0,0.526610757456433
2014-07-11 03:00:00,5375,0,0.5460527187015302
2014-07-11 03:30:00,4366,0,0.522150306977941
2014-07-11 04:00:00,4183,0,0.5367433937352378
2014-07-11 04:30:00,3249,0,0.5445625898409973
2014-07-11 05:00:00,3134,0,0.5452006046727103
2014-07-11 05:30:00,4620,0,0.5254591086872512
2014-07-11 06:00:00,6725,0,0.5291874781565953
2014-07-11 06:30:00,10651,0,0.54988716410086
2014-07-11 07:00:00,12952,0,0.5207830598434238
2014-07-11 07:30:00,15808,0,0.4662147270734945
2014-07-11 08:00:00,17565,0,0.4309621751803253
2014-07-11 08:30:00,19784,0,0.4655641605822336
2014-07-11 09:00:00,19699,0,0.4643302507509679
2014-07-11 09:30:00,18663,0,0.4365476496858019
2014-07-11 10:00:00,16509,0,0.4564799992719221
2014-07-11 10:30:00,16600,0,0.45843203217894773
2014-07-11 11:00:00,15636,0,0.4642565306743425
2014-07-11 11:30:00,17434,0,0.42664078152208984
2014-07-11 12:00:00,17668,0,0.43315433494865135
2014-07-11 12:30:00,17124,0,0.43657491685802036
2014-07-11 13:00:00,17124,0,0.43657491685802036
2014-07-11 13:30:00,17489,0,0.42809702508801495
2014-07-11 14:00:00,18371,0,0.4407289753503739
2014-07-11 14:30:00,18381,0,0.43990753501771834
2014-07-11 15:00:00,17898,0,0.43441900980290066
2014-07-11 15:30:00,16350,0,0.45555295155995984
2014-07-11 16:00:00,14688,0,0.4736250350951563
2014-07-11 16:30:00,14227,0,0.5005437466676926
2014-07-11 17:00:00,16924,0,0.4394854142079324
2014-07-11 17:30:00,19952,0,0.47303473868502915
2014-07-11 18:00:00,22665,0,0.4964346297298566
2014-07-11 18:30:00,23465,0,0.5091589156586077
2014-07-11 19:00:00,25111,1,0.5580253050409594
2014-07-11 19:30:00,23984,0,0.5228673256669897
2014-07-11 20:00:00,21701,0,0.5033972730604102
2014-07-11 20:30:00,20592,0,0.48741670408007604
2014-07-11 21:00:00,22630,0,0.5001227602323997
2014-07-11 21:30:00,22854,0,0.5011403197023252
2014-07-11 22:00:00,23892,0,0.5154872638476776
2014-07-11 22:30:00,24959,0,0.5517151365729307
2014-07-11 23:00:00,26039,1,0.5654719374099099
2014-07-11 23:30:00,26873,1,0.6365464835424451
2014-07-12 00:00:00,25871,1,0.5628091464786401
2014-07-12 00:30:00,24874,0,0.5418102994712525
2014-07-12 01:00:00,23243,0,0.5062088466644601
2014-07-12 01:30:00,21674,0,0.5003299411077884
2014-07-12 02:00:00,19221,0,0.44538955388827184
2014-07-12 02:30:00,16140,0,0.46057448521928696
2014-07-12 03:00:00,13371,0,0.5068823401245813
2014-07-12 03:30:00,12041,0,0.5293268528637192
2014-07-12 04:00:00,10301,0,0.5478057521121756
2014-07-12 04:30:00,6472,0,0.522473724844372
2014-07-12 05:00:00,4507,0,0.5265274233525993
2014-07-12 05:30:00,3682,0,0.5376981198637711
2014-07-12 06:00:00,3422,0,0.5474602287099235
2014-07-12 06:30:00,4554,0,0.5314332786375503
2014-07-12 07:00:00,5347,0,0.5436562782618476
2014-07-12 07:30:00,6853,0,0.5270098292868526
2014-07-12 08:00:00,7107,0,0.5408988733510849
2014-07-12 08:30:00,9463,1,0.5610053056867791
2014-07-12 09:00:00,11022,0,0.546069624365012
2014-07-12 09:30:00,13393,0,0.5066696258128339
2014-07-12 10:00:00,13567,0,0.49692345685867295
2014-07-12 10:30:00,15452,0,0.45918075190931323
2014-07-12 11:00:00,15525,0,0.4629430936701758
2014-07-12 11:30:00,17165,0,0.43727375232189136
2014-07-12 12:00:00,17263,0,0.4351936442683039
2014-07-12 12:30:00,18418,0,0.4373429776081889
2014-07-12 13:00:00,18578,0,0.4346705081149643
2014-07-12 13:30:00,18762,0,0.43994745719116696
2014-07-12 14:00:00,18076,0,0.4349281951325938
2014-07-12 14:30:00,18604,0,0.43558046505941883
2014-07-12 15:00:00,18580,0,0.4339866883151625
2014-07-12 15:30:00,19306,0,0.4453200649496689
2014-07-12 16:00:00,18140,0,0.4364225582571954
2014-07-12 16:30:00,17455,0,0.42695422242541087
2014-07-12 17:00:00,18980,0,0.44063334435626583
2014-07-12 17:30:00,21152,0,0.4931474287085847
2014-07-12 18:00:00,22483,0,0.4985754624503793
2014-07-12 18:30:00,22534,0,0.4962716751215011
2014-07-12 19:00:00,22801,0,0.49862359937021583
2014-07-12 19:30:00,22117,0,0.49953804166362875
2014-07-12 20:00:00,19864,0,0.467378820062351
2014-07-12 20:30:00,19494,0,0.45362304469745707
2014-07-12 21:00:00,20607,0,0.4888376953017113
2014-07-12 21:30:00,20627,0,0.48817666085957084
2014-07-12 22:00:00,21706,0,0.5033972730604102
2014-07-12 22:30:00,24243,0,0.5328912491983466
2014-07-12 23:00:00,25204,1,0.5619323272021449
2014-07-12 23:30:00,25752,1,0.5628642142799986
2014-07-13 00:00:00,25792,1,0.5609633003007061
2014-07-13 00:30:00,25033,1,0.5526370036111686
2014-07-13 01:00:00,23935,0,0.5162168921066935
2014-07-13 01:30:00,21440,0,0.48436034645630593
2014-07-13 02:00:00,19468,0,0.45436186248441335
2014-07-13 02:30:00,16622,0,0.4595760823480292
2014-07-13 03:00:00,14485,0,0.48620346017189586
2014-07-13 03:30:00,12974,0,0.5193964500746234
2014-07-13 04:00:00,11191,0,0.5499515030771204
2014-07-13 04:30:00,6911,0,0.529185005745999
2014-07-13 05:00:00,4410,0,0.5213993036784378
2014-07-13 05:30:00,3467,0,0.5440148617613336
2014-07-13 06:00:00,3429,0,0.5456226956951162
2014-07-13 06:30:00,3599,0,0.5396064037906567
2014-07-13 07:00:00,3575,0,0.5413274915208577
2014-07-13 07:30:00,4557,0,0.5317929607855388
2014-07-13 08:00:00,5243,0,0.542896802168517
2014-07-13 08:30:00,6588,0,0.524921536405342
2014-07-13 09:00:00,8009,1,0.5578517124332715
2014-07-13 09:30:00,10743,0,0.5417260040605181
2014-07-13 10:00:00,13524,0,0.5002628143799673
2014-07-13 10:30:00,16179,0,0.4568492811402247
2014-07-13 11:00:00,14905,0,0.47267944796967426
2014-07-13 11:30:00,16916,0,0.44219160784622946
2014-07-13 12:00:00,17082,0,0.43592717521848356
2014-07-13 12:30:00,18606,0,0.43617522958121285
2014-07-13 13:00:00,18935,0,0.439349958322324
2014-07-13 13:30:00,20175,0,0.473897290695942
2014-07-13 14:00:00,22219,0,0.5022103111235908
2014-07-13 14:30:00,22868,0,0.5021081488667231
2014-07-13 15:00:00,20375,0,0.4760625275391421
2014-07-13 15:30:00,18489,0,0.43381263474549736
2014-07-13 16:00:00,16187,0,0.4580873475888724
2014-07-13 16:30:00,14015,0,0.48699859400815887
2014-07-13 17:00:00,14261,0,0.49851589919954625
2014-07-13 17:30:00,20081,0,0.46892751619771256
2014-07-13 18:00:00,21503,0,0.48712328794661464
2014-07-13 18:30:00,19850,0,0.46705522676634503
2014-07-13 19:00:00,18383,0,0.43990753501771834
2014-07-13 19:30:00,17640,0,0.43094057465046404
2014-07-13 20:00:00,16225,0,0.45668158284713883
2014-07-13 20:30:00,15566,0,0.4638964105932215
2014-07-13 21:00:00,17088,0,0.43592717521848356
2014-07-13 21:30:00,16968,0,0.4370068957949942
2014-07-13 22:00:00,15271,0,0.4608366914865177
2014-07-13 22:30:00,14141,0,0.4886654669459836
2014-07-13 23:00:00,12851,0,0.5231912798962389
2014-07-13 23:30:00,13877,0,0.49311433632140816
2014-07-14 00:00:00,12484,0,0.5327104466636416
2014-07-14 00:30:00,9037,0,0.5517293826480167
2014-07-14 01:00:00,7393,0,0.5469683401024648
2014-07-14 01:30:00,5176,0,0.5449626523944221
2014-07-14 02:00:00,3479,0,0.5438689794338034
2014-07-14 02:30:00,2755,0,0.5312928674812272
2014-07-14 03:00:00,2027,1,0.5699996637546358
2014-07-14 03:30:00,1769,1,0.6354923265276052
2014-07-14 04:00:00,2091,1,0.5604370044789189
2014-07-14 04:30:00,2553,0,0.5355537791162867
2014-07-14 05:00:00,2853,0,0.5377023079534032
2014-07-14 05:30:00,4835,0,0.5404569943138116
2014-07-14 06:00:00,6603,0,0.5250861726780596
2014-07-14 06:30:00,11230,0,0.5510679153409469
2014-07-14 07:00:00,13395,0,0.5074248323051106
2014-07-14 07:30:00,15650,0,0.4655221243164621
2014-07-14 08:00:00,17601,0,0.43332147095052803
2014-07-14 08:30:00,18818,0,0.4445823113842209
2014-07-14 09:00:00,18515,0,0.4347562005174239
2014-07-14 09:30:00,16972,0,0.4370068957949942
2014-07-14 10:00:00,15316,0,0.46077912085675515
2014-07-14 10:30:00,16003,0,0.4580689857078311
2014-07-14 11:00:00,14818,0,0.4721073599567819
2014-07-14 11:30:00,15610,0,0.465744143793515
2014-07-14 12:00:00,16536,0,0.45761364316990133
2014-07-14 12:30:00,16153,0,0.45896560881280735
2014-07-14 13:00:00,15548,0,0.4626299786449566
2014-07-14 13:30:00,16500,0,0.45483351460672866
2014-07-14 14:00:00,16726,0,0.45058581038988343
2014-07-14 14:30:00,16838,0,0.44837224295009975
2014-07-14 15:00:00,16550,0,0.4573041327584037
2014-07-14 15:30:00,16621,0,0.4595760823480292
2014-07-14 16:00:00,15657,0,0.4625355162995851
2014-07-14 16:30:00,15334,0,0.4615051566884079
2014-07-14 17:00:00,17584,0,0.4322863871796884
2014-07-14 17:30:00,20903,0,0.4900109559265254
2014-07-14 18:00:00,21968,0,0.5020901452723249
2014-07-14 18:30:00,26945,1,0.6492113709938288
2014-07-14 19:00:00,24416,0,0.5381615607742178
2014-07-14 19:30:00,22401,0,0.5034515662403735
2014-07-14 20:00:00,23549,0,0.5047882557246988
2014-07-14 20:30:00,21498,0,0.48712328794661464
2014-07-14 21:00:00,23114,0,0.5062095629752487
2014-07-14 21:30:00,23341,0,0.5078648342263699
2014-07-14 22:00:00,22141,0,0.5008415243347808
2014-07-14 22:30:00,19110,0,0.43901239124428554
2014-07-14 23:00:00,16682,0,0.4505410533594504
2014-07-14 23:30:00,12631,0,0.5274597526484401
2014-07-15 00:00:00,10089,1,0.5540580679885309
2014-07-15 00:30:00,8553,1,0.5562599407913679
2014-07-15 01:00:00,6416,0,0.5292083822180451
2014-07-15 01:30:00,4694,0,0.5371860708120773
2014-07-15 02:00:00,3933,0,0.538752774430424
2014-07-15 02:30:00,2833,0,0.5362265157967462
2014-07-15 03:00:00,2089,1,0.5604370044789189
2014-07-15 03:30:00,1896,1,0.6037962843098691
2014-07-15 04:00:00,2055,1,0.5660336093192397
2014-07-15 04:30:00,2031,1,0.5680655563870177
2014-07-15 05:00:00,2449,0,0.5374079445679901
2014-07-15 05:30:00,4360,0,0.522150306977941
2014-07-15 06:00:00,7036,0,0.5373907699433406
2014-07-15 06:30:00,11730,0,0.5445038061414958
2014-07-15 07:00:00,14387,0,0.4974538660592838
2014-07-15 07:30:00,17505,0,0.42828651476859136
2014-07-15 08:00:00,19091,0,0.4395451721182221
2014-07-15 08:30:00,21057,0,0.4913540371463968
2014-07-15 09:00:00,20050,0,0.4693372053814556
2014-07-15 09:30:00,18637,0,0.4378862399755017
2014-07-15 10:00:00,17555,0,0.4309621751803253
2014-07-15 10:30:00,17595,0,0.43273550873940914
2014-07-15 11:00:00,16312,0,0.4559557175040562
2014-07-15 11:30:00,18232,0,0.43443562946327896
2014-07-15 12:00:00,18446,0,0.43479106823897984
2014-07-15 12:30:00,18204,0,0.436593647710892
2014-07-15 13:00:00,17607,0,0.43411572915429236
2014-07-15 13:30:00,18945,0,0.439541512671856
2014-07-15 14:00:00,22208,0,0.5026207369278074
2014-07-15 14:30:00,21574,0,0.4931940163491743
2014-07-15 15:00:00,17299,0,0.4337714908578045
2014-07-15 15:30:00,15515,0,0.4627671217435791
2014-07-15 16:00:00,13246,0,0.5099079421304794
2014-07-15 16:30:00,12328,0,0.5350629597287128
2014-07-15 17:00:00,15342,0,0.46397469269923597
2014-07-15 17:30:00,18730,0,0.4392822224214444
2014-07-15 18:00:00,23412,0,0.5093148656308594
2014-07-15 18:30:00,26340,1,0.5985721879119774
2014-07-15 19:00:00,27167,1,0.6688602786456413
2014-07-15 19:30:00,26279,1,0.5978689754556263
2014-07-15 20:00:00,23392,0,0.5076496233096952
2014-07-15 20:30:00,21571,0,0.4931940163491743
2014-07-15 21:00:00,23477,0,0.5117672690095129
2014-07-15 21:30:00,22612,0,0.5038927272177774
2014-07-15 22:00:00,21389,0,0.4787065072252382
2014-07-15 22:30:00,19575,0,0.4575291629069223
2014-07-15 23:00:00,18165,0,0.43550489945274395
2014-07-15 23:30:00,14923,0,0.4751644744147333
2014-07-16 00:00:00,11815,0,0.5409713307725508
2014-07-16 00:30:00,9024,0,0.5517293826480167
2014-07-16 01:00:00,7363,0,0.5463270026497085
2014-07-16 01:30:00,5812,0,0.5427834758844449
2014-07-16 02:00:00,4559,0,0.5317929607855388
2014-07-16 02:30:00,3673,0,0.5373344437172567
2014-07-16 03:00:00,2830,0,0.5355013994664438
2014-07-16 03:30:00,2374,0,0.5338001904977026
2014-07-16 04:00:00,2556,0,0.5351869273781518
2014-07-16 04:30:00,2456,0,0.5382338732024806
2014-07-16 05:00:00,2486,0,0.5354959044617702
2014-07-16 05:30:00,4451,0,0.5257445623488688
2014-07-16 06:00:00,6723,0,0.5295456403125671
2014-07-16 06:30:00,12501,0,0.5319154419744199
2014-07-16 07:00:00,14763,0,0.4743069335837246
2014-07-16 07:30:00,18127,0,0.4356616006274127
2014-07-16 08:00:00,20393,0,0.4747558430904841
2014-07-16 08:30:00,20753,0,0.4896898234805958
2014-07-16 09:00:00,20124,0,0.4684398518996094
2014-07-16 09:30:00,19253,0,0.44722816191826475
2014-07-16 10:00:00,17981,0,0.43539391388421644
2014-07-16 10:30:00,17720,0,0.4331852848007494
2014-07-16 11:00:00,16525,0,0.45614786122483764
2014-07-16 11:30:00,18153,0,0.43351367595304624
2014-07-16 12:00:00,18558,0,0.43399389324349213
2014-07-16 12:30:00,17652,0,0.43104756023773827
2014-07-16 13:00:00,17292,0,0.435241395021496
2014-07-16 13:30:00,17551,0,0.4295598313063106
2014-07-16 14:00:00,17951,0,0.43305481463791917
2014-07-16 14:30:00,17909,0,0.4330790683637057
2014-07-16 15:00:00,17442,0,0.42783845935889414
2014-07-16 15:30:00,16533,0,0.45761364316990133
2014-07-16 16:00:00,14776,0,0.47462795175013417
2014-07-16 16:30:00,13462,0,0.5007125813921649
2014-07-16 17:00:00,16363,0,0.4554268793474397
2014-07-16 17:30:00,19310,0,0.44442572400364366
2014-07-16 18:00:00,22346,0,0.5023008035163073
2014-07-16 18:30:00,24408,0,0.5384502367172834
2014-07-16 19:00:00,26225,1,0.5876515242802064
2014-07-16 19:30:00,25423,1,0.562773661165084
2014-07-16 20:00:00,23811,0,0.5154205325963725
2014-07-16 20:30:00,22028,0,0.49987726241864794
2014-07-16 21:00:00,24290,0,0.5373388572726406
2014-07-16 21:30:00,24835,0,0.5446339878427003
2014-07-16 22:00:00,24269,0,0.5375964489370395
2014-07-16 22:30:00,23526,0,0.507920669083213
2014-07-16 23:00:00,21968,0,0.5020901452723249
2014-07-16 23:30:00,20137,0,0.4709075864979154
2014-07-17 00:00:00,16928,0,0.4383149950606116
2014-07-17 00:30:00,12753,0,0.5244342780448711
2014-07-17 01:00:00,10087,1,0.5536833266686944
2014-07-17 01:30:00,7881,1,0.5622556190735292
2014-07-17 02:00:00,6006,0,0.5414090208212163
2014-07-17 02:30:00,4382,0,0.523754682861144
2014-07-17 03:00:00,3676,0,0.5373344437172567
2014-07-17 03:30:00,3214,0,0.5450502834790103
2014-07-17 04:00:00,3205,0,0.5427572713129496
2014-07-17 04:30:00,2849,0,0.5397159426857056
2014-07-17 05:00:00,2887,0,0.5344338481605375
2014-07-17 05:30:00,5039,0,0.5474533135190802
2014-07-17 06:00:00,7132,0,0.5416312983391424
2014-07-17 06:30:00,12095,0,0.5261009117956115
2014-07-17 07:00:00,14558,0,0.48578717130144505
2014-07-17 07:30:00,17298,0,0.435241395021496
2014-07-17 08:00:00,19124,0,0.44068043696067916
2014-07-17 08:30:00,20407,0,0.4774660071207302
2014-07-17 09:00:00,19379,0,0.44764489498836485
2014-07-17 09:30:00,18867,0,0.44327184000181186
2014-07-17 10:00:00,17662,0,0.431339299800509
2014-07-17 10:30:00,17447,0,0.4271832454954109
2014-07-17 11:00:00,16579,0,0.4601507310891759
2014-07-17 11:30:00,18340,0,0.4410554849523992
2014-07-17 12:00:00,18760,0,0.44188115803529404
2014-07-17 12:30:00,18457,0,0.431952745207722
2014-07-17 13:00:00,17608,0,0.43411572915429236
2014-07-17 13:30:00,18913,0,0.44020998456191046
2014-07-17 14:00:00,19122,0,0.4409786962013291
2014-07-17 14:30:00,19547,0,0.4578853599256549
2014-07-17 15:00:00,17267,0,0.43587726349823663
2014-07-17 15:30:00,15916,0,0.4619754712383261
2014-07-17 16:00:00,13836,0,0.49546548429101206
2014-07-17 16:30:00,11985,0,0.5298743538605191
2014-07-17 17:00:00,14313,0,0.496276741974675
2014-07-17 17:30:00,17988,0,0.4364772515983226
2014-07-17 18:00:00,21181,0,0.4896232143175584
2014-07-17 18:30:00,23539,0,0.5051299041148107
2014-07-17 19:00:00,24714,0,0.5408529099442132
2014-07-17 19:30:00,25079,1,0.5543099044019437
2014-07-17 20:00:00,23032,0,0.5024450397309471
2014-07-17 20:30:00,21168,0,0.4917631007441651
2014-07-17 21:00:00,25514,1,0.5588082231284309
2014-07-17 21:30:00,26286,1,0.5974646023007242
2014-07-17 22:00:00,25650,1,0.5595228323511089
2014-07-17 22:30:00,24850,0,0.544341996643988
2014-07-17 23:00:00,23869,0,0.5175773756818554
2014-07-17 23:30:00,22913,0,0.5054194032126537
2014-07-18 00:00:00,20850,0,0.49118532328018244
2014-07-18 00:30:00,16734,0,0.4513380724425802
2014-07-18 01:00:00,14106,0,0.48756146933644373
2014-07-18 01:30:00,11587,0,0.5425667667204632
2014-07-18 02:00:00,8951,0,0.5524985456704586
2014-07-18 02:30:00,7199,0,0.5396234360791794
2014-07-18 03:00:00,6051,0,0.5423113959674475
2014-07-18 03:30:00,4693,0,0.536459656916304
2014-07-18 04:00:00,4507,0,0.5265274233525993
2014-07-18 04:30:00,3791,0,0.5359481208977881
2014-07-18 05:00:00,3586,0,0.5410687429287226
2014-07-18 05:30:00,4918,0,0.5429025433881297
2014-07-18 06:00:00,7039,0,0.5377005138028799
2014-07-18 06:30:00,11262,0,0.5486494649018119
2014-07-18 07:00:00,13725,0,0.49860637339409797
2014-07-18 07:30:00,15899,0,0.46408976719291933
2014-07-18 08:00:00,17329,0,0.43186714379380686
2014-07-18 08:30:00,19757,0,0.4685000596093517
2014-07-18 09:00:00,19341,0,0.44646477834042364
2014-07-18 09:30:00,17660,0,0.431339299800509
2014-07-18 10:00:00,16532,0,0.45761364316990133
2014-07-18 10:30:00,16354,0,0.4557704917510183
2014-07-18 11:00:00,16054,0,0.4580199345811589
2014-07-18 11:30:00,17326,0,0.4324781950418447
2014-07-18 12:00:00,17463,0,0.42695422242541087
2014-07-18 12:30:00,17091,0,0.43592717521848356
2014-07-18 13:00:00,16668,0,0.452430897403763
2014-07-18 13:30:00,17096,0,0.4366615408431457
2014-07-18 14:00:00,17811,0,0.4332703891512213
2014-07-18 14:30:00,17980,0,0.43539391388421644
2014-07-18 15:00:00,17080,0,0.43592717521848356
2014-07-18 15:30:00,15185,0,0.46813828280550646
2014-07-18 16:00:00,13538,0,0.4979979536668141
2014-07-18 16:30:00,12704,0,0.5282926608562453
2014-07-18 17:00:00,15019,0,0.47120522730072917
2014-07-18 17:30:00,18778,0,0.43868960385708006
2014-07-18 18:00:00,21583,0,0.4931940163491743
2014-07-18 18:30:00,23834,0,0.5157776351817066
2014-07-18 19:00:00,25123,1,0.5637556531441967
2014-07-18 19:30:00,24762,0,0.5447420991762862
2014-07-18 20:00:00,22761,0,0.49540205671704296
2014-07-18 20:30:00,22227,0,0.5022103111235908
2014-07-18 21:00:00,23985,0,0.5228673256669897
2014-07-18 21:30:00,23788,0,0.5138456014204745
2014-07-18 22:00:00,23855,0,0.515007900626784
2014-07-18 22:30:00,26040,1,0.5654719374099099
2014-07-18 23:00:00,25863,1,0.5640318122597628
2014-07-18 23:30:00,25851,1,0.5629998595706858
2014-07-19 00:00:00,26100,1,0.5771926840200453
2014-07-19 00:30:00,24625,0,0.5374106418567758
2014-07-19 01:00:00,22657,0,0.49666867444898705
2014-07-19 01:30:00,20289,0,0.4771039333249016
2014-07-19 02:00:00,18524,0,0.43426116888612726
2014-07-19 02:30:00,15943,0,0.45887119854124137
2014-07-19 03:00:00,13179,0,0.5119301491199435
2014-07-19 03:30:00,12423,0,0.530363278112752
2014-07-19 04:00:00,10478,0,0.5502505536013413
2014-07-19 04:30:00,6556,0,0.5219627308302451
2014-07-19 05:00:00,4561,0,0.5321528863718907
2014-07-19 05:30:00,3513,0,0.5404566454062336
2014-07-19 06:00:00,3607,0,0.5396064037906567
2014-07-19 06:30:00,4781,0,0.5366291959705627
2014-07-19 07:00:00,5423,0,0.5489673837253809
2014-07-19 07:30:00,6669,0,0.5300105937418658
2014-07-19 08:00:00,7064,0,0.5373368360372067
2014-07-19 08:30:00,9363,1,0.555878210657631
2014-07-19 09:00:00,10874,0,0.5397853386846255
2014-07-19 09:30:00,13255,0,0.5095630620786055
2014-07-19 10:00:00,13164,0,0.5120832644043675
2014-07-19 10:30:00,15159,0,0.4714448848653268
2014-07-19 11:00:00,16030,0,0.4571955714178215
2014-07-19 11:30:00,18256,0,0.4397315037307849
2014-07-19 12:00:00,17751,0,0.4362938306912948
2014-07-19 12:30:00,17675,0,0.4311500215972047
2014-07-19 13:00:00,18557,0,0.43399389324349213
2014-07-19 13:30:00,18389,0,0.43990753501771834
2014-07-19 14:00:00,17538,0,0.4297620242576932
2014-07-19 14:30:00,17506,0,0.42828651476859136
2014-07-19 15:00:00,17580,0,0.43199400704728247
2014-07-19 15:30:00,18027,0,0.43484707867393085
2014-07-19 16:00:00,16959,0,0.43686636610684165
2014-07-19 16:30:00,17066,0,0.43761460278529724
2014-07-19 17:00:00,18155,0,0.43351367595304624
2014-07-19 17:30:00,20610,0,0.4888376953017113
2014-07-19 18:00:00,20793,0,0.48834905337019924
2014-07-19 18:30:00,21584,0,0.49414649918474585
2014-07-19 19:00:00,23493,0,0.5107808215888733
2014-07-19 19:30:00,22555,0,0.49660755935997264
2014-07-19 20:00:00,20183,0,0.4739637920753732
2014-07-19 20:30:00,20441,0,0.47820827600544025
2014-07-19 21:00:00,21555,0,0.49108938167096283
2014-07-19 21:30:00,22406,0,0.5034515662403735
2014-07-19 22:00:00,22512,0,0.496983894413725
2014-07-19 22:30:00,24667,0,0.5373879617882555
2014-07-19 23:00:00,25424,1,0.562773661165084
2014-07-19 23:30:00,25852,1,0.5629998595706858
2014-07-20 00:00:00,25137,1,0.5611617127630442
2014-07-20 00:30:00,24099,0,0.5331654194734844
2014-07-20 01:00:00,23058,0,0.5015171515825853
2014-07-20 01:30:00,20786,0,0.4908286076440891
2014-07-20 02:00:00,19217,0,0.44538955388827184
2014-07-20 02:30:00,16329,0,0.45598787035121713
2014-07-20 03:00:00,14293,0,0.49652910822350776
2014-07-20 03:30:00,13193,0,0.5108804731056895
2014-07-20 04:00:00,11166,0,0.5492078270297638
2014-07-20 04:30:00,7518,1,0.5564414653512137
2014-07-20 05:00:00,4877,0,0.5428934380392265
2014-07-20 05:30:00,3639,0,0.53841954346018
2014-07-20 06:00:00,3412,0,0.5488117443693142
2014-07-20 06:30:00,3827,0,0.5375342106822099
2014-07-20 07:00:00,3922,0,0.5368908281983052
2014-07-20 07:30:00,5241,0,0.542896802168517
2014-07-20 08:00:00,5601,0,0.5467016603843543
2014-07-20 08:30:00,7147,0,0.5419978826623972
2014-07-20 09:00:00,8425,1,0.5530972807346775
2014-07-20 09:30:00,10951,0,0.5416742960215543
2014-07-20 10:00:00,11800,0,0.5441795701926279
2014-07-20 10:30:00,13936,0,0.49666249421473246
2014-07-20 11:00:00,14835,0,0.47106877242094725
2014-07-20 11:30:00,16412,0,0.4501053200654296
2014-07-20 12:00:00,16763,0,0.45368623678709746
2014-07-20 12:30:00,17613,0,0.43334423998609295
2014-07-20 13:00:00,17439,0,0.42783845935889414
2014-07-20 13:30:00,17921,0,0.43135108292246654
2014-07-20 14:00:00,18605,0,0.43617522958121285
2014-07-20 14:30:00,18113,0,0.43454625731005037
2014-07-20 15:00:00,17579,0,0.43199400704728247
2014-07-20 15:30:00,16927,0,0.4394854142079324
2014-07-20 16:00:00,16526,0,0.45723996887889123
2014-07-20 16:30:00,16956,0,0.4365708882714202
2014-07-20 17:00:00,17381,0,0.429514184927324
2014-07-20 17:30:00,19232,0,0.44681229470842726
2014-07-20 18:00:00,19127,0,0.4408181253968806
2014-07-20 18:30:00,19404,0,0.4507941040552224
2014-07-20 19:00:00,18812,0,0.4445823113842209
2014-07-20 19:30:00,18253,0,0.4397315037307849
2014-07-20 20:00:00,16497,0,0.45153028406714174
2014-07-20 20:30:00,16681,0,0.4505410533594504
2014-07-20 21:00:00,17334,0,0.430327660397524
2014-07-20 21:30:00,17674,0,0.4311500215972047
2014-07-20 22:00:00,16469,0,0.45192125184439874
2014-07-20 22:30:00,15128,0,0.47302105966527264
2014-07-20 23:00:00,13973,0,0.49212277962292095
2014-07-20 23:30:00,12040,0,0.5293268528637192
2014-07-21 00:00:00,9494,1,0.5583546080440777
2014-07-21 00:30:00,6963,0,0.5310027268583825
2014-07-21 01:00:00,5611,0,0.5463318946258429
2014-07-21 01:30:00,4140,0,0.5415126514642941
2014-07-21 02:00:00,3370,0,0.5468368675485052
2014-07-21 02:30:00,2625,0,0.5313371341620129
2014-07-21 03:00:00,2093,1,0.561060829855564
2014-07-21 03:30:00,1854,1,0.6194707253421755
2014-07-21 04:00:00,2482,0,0.5378017662755834
2014-07-21 04:30:00,2529,0,0.5401370544093047
2014-07-21 05:00:00,2968,0,0.5469384729002086
2014-07-21 05:30:00,4540,0,0.5303556911778079
2014-07-21 06:00:00,6868,0,0.526610757456433
2014-07-21 06:30:00,10765,0,0.5413596036243898
2014-07-21 07:00:00,13095,0,0.5160066546498395
2014-07-21 07:30:00,15651,0,0.4655221243164621
2014-07-21 08:00:00,17427,0,0.42664078152208984
2014-07-21 08:30:00,18637,0,0.4378862399755017
2014-07-21 09:00:00,18614,0,0.4380334403541918
2014-07-21 09:30:00,17187,0,0.43409861097306823
2014-07-21 10:00:00,15281,0,0.46162979850018715
2014-07-21 10:30:00,15505,0,0.4619852636318392
2014-07-21 11:00:00,15168,0,0.4714448848653268
2014-07-21 11:30:00,15813,0,0.4662147270734945
2014-07-21 12:00:00,15979,0,0.45917446242880156
2014-07-21 12:30:00,16314,0,0.4559557175040562
2014-07-21 13:00:00,16002,0,0.4580689857078311
2014-07-21 13:30:00,16845,0,0.4473650153554639
2014-07-21 14:00:00,17009,0,0.4370027106702383
2014-07-21 14:30:00,17302,0,0.4331844014905984
2014-07-21 15:00:00,16649,0,0.4569034590061629
2014-07-21 15:30:00,16857,0,0.4479707872144421
2014-07-21 16:00:00,15733,0,0.46727049795011255
2014-07-21 16:30:00,15537,0,0.4626299786449566
2014-07-21 17:00:00,17362,0,0.4274045253651876
2014-07-21 17:30:00,19639,0,0.4594648363131314
2014-07-21 18:00:00,22891,0,0.5012478973129569
2014-07-21 18:30:00,22920,0,0.5054194032126537
2014-07-21 19:00:00,22941,0,0.5038267992813502
2014-07-21 19:30:00,21849,0,0.501012267028945
2014-07-21 20:00:00,20483,0,0.486678712057195
2014-07-21 20:30:00,18868,0,0.4436340989944882
2014-07-21 21:00:00,20235,0,0.4807201796185254
2014-07-21 21:30:00,20658,0,0.4833676288653489
2014-07-21 22:00:00,20751,0,0.4884632875027971
2014-07-21 22:30:00,18642,0,0.4380479142102818
2014-07-21 23:00:00,16106,0,0.45990804745207353
2014-07-21 23:30:00,13303,0,0.5076545060311507
2014-07-22 00:00:00,10611,0,0.5505224798154679
2014-07-22 00:30:00,8009,1,0.5578517124332715
2014-07-22 01:00:00,6210,0,0.540141949135285
2014-07-22 01:30:00,4830,0,0.5415551058063257
2014-07-22 02:00:00,3753,0,0.5336549582526408
2014-07-22 02:30:00,2962,0,0.5451591068605528
2014-07-22 03:00:00,2379,0,0.5312695281971727
2014-07-22 03:30:00,2114,1,0.5556154869026572
2014-07-22 04:00:00,2232,0,0.5364343601419508
2014-07-22 04:30:00,2090,1,0.5604370044789189
2014-07-22 05:00:00,2532,0,0.5375414477654605
2014-07-22 05:30:00,4492,0,0.5265274233525993
2014-07-22 06:00:00,6830,0,0.5285265434972607
2014-07-22 06:30:00,11269,0,0.5486494649018119
2014-07-22 07:00:00,13635,0,0.49337190917068413
2014-07-22 07:30:00,16356,0,0.4557704917510183
2014-07-22 08:00:00,18449,0,0.43375224936497214
2014-07-22 08:30:00,20054,0,0.46751521060624723
2014-07-22 09:00:00,19462,0,0.45192168642110603
2014-07-22 09:30:00,19016,0,0.4406466667435743
2014-07-22 10:00:00,17349,0,0.4288626209646011
2014-07-22 10:30:00,17684,0,0.43185863855441553
2014-07-22 11:00:00,17412,0,0.42824166172281336
2014-07-22 11:30:00,17854,0,0.4359337596957192
2014-07-22 12:00:00,18649,0,0.4377516372259601
2014-07-22 12:30:00,19970,0,0.47303473868502915
2014-07-22 13:00:00,19168,0,0.4435097345038223
2014-07-22 13:30:00,19270,0,0.4478406446845759
2014-07-22 14:00:00,19463,0,0.45360763981360075
2014-07-22 14:30:00,18999,0,0.44072379194805045
2014-07-22 15:00:00,17998,0,0.4364160099174031
2014-07-22 15:30:00,17209,0,0.43368554675763876
2014-07-22 16:00:00,15581,0,0.465718080380798
2014-07-22 16:30:00,14846,0,0.4704242340620837
2014-07-22 17:00:00,17832,0,0.43452579512593426
2014-07-22 17:30:00,21545,0,0.49123979713672294
2014-07-22 18:00:00,24769,0,0.5447420991762862
2014-07-22 18:30:00,25573,1,0.559308915293946
2014-07-22 19:00:00,26243,1,0.5912408140934095
2014-07-22 19:30:00,25057,1,0.5529215132040897
2014-07-22 20:00:00,23381,0,0.5079751298208693
2014-07-22 20:30:00,22148,0,0.5017408684490985
2014-07-22 21:00:00,24590,0,0.538814161869982
2014-07-22 21:30:00,24168,0,0.5377964970881801
2014-07-22 22:00:00,23364,0,0.5083682188293424
2014-07-22 22:30:00,23272,0,0.5084324313557471
2014-07-22 23:00:00,19939,0,0.47216116387966456
2014-07-22 23:30:00,17316,0,0.43378894519208844
2014-07-23 00:00:00,13369,0,0.5068823401245813
2014-07-23 00:30:00,10390,0,0.5473801359191086
2014-07-23 01:00:00,7994,1,0.556720556305347
2014-07-23 01:30:00,5889,0,0.5387446493435724
2014-07-23 02:00:00,4711,0,0.5371106987787752
2014-07-23 02:30:00,3757,0,0.532572865892304
2014-07-23 03:00:00,3066,0,0.5446811458423163
2014-07-23 03:30:00,2647,0,0.5339777041352815
2014-07-23 04:00:00,2645,0,0.5339777041352815
2014-07-23 04:30:00,2411,0,0.536018176964948
2014-07-23 05:00:00,2600,0,0.5305343483084051
2014-07-23 05:30:00,4483,0,0.527531652128422
2014-07-23 06:00:00,6956,0,0.5310027268583825
2014-07-23 06:30:00,11788,0,0.5445478792251374
2014-07-23 07:00:00,14098,0,0.48760513423819396
2014-07-23 07:30:00,17141,0,0.4380381214488359
2014-07-23 08:00:00,19124,0,0.44068043696067916
2014-07-23 08:30:00,20604,0,0.4890508260531236
2014-07-23 09:00:00,20114,0,0.46627331375282177
2014-07-23 09:30:00,19641,0,0.4594648363131314
2014-07-23 10:00:00,18423,0,0.43629806161809226
2014-07-23 10:30:00,18480,0,0.4326873370441484
2014-07-23 11:00:00,18318,0,0.4395128095644054
2014-07-23 11:30:00,19378,0,0.44764489498836485
2014-07-23 12:00:00,19585,0,0.45819468350726555
2014-07-23 12:30:00,19614,0,0.46129176361881874
2014-07-23 13:00:00,19295,0,0.44707207021331674
2014-07-23 13:30:00,19850,0,0.46705522676634503
2014-07-23 14:00:00,20120,0,0.46690468912275207
2014-07-23 14:30:00,19621,0,0.4611897107427819
2014-07-23 15:00:00,18809,0,0.4445823113842209
2014-07-23 15:30:00,17731,0,0.43672729415597467
2014-07-23 16:00:00,15483,0,0.4590602824218722
2014-07-23 16:30:00,15112,0,0.473950116754909
2014-07-23 17:00:00,18183,0,0.43615461430937086
2014-07-23 17:30:00,21187,0,0.4890101959599616
2014-07-23 18:00:00,24034,0,0.5267022535755882
2014-07-23 18:30:00,25411,1,0.562773661165084
2014-07-23 19:00:00,26528,1,0.6030595465420389
2014-07-23 19:30:00,26022,1,0.5674677504531788
2014-07-23 20:00:00,23253,0,0.5063316411823091
2014-07-23 20:30:00,25665,1,0.5586878134806668
2014-07-23 21:00:00,26600,1,0.6112794889585934
2014-07-23 21:30:00,24757,0,0.5443736587816596
2014-07-23 22:00:00,24337,0,0.5382182318346308
2014-07-23 22:30:00,24294,0,0.5384633540177368
2014-07-23 23:00:00,22087,0,0.5003348697364293
2014-07-23 23:30:00,19064,0,0.4405278166130856
2014-07-24 00:00:00,15542,0,0.4626299786449566
2014-07-24 00:30:00,12026,0,0.5286110666543992
2014-07-24 01:00:00,8678,1,0.5561862479182877
2014-07-24 01:30:00,7042,0,0.5373368360372067
2014-07-24 02:00:00,5355,0,0.5440242331223976
2014-07-24 02:30:00,4129,0,0.5425015500649135
2014-07-24 03:00:00,3109,0,0.5435664067204468
2014-07-24 03:30:00,2534,0,0.5375414477654605
2014-07-24 04:00:00,2788,0,0.5356887671934051
2014-07-24 04:30:00,2507,0,0.53750191938283
2014-07-24 05:00:00,2671,0,0.5343604563298403
2014-07-24 05:30:00,4445,0,0.5249599533834957
2014-07-24 06:00:00,7163,0,0.5408988733510849
2014-07-24 06:30:00,11942,0,0.5292086712292298
2014-07-24 07:00:00,14544,0,0.4845784637612288
2014-07-24 07:30:00,17435,0,0.4269640949280598
2014-07-24 08:00:00,19254,0,0.44722816191826475
2014-07-24 08:30:00,20518,0,0.48380833703158305
2014-07-24 09:00:00,20003,0,0.47348447144154526
2014-07-24 09:30:00,19642,0,0.4594648363131314
2014-07-24 10:00:00,17626,0,0.4323676272001333
2014-07-24 10:30:00,18194,0,0.4358596178726031
2014-07-24 11:00:00,16975,0,0.4370068957949942
2014-07-24 11:30:00,18125,0,0.43439706475393136
2014-07-24 12:00:00,18555,0,0.43399389324349213
2014-07-24 12:30:00,18356,0,0.44162615476410744
2014-07-24 13:00:00,17683,0,0.43185863855441553
2014-07-24 13:30:00,18298,0,0.43755292798298423
2014-07-24 14:00:00,18613,0,0.4380334403541918
2014-07-24 14:30:00,18548,0,0.4348584550500753
2014-07-24 15:00:00,17742,0,0.4362824092282122
2014-07-24 15:30:00,16312,0,0.4559557175040562
2014-07-24 16:00:00,14782,0,0.4749015200766535
2014-07-24 16:30:00,13614,0,0.49249002015731824
2014-07-24 17:00:00,16220,0,0.45668158284713883
2014-07-24 17:30:00,18901,0,0.44188147670191874
2014-07-24 18:00:00,21794,0,0.5051735051457575
2014-07-24 18:30:00,23933,0,0.517090454382149
2014-07-24 19:00:00,25474,1,0.560748969478066
2014-07-24 19:30:00,24985,0,0.5524622077395096
2014-07-24 20:00:00,22877,0,0.5033689472216607
2014-07-24 20:30:00,22518,0,0.4962716751215011
2014-07-24 21:00:00,25246,1,0.5577551707857554
2014-07-24 21:30:00,25871,1,0.5628091464786401
2014-07-24 22:00:00,25324,1,0.5621726172066112
2014-07-24 22:30:00,25738,1,0.5636829549421661
2014-07-24 23:00:00,24763,0,0.5447420991762862
2014-07-24 23:30:00,23158,0,0.5065456311727308
2014-07-25 00:00:00,20525,0,0.48344197900958435
2014-07-25 00:30:00,17608,0,0.43411572915429236
2014-07-25 01:00:00,14436,0,0.4921529752853797
2014-07-25 01:30:00,11145,0,0.5440964675052865
2014-07-25 02:00:00,8915,0,0.5521248591452107
2014-07-25 02:30:00,7244,0,0.5404737045320221
2014-07-25 03:00:00,5856,0,0.540738821409528
2014-07-25 03:30:00,4953,0,0.5407878550915484
2014-07-25 04:00:00,4546,0,0.5303556911778079
2014-07-25 04:30:00,3589,0,0.5407786631423704
2014-07-25 05:00:00,3516,0,0.5404566454062336
2014-07-25 05:30:00,5087,0,0.5486842168342405
2014-07-25 06:00:00,7102,0,0.5416312983391425
2014-07-25 06:30:00,10887,0,0.5394969467959381
2014-07-25 07:00:00,12988,0,0.5173960740165557
2014-07-25 07:30:00,15831,0,0.46851309049219286
2014-07-25 08:00:00,17326,0,0.4324781950418447
2014-07-25 08:30:00,19179,0,0.4456062966097014
2014-07-25 09:00:00,18805,0,0.44421927810826495
2014-07-25 09:30:00,17730,0,0.43672729415597467
2014-07-25 10:00:00,16439,0,0.45110265517826725
2014-07-25 10:30:00,16401,0,0.4511090984520582
2014-07-25 11:00:00,16240,0,0.45603168388681337
2014-07-25 11:30:00,17487,0,0.42809702508801495
2014-07-25 12:00:00,17622,0,0.4323676272001333
2014-07-25 12:30:00,17313,0,0.43378894519208844
2014-07-25 13:00:00,16647,0,0.4569034590061629
2014-07-25 13:30:00,16627,0,0.45885308131907093
2014-07-25 14:00:00,17646,0,0.4311325987165036
2014-07-25 14:30:00,17694,0,0.4316591261588896
2014-07-25 15:00:00,17661,0,0.431339299800509
2014-07-25 15:30:00,15842,0,0.4668546480389464
2014-07-25 16:00:00,14950,0,0.4731152760608271
2014-07-25 16:30:00,13473,0,0.50078284572584
2014-07-25 17:00:00,16633,0,0.45712838287468377
2014-07-25 17:30:00,19501,0,0.4534599759104684
2014-07-25 18:00:00,22009,0,0.49944190899805235
2014-07-25 18:30:00,23891,0,0.5154872638476776
2014-07-25 19:00:00,25196,1,0.5623915601613233
2014-07-25 19:30:00,24427,0,0.537851551327303
2014-07-25 20:00:00,22357,0,0.5020687478674507
2014-07-25 20:30:00,22460,0,0.50087595589502
2014-07-25 21:00:00,24066,0,0.5307177668461396
2014-07-25 21:30:00,23690,0,0.5079790825369913
2014-07-25 22:00:00,24491,0,0.5411766220031368
2014-07-25 22:30:00,25737,1,0.5621594966806321
2014-07-25 23:00:00,26688,1,0.6192502645135869
2014-07-25 23:30:00,26230,1,0.5880492557942428
2014-07-26 00:00:00,26300,1,0.6001818305449108
2014-07-26 00:30:00,24337,0,0.5382182318346308
2014-07-26 01:00:00,23124,0,0.5067480622213643
2014-07-26 01:30:00,20675,0,0.4836167731283344
2014-07-26 02:00:00,18663,0,0.4365476496858019
2014-07-26 02:30:00,15997,0,0.4582470112331055
2014-07-26 03:00:00,13405,0,0.5048447245887646
2014-07-26 03:30:00,11921,0,0.5317210032797136
2014-07-26 04:00:00,10203,0,0.5500730334149228
2014-07-26 04:30:00,6543,0,0.5228449165424693
2014-07-26 05:00:00,4719,0,0.5374742234913029
2014-07-26 05:30:00,3853,0,0.5387646695879625
2014-07-26 06:00:00,4116,0,0.5410266759896795
2014-07-26 06:30:00,5274,0,0.5451816747816612
2014-07-26 07:00:00,5331,0,0.5429211149794924
2014-07-26 07:30:00,6830,0,0.5285265434972607
2014-07-26 08:00:00,7303,0,0.544735521303293
2014-07-26 08:30:00,9704,1,0.5623920042120658
2014-07-26 09:00:00,11209,0,0.549379873014432
2014-07-26 09:30:00,13874,0,0.4927808147504757
2014-07-26 10:00:00,14548,0,0.4859151664223364
2014-07-26 10:30:00,16204,0,0.4589100310352397
2014-07-26 11:00:00,16938,0,0.4365708882714202
2014-07-26 11:30:00,18696,0,0.43884185695259903
2014-07-26 12:00:00,17585,0,0.4322863871796884
2014-07-26 12:30:00,18538,0,0.4332939641015355
2014-07-26 13:00:00,18206,0,0.43728157521837263
2014-07-26 13:30:00,17532,0,0.42963507234296633
2014-07-26 14:00:00,17657,0,0.43104756023773827
2014-07-26 14:30:00,17943,0,0.43276375935751793
2014-07-26 15:00:00,17698,0,0.43066862328382655
2014-07-26 15:30:00,18074,0,0.4349281951325938
2014-07-26 16:00:00,16920,0,0.4396087676750597
2014-07-26 16:30:00,18262,0,0.4386051126395337
2014-07-26 17:00:00,19013,0,0.4397400881494211
2014-07-26 17:30:00,19902,0,0.4699173784125763
2014-07-26 18:00:00,20449,0,0.47820827600544025
2014-07-26 18:30:00,22190,0,0.5017408684490986
2014-07-26 19:00:00,23099,0,0.5062095629752487
2014-07-26 19:30:00,22128,0,0.5011805015168956
2014-07-26 20:00:00,20110,0,0.46627331375282177
2014-07-26 20:30:00,20261,0,0.4817645125288774
2014-07-26 21:00:00,22299,0,0.4994772097828832
2014-07-26 21:30:00,21886,0,0.5032153947968337
2014-07-26 22:00:00,22600,0,0.4998870878476269
2014-07-26 22:30:00,24667,0,0.5373879617882555
2014-07-26 23:00:00,25662,1,0.5586878134806668
2014-07-26 23:30:00,25832,1,0.5626190704032087
2014-07-27 00:00:00,25659,1,0.5586878134806668
2014-07-27 00:30:00,24748,0,0.5443736587816596
2014-07-27 01:00:00,22552,0,0.49660755935997264
2014-07-27 01:30:00,20712,0,0.48488647473064767
2014-07-27 02:00:00,19122,0,0.4409786962013291
2014-07-27 02:30:00,16777,0,0.4532330144477292
2014-07-27 03:00:00,14475,0,0.49162215584482966
2014-07-27 03:30:00,12720,0,0.5265050296612332
2014-07-27 04:00:00,11239,0,0.5513635143984593
2014-07-27 04:30:00,7087,0,0.5389878745396722
2014-07-27 05:00:00,4896,0,0.543261289821686
2014-07-27 05:30:00,3818,0,0.5353017269438952
2014-07-27 06:00:00,3449,0,0.5444722658183359
2014-07-27 06:30:00,3883,0,0.5370495464196346
2014-07-27 07:00:00,3810,0,0.5366612117137721
2014-07-27 07:30:00,5059,0,0.5489920161033586
2014-07-27 08:00:00,5476,0,0.5489122879608082
2014-07-27 08:30:00,7083,0,0.5373368360372067
2014-07-27 09:00:00,8153,0,0.5497684742461327
2014-07-27 09:30:00,10647,0,0.54988716410086
2014-07-27 10:00:00,11873,0,0.5331727812632453
2014-07-27 10:30:00,14193,0,0.4972311823741622
2014-07-27 11:00:00,14938,0,0.4749254777967243
2014-07-27 11:30:00,16488,0,0.4515522257983098
2014-07-27 12:00:00,16996,0,0.4367329439431799
2014-07-27 12:30:00,17381,0,0.429514184927324
2014-07-27 13:00:00,18173,0,0.43450798339452895
2014-07-27 13:30:00,17651,0,0.43104756023773827
2014-07-27 14:00:00,18698,0,0.43884185695259903
2014-07-27 14:30:00,18260,0,0.4385430473718656
2014-07-27 15:00:00,18181,0,0.43615461430937086
2014-07-27 15:30:00,17413,0,0.42824166172281336
2014-07-27 16:00:00,17230,0,0.4360634740212042
2014-07-27 16:30:00,18275,0,0.43793744277493274
2014-07-27 17:00:00,18883,0,0.44417960047790855
2014-07-27 17:30:00,19851,0,0.46705522676634503
2014-07-27 18:00:00,19673,0,0.4625814678983188
2014-07-27 18:30:00,20508,0,0.4849670381856324
2014-07-27 19:00:00,19557,0,0.458931411021736
2014-07-27 19:30:00,18268,0,0.43848334492072655
2014-07-27 20:00:00,16615,0,0.4592652446261103
2014-07-27 20:30:00,16969,0,0.4370068957949942
2014-07-27 21:00:00,18252,0,0.4410920277251552
2014-07-27 21:30:00,16920,0,0.4396087676750597
2014-07-27 22:00:00,16356,0,0.4557704917510183
2014-07-27 22:30:00,15567,0,0.4638964105932215
2014-07-27 23:00:00,14278,0,0.4974551274479717
2014-07-27 23:30:00,12786,0,0.5249443638497806
2014-07-28 00:00:00,10323,0,0.5485694452219815
2014-07-28 00:30:00,7645,1,0.5562137274154602
2014-07-28 01:00:00,6791,0,0.529377665953987
2014-07-28 01:30:00,5394,0,0.5486511495544413
2014-07-28 02:00:00,3694,0,0.5373117373908398
2014-07-28 02:30:00,2713,0,0.5339732708383806
2014-07-28 03:00:00,2376,0,0.5312695281971727
2014-07-28 03:30:00,2146,0,0.5492311045649226
2014-07-28 04:00:00,2250,0,0.5375770403894328
2014-07-28 04:30:00,2370,0,0.5341614746077363
2014-07-28 05:00:00,2906,0,0.535710568887151
2014-07-28 05:30:00,4477,0,0.528214610204583
2014-07-28 06:00:00,6446,0,0.5275293935317652
2014-07-28 06:30:00,9332,1,0.5544093405412054
2014-07-28 07:00:00,10577,0,0.5502273316565434
2014-07-28 07:30:00,11765,0,0.5445478792251374
2014-07-28 08:00:00,13452,0,0.501945402294411
2014-07-28 08:30:00,14290,0,0.49652910822350776
2014-07-28 09:00:00,15239,0,0.46571458566106755
2014-07-28 09:30:00,14926,0,0.4751644744147333
2014-07-28 10:00:00,14475,0,0.49162215584482966
2014-07-28 10:30:00,14435,0,0.4921529752853797
2014-07-28 11:00:00,14103,0,0.48756146933644373
2014-07-28 11:30:00,15124,0,0.4714955704928871
2014-07-28 12:00:00,15376,0,0.4620496778068899
2014-07-28 12:30:00,15758,0,0.4664777161242238
2014-07-28 13:00:00,14653,0,0.4813128032029411
2014-07-28 13:30:00,15786,0,0.46753634954094003
2014-07-28 14:00:00,15554,0,0.4638034366088853
2014-07-28 14:30:00,16332,0,0.45567945954332983
2014-07-28 15:00:00,15602,0,0.46483896473752545
2014-07-28 15:30:00,14931,0,0.4749254777967243
2014-07-28 16:00:00,13817,0,0.49647218112011837
2014-07-28 16:30:00,13611,0,0.49249002015731824
2014-07-28 17:00:00,14678,0,0.4736839140017544
2014-07-28 17:30:00,16669,0,0.452430897403763
2014-07-28 18:00:00,18171,0,0.4347584271820012
2014-07-28 18:30:00,20033,0,0.47318159852838554
2014-07-28 19:00:00,20467,0,0.4830225884720472
2014-07-28 19:30:00,20263,0,0.4817645125288774
2014-07-28 20:00:00,18901,0,0.44188147670191874
2014-07-28 20:30:00,18249,0,0.43734918164875575
2014-07-28 21:00:00,18421,0,0.4373429776081889
2014-07-28 21:30:00,17932,0,0.4331018203787625
2014-07-28 22:00:00,17568,0,0.42988273552774686
2014-07-28 22:30:00,16656,0,0.45736891305171096
2014-07-28 23:00:00,15574,0,0.4635826507849686
2014-07-28 23:30:00,13310,0,0.5076545060311507
2014-07-29 00:00:00,10468,0,0.5517417384994839
2014-07-29 00:30:00,7932,1,0.5614389515943521
2014-07-29 01:00:00,6080,0,0.5422605550845719
2014-07-29 01:30:00,4735,0,0.5353288240945722
2014-07-29 02:00:00,3834,0,0.5385694907062476
2014-07-29 02:30:00,2746,0,0.530574422713886
2014-07-29 03:00:00,2244,0,0.5378341191879823
2014-07-29 03:30:00,1940,1,0.5937495476072955
2014-07-29 04:00:00,2066,1,0.5665530547130153
2014-07-29 04:30:00,2046,1,0.5676813409975966
2014-07-29 05:00:00,2295,0,0.5384556475998582
2014-07-29 05:30:00,4533,0,0.5288052910876984
2014-07-29 06:00:00,6655,0,0.5286826633824413
2014-07-29 06:30:00,11415,0,0.548825408024481
2014-07-29 07:00:00,13863,0,0.4938220243906784
2014-07-29 07:30:00,15517,0,0.4616090592046351
2014-07-29 08:00:00,17106,0,0.4370537706702037
2014-07-29 08:30:00,18521,0,0.43426116888612726
2014-07-29 09:00:00,18016,0,0.4339220846038316
2014-07-29 09:30:00,17448,0,0.42625365289882655
2014-07-29 10:00:00,16131,0,0.4593758009427476
2014-07-29 10:30:00,16534,0,0.45761364316990133
2014-07-29 11:00:00,15744,0,0.4649996673959394
2014-07-29 11:30:00,17039,0,0.43726559843927426
2014-07-29 12:00:00,17357,0,0.42807797384837554
2014-07-29 12:30:00,16841,0,0.44837224295009975
2014-07-29 13:00:00,16797,0,0.45294540167695685
2014-07-29 13:30:00,17226,0,0.4366801954382291
2014-07-29 14:00:00,17550,0,0.42839886578821385
2014-07-29 14:30:00,17336,0,0.430327660397524
2014-07-29 15:00:00,17343,0,0.43088039923598415
2014-07-29 15:30:00,16601,0,0.45843203217894773
2014-07-29 16:00:00,15090,0,0.4739804419522926
2014-07-29 16:30:00,14130,0,0.48880262412495795
2014-07-29 17:00:00,16356,0,0.4557704917510183
2014-07-29 17:30:00,19357,0,0.4476660048331777
2014-07-29 18:00:00,22313,0,0.5009581927556149
2014-07-29 18:30:00,23636,0,0.5068238004718592
2014-07-29 19:00:00,24822,0,0.5431403133989249
2014-07-29 19:30:00,24550,0,0.5387280942852242
2014-07-29 20:00:00,22761,0,0.49540205671704296
2014-07-29 20:30:00,23119,0,0.5062095629752487
2014-07-29 21:00:00,23658,0,0.5084640043902933
2014-07-29 21:30:00,23853,0,0.515007900626784
2014-07-29 22:00:00,22995,0,0.5030221408539535
2014-07-29 22:30:00,21708,0,0.5033972730604102
2014-07-29 23:00:00,20231,0,0.48007012214788847
2014-07-29 23:30:00,17264,0,0.4351936442683039
2014-07-30 00:00:00,13549,0,0.4963012984469249
2014-07-30 00:30:00,10142,0,0.5520766339948056
2014-07-30 01:00:00,7783,1,0.5639378636741086
2014-07-30 01:30:00,6011,0,0.5414090208212163
2014-07-30 02:00:00,4935,0,0.5433139613256891
2014-07-30 02:30:00,3668,0,0.5384348316201967
2014-07-30 03:00:00,3092,0,0.5435664067204468
2014-07-30 03:30:00,2577,0,0.5312717626246237
2014-07-30 04:00:00,2772,0,0.5332112022632999
2014-07-30 04:30:00,2637,0,0.531696751237954
2014-07-30 05:00:00,2605,0,0.5308934220466371
2014-07-30 05:30:00,4449,0,0.5257445623488688
2014-07-30 06:00:00,6912,0,0.529185005745999
2014-07-30 06:30:00,11909,0,0.5303891909581132
2014-07-30 07:00:00,14184,0,0.496894876343599
2014-07-30 07:30:00,17246,0,0.4352433788748915
2014-07-30 08:00:00,18393,0,0.43946153191809784
2014-07-30 08:30:00,19797,0,0.4646357529834262
2014-07-30 09:00:00,19101,0,0.4395451721182221
2014-07-30 09:30:00,18889,0,0.44322596807396364
2014-07-30 10:00:00,16897,0,0.44448808342558693
2014-07-30 10:30:00,16922,0,0.4395470866142925
2014-07-30 11:00:00,16218,0,0.45574827233350007
2014-07-30 11:30:00,17511,0,0.4280209415572998
2014-07-30 12:00:00,17941,0,0.43276375935751793
2014-07-30 12:30:00,17203,0,0.43433373633085415
2014-07-30 13:00:00,16879,0,0.4444479138724483
2014-07-30 13:30:00,17733,0,0.43672729415597467
2014-07-30 14:00:00,17587,0,0.4332605668921646
2014-07-30 14:30:00,17564,0,0.4309621751803253
2014-07-30 15:00:00,17003,0,0.4368576162331671
2014-07-30 15:30:00,15725,0,0.46845583140982894
2014-07-30 16:00:00,13832,0,0.49647218112011837
2014-07-30 16:30:00,12826,0,0.5248697367101555
2014-07-30 17:00:00,15603,0,0.46483896473752545
2014-07-30 17:30:00,18935,0,0.439349958322324
2014-07-30 18:00:00,21175,0,0.48995459877636055
2014-07-30 18:30:00,22980,0,0.5031334504842175
2014-07-30 19:00:00,24644,0,0.5367151409821855
2014-07-30 19:30:00,24938,0,0.55006133538658
2014-07-30 20:00:00,24095,0,0.5331654194734844
2014-07-30 20:30:00,23952,0,0.5183747469425376
2014-07-30 21:00:00,24913,0,0.5499841568379511
2014-07-30 21:30:00,25138,1,0.5611617127630442
2014-07-30 22:00:00,24972,0,0.5524622077395096
2014-07-30 22:30:00,23605,0,0.5092549939225386
2014-07-30 23:00:00,22758,0,0.49540205671704296
2014-07-30 23:30:00,19560,0,0.458931411021736
2014-07-31 00:00:00,15486,0,0.4580651660355445
2014-07-31 00:30:00,12362,0,0.5329193643628188
2014-07-31 01:00:00,9401,1,0.5599239504101299
2014-07-31 01:30:00,7131,0,0.5416312983391424
2014-07-31 02:00:00,5949,0,0.5430616181396708
2014-07-31 02:30:00,4722,0,0.5382020112000903
2014-07-31 03:00:00,3792,0,0.5359481208977881
2014-07-31 03:30:00,3266,0,0.5473456834768209
2014-07-31 04:00:00,3267,0,0.5477929956632689
2014-07-31 04:30:00,2605,0,0.5308934220466371
2014-07-31 05:00:00,2562,0,0.5340803910391404
2014-07-31 05:30:00,4595,0,0.5276379522432537
2014-07-31 06:00:00,7263,0,0.5403306997632353
2014-07-31 06:30:00,11825,0,0.5397986537704256
2014-07-31 07:00:00,13863,0,0.4938220243906784
2014-07-31 07:30:00,16898,0,0.44448808342558693
2014-07-31 08:00:00,18741,0,0.43961511566012257
2014-07-31 08:30:00,20117,0,0.46627331375282177
2014-07-31 09:00:00,19185,0,0.44371729640567725
2014-07-31 09:30:00,17821,0,0.4329643170082493
2014-07-31 10:00:00,16721,0,0.44844965083200855
2014-07-31 10:30:00,16869,0,0.44575864395389586
2014-07-31 11:00:00,16188,0,0.45839738809211217
2014-07-31 11:30:00,17325,0,0.4324781950418447
2014-07-31 12:00:00,17849,0,0.434772225456033
2014-07-31 12:30:00,17746,0,0.43551396720751295
2014-07-31 13:00:00,17208,0,0.43368554675763876
2014-07-31 13:30:00,17848,0,0.434772225456033
2014-07-31 14:00:00,18132,0,0.4367179357006009
2014-07-31 14:30:00,18019,0,0.4337892195696066
2014-07-31 15:00:00,17120,0,0.43741801644804756
2014-07-31 15:30:00,15410,0,0.45848677142021715
2014-07-31 16:00:00,13868,0,0.4927808147504757
2014-07-31 16:30:00,13146,0,0.5123637783474624
2014-07-31 17:00:00,15734,0,0.4679032235957779
2014-07-31 17:30:00,18139,0,0.4364225582571954
2014-07-31 18:00:00,20969,0,0.49200726788256294
2014-07-31 18:30:00,23287,0,0.5087254840697334
2014-07-31 19:00:00,24723,0,0.5390804363774698
2014-07-31 19:30:00,25186,1,0.5623126515713497
2014-07-31 20:00:00,24192,0,0.5386684538319003
2014-07-31 20:30:00,24605,0,0.538565237581845
2014-07-31 21:00:00,25805,1,0.5610420195380021
2014-07-31 21:30:00,25969,1,0.5674194512963444
2014-07-31 22:00:00,25593,1,0.5589306225242467
2014-07-31 22:30:00,24695,0,0.5405943881968565
2014-07-31 23:00:00,24316,0,0.5374254490581098
2014-07-31 23:30:00,23050,0,0.5012271224158878
2014-08-01 00:00:00,20138,0,0.4709075864979154
2014-08-01 00:30:00,17252,0,0.4352433788748915
2014-08-01 01:00:00,14103,0,0.48756146933644373
2014-08-01 01:30:00,10859,0,0.5397853386846255
2014-08-01 02:00:00,9242,1,0.5543067937740817
2014-08-01 02:30:00,7122,0,0.5412649619579374
2014-08-01 03:00:00,5763,0,0.5448091575512365
2014-08-01 03:30:00,4912,0,0.5440056237968985
2014-08-01 04:00:00,4648,0,0.5315244082130334
2014-08-01 04:30:00,3673,0,0.5373344437172567
2014-08-01 05:00:00,3322,0,0.5484364251074588
2014-08-01 05:30:00,4968,0,0.5443183763618306
2014-08-01 06:00:00,7209,0,0.5396234360791794
2014-08-01 06:30:00,11113,0,0.5477832118253757
2014-08-01 07:00:00,13143,0,0.5123637783474624
2014-08-01 07:30:00,15932,0,0.4613507614402732
2014-08-01 08:00:00,17355,0,0.42807797384837554
2014-08-01 08:30:00,19462,0,0.45192168642110603
2014-08-01 09:00:00,18581,0,0.4339866883151625
2014-08-01 09:30:00,18123,0,0.43478726052261285
2014-08-01 10:00:00,16476,0,0.45151567933513304
2014-08-01 10:30:00,16964,0,0.4370068957949942
2014-08-01 11:00:00,16009,0,0.4565326133408343
2014-08-01 11:30:00,16890,0,0.44595283038764927
2014-08-01 12:00:00,17069,0,0.43761460278529724
2014-08-01 12:30:00,16779,0,0.4532330144477292
2014-08-01 13:00:00,16654,0,0.45736891305171096
2014-08-01 13:30:00,16580,0,0.4601507310891759
2014-08-01 14:00:00,17407,0,0.4285916374690667
2014-08-01 14:30:00,17037,0,0.43726559843927426
2014-08-01 15:00:00,16651,0,0.4569034590061629
2014-08-01 15:30:00,15324,0,0.4615051566884079
2014-08-01 16:00:00,12987,0,0.5173960740165557
2014-08-01 16:30:00,12845,0,0.5246619563827473
2014-08-01 17:00:00,15439,0,0.45975425731330827
2014-08-01 17:30:00,18280,0,0.43793744277493274
2014-08-01 18:00:00,20439,0,0.477884836259932
2014-08-01 18:30:00,22588,0,0.4969344748487068
2014-08-01 19:00:00,24047,0,0.5307493501606019
2014-08-01 19:30:00,23745,0,0.5077560986427372
2014-08-01 20:00:00,22420,0,0.5002108946317722
2014-08-01 20:30:00,23260,0,0.5082190665447354
2014-08-01 21:00:00,23454,0,0.5091589156586077
2014-08-01 21:30:00,22822,0,0.5015052488408911
2014-08-01 22:00:00,23704,0,0.507848626899897
2014-08-01 22:30:00,24940,0,0.55006133538658
2014-08-01 23:00:00,25951,1,0.5666984509452424
2014-08-01 23:30:00,25479,1,0.560748969478066
2014-08-02 00:00:00,25234,1,0.5572546186137823
2014-08-02 00:30:00,23378,0,0.5079751298208693
2014-08-02 01:00:00,22180,0,0.500723488300706
2014-08-02 01:30:00,20497,0,0.4860205971163498
2014-08-02 02:00:00,18933,0,0.439349958322324
2014-08-02 02:30:00,17041,0,0.43611078659782465
2014-08-02 03:00:00,14983,0,0.4721713985879842
2014-08-02 03:30:00,12488,0,0.5327104466636416
2014-08-02 04:00:00,10554,0,0.5499555512285098
2014-08-02 04:30:00,6425,0,0.5279394188152421
2014-08-02 05:00:00,4384,0,0.523754682861144
2014-08-02 05:30:00,3611,0,0.541014439891854
2014-08-02 06:00:00,3904,0,0.5360143666183811
2014-08-02 06:30:00,5204,0,0.543056541939146
2014-08-02 07:00:00,5624,0,0.5463318946258429
2014-08-02 07:30:00,7264,0,0.5403306997632353
2014-08-02 08:00:00,7501,1,0.5556890132036657
2014-08-02 08:30:00,9344,1,0.5544093405412054
2014-08-02 09:00:00,10021,1,0.5544107493329631
2014-08-02 09:30:00,12227,0,0.5318857550156907
2014-08-02 10:00:00,12203,0,0.5309695410519245
2014-08-02 10:30:00,14669,0,0.4757930957259337
2014-08-02 11:00:00,14849,0,0.4704242340620837
2014-08-02 11:30:00,16363,0,0.4554268793474397
2014-08-02 12:00:00,16489,0,0.44994257068987914
2014-08-02 12:30:00,17237,0,0.4358363942016996
2014-08-02 13:00:00,17955,0,0.43305481463791917
2014-08-02 13:30:00,17713,0,0.43139748150311086
2014-08-02 14:00:00,17418,0,0.42664078152208984
2014-08-02 14:30:00,17679,0,0.430858410054163
2014-08-02 15:00:00,18014,0,0.4351280103232316
2014-08-02 15:30:00,18031,0,0.43478606572092277
2014-08-02 16:00:00,17643,0,0.4304701235539053
2014-08-02 16:30:00,17167,0,0.43727375232189136
2014-08-02 17:00:00,18409,0,0.4379351787402919
2014-08-02 17:30:00,20034,0,0.47318159852838554
2014-08-02 18:00:00,21113,0,0.48924086973422126
2014-08-02 18:30:00,21487,0,0.4858067464565779
2014-08-02 19:00:00,22872,0,0.5030284898679191
2014-08-02 19:30:00,22995,0,0.5030221408539535
2014-08-02 20:00:00,20896,0,0.4904393392143237
2014-08-02 20:30:00,21411,0,0.4830480771102098
2014-08-02 21:00:00,21273,0,0.48215883191170095
2014-08-02 21:30:00,21628,0,0.49760649216612884
2014-08-02 22:00:00,21872,0,0.5028750412994236
2014-08-02 22:30:00,23457,0,0.5091589156586077
2014-08-02 23:00:00,24958,0,0.5502240235714535
2014-08-02 23:30:00,24984,0,0.5520885457916931
2014-08-03 00:00:00,24613,0,0.5377743695753533
2014-08-03 00:30:00,23468,0,0.5108900800826618
2014-08-03 01:00:00,22125,0,0.5002144604217841
2014-08-03 01:30:00,22220,0,0.5022103111235908
2014-08-03 02:00:00,20171,0,0.473897290695942
2014-08-03 02:30:00,17690,0,0.4316591261588896
2014-08-03 03:00:00,14908,0,0.47267944796967426
2014-08-03 03:30:00,13465,0,0.5001056583643915
2014-08-03 04:00:00,11663,0,0.5412725819681047
2014-08-03 04:30:00,6997,0,0.5343959646702421
2014-08-03 05:00:00,4810,0,0.5388684369163512
2014-08-03 05:30:00,3650,0,0.5399328552303155
2014-08-03 06:00:00,3561,0,0.5429146053523142
2014-08-03 06:30:00,4060,0,0.5388151354460259
2014-08-03 07:00:00,4382,0,0.523754682861144
2014-08-03 07:30:00,5741,0,0.5443773141922679
2014-08-03 08:00:00,6722,0,0.5295456403125671
2014-08-03 08:30:00,7857,1,0.5604088717186027
2014-08-03 09:00:00,8424,1,0.5530972807346775
2014-08-03 09:30:00,10636,0,0.54988716410086
2014-08-03 10:00:00,11811,0,0.541649487096155
2014-08-03 10:30:00,13776,0,0.49623487287342627
2014-08-03 11:00:00,14821,0,0.47216341178421395
2014-08-03 11:30:00,16169,0,0.458344969123808
2014-08-03 12:00:00,16715,0,0.44717488059640503
2014-08-03 12:30:00,17652,0,0.43104756023773827
2014-08-03 13:00:00,17360,0,0.4274045253651876
2014-08-03 13:30:00,17167,0,0.43727375232189136
2014-08-03 14:00:00,18546,0,0.4348584550500753
2014-08-03 14:30:00,17882,0,0.43371250873069034
2014-08-03 15:00:00,17268,0,0.43587726349823663
2014-08-03 15:30:00,17322,0,0.43278424590547004
2014-08-03 16:00:00,16500,0,0.45483351460672866
2014-08-03 16:30:00,16446,0,0.45140796833515845
2014-08-03 17:00:00,17317,0,0.4331729929647993
2014-08-03 17:30:00,18472,0,0.43236580649971
2014-08-03 18:00:00,19503,0,0.45376688453798314
2014-08-03 18:30:00,19622,0,0.4608777816312247
2014-08-03 19:00:00,18900,0,0.44188147670191874
2014-08-03 19:30:00,17188,0,0.43409861097306823
2014-08-03 20:00:00,16880,0,0.4444479138724483
2014-08-03 20:30:00,17035,0,0.43726559843927426
2014-08-03 21:00:00,16790,0,0.4529264669072444
2014-08-03 21:30:00,17007,0,0.4370027106702383
2014-08-03 22:00:00,15893,0,0.4634547778358991
2014-08-03 22:30:00,14672,0,0.4757930957259337
2014-08-03 23:00:00,12667,0,0.5286586817325468
2014-08-03 23:30:00,10905,0,0.5406948311143821
2014-08-04 00:00:00,8882,0,0.5506326387921057
2014-08-04 00:30:00,6896,0,0.5274718427653906
2014-08-04 01:00:00,5417,0,0.5489673837253809
2014-08-04 01:30:00,4245,0,0.5343813356922806
2014-08-04 02:00:00,3478,0,0.5438689794338034
2014-08-04 02:30:00,2525,0,0.5400526214135134
2014-08-04 03:00:00,2288,0,0.5409359693374799
2014-08-04 03:30:00,2114,1,0.5556154869026572
2014-08-04 04:00:00,2212,0,0.5382984632457405
2014-08-04 04:30:00,2303,0,0.5395821319394958
2014-08-04 05:00:00,2482,0,0.5378017662755834
2014-08-04 05:30:00,4420,0,0.5219374294631242
2014-08-04 06:00:00,6426,0,0.5275396430643755
2014-08-04 06:30:00,10775,0,0.5396229916897204
2014-08-04 07:00:00,12795,0,0.5245893138015719
2014-08-04 07:30:00,15762,0,0.46501691808416534
2014-08-04 08:00:00,17271,0,0.436172271877833
2014-08-04 08:30:00,18418,0,0.4373429776081889
2014-08-04 09:00:00,18214,0,0.43600326067419154
2014-08-04 09:30:00,17223,0,0.4366801954382291
2014-08-04 10:00:00,15029,0,0.4713044810709099
2014-08-04 10:30:00,15614,0,0.46567879570460574
2014-08-04 11:00:00,15026,0,0.4716896494284484
2014-08-04 11:30:00,16170,0,0.458344969123808
2014-08-04 12:00:00,16111,0,0.4595969852030726
2014-08-04 12:30:00,16049,0,0.4580199345811589
2014-08-04 13:00:00,16084,0,0.4556402070969746
2014-08-04 13:30:00,16640,0,0.4569034590061629
2014-08-04 14:00:00,16634,0,0.45712838287468377
2014-08-04 14:30:00,17210,0,0.43368554675763876
2014-08-04 15:00:00,16546,0,0.45792336306276576
2014-08-04 15:30:00,16798,0,0.45294540167695685
2014-08-04 16:00:00,15124,0,0.4714955704928871
2014-08-04 16:30:00,14870,0,0.4712952327304167
2014-08-04 17:00:00,16956,0,0.4365708882714202
2014-08-04 17:30:00,18613,0,0.4380334403541918
2014-08-04 18:00:00,21126,0,0.4899567530369903
2014-08-04 18:30:00,22510,0,0.496983894413725
2014-08-04 19:00:00,22568,0,0.4962716751215011
2014-08-04 19:30:00,21668,0,0.5018425863159718
2014-08-04 20:00:00,21659,0,0.5018425863159718
2014-08-04 20:30:00,21278,0,0.4831384920143733
2014-08-04 21:00:00,21346,0,0.4784738403927807
2014-08-04 21:30:00,20247,0,0.48143866749618813
2014-08-04 22:00:00,19945,0,0.47200932952245833
2014-08-04 22:30:00,17601,0,0.43332147095052803
2014-08-04 23:00:00,15750,0,0.46516073659542534
2014-08-04 23:30:00,12897,0,0.5227927308099276
2014-08-05 00:00:00,10385,0,0.5488635419545658
2014-08-05 00:30:00,8125,1,0.5527268268346288
2014-08-05 01:00:00,6294,0,0.5332758004230905
2014-08-05 01:30:00,4485,0,0.527531652128422
2014-08-05 02:00:00,3669,0,0.5384348316201967
2014-08-05 02:30:00,3097,0,0.5435664067204468
2014-08-05 03:00:00,2484,0,0.5381657587131325
2014-08-05 03:30:00,2011,1,0.5734811385779158
2014-08-05 04:00:00,2175,0,0.5468656134603384
2014-08-05 04:30:00,2108,1,0.5561475899990396
2014-08-05 05:00:00,2252,0,0.5379408807290749
2014-08-05 05:30:00,4131,0,0.5421346250824425
2014-08-05 06:00:00,6599,0,0.524865819087122
2014-08-05 06:30:00,11040,0,0.546069624365012
2014-08-05 07:00:00,13290,0,0.5083419152010269
2014-08-05 07:30:00,16754,0,0.45251063717099377
2014-08-05 08:00:00,18504,0,0.4347562005174239
2014-08-05 08:30:00,19897,0,0.4699173784125763
2014-08-05 09:00:00,19208,0,0.44397682659192905
2014-08-05 09:30:00,18253,0,0.4397315037307849
2014-08-05 10:00:00,16976,0,0.4370068957949942
2014-08-05 10:30:00,16888,0,0.44595283038764927
2014-08-05 11:00:00,16080,0,0.4567843240065447
2014-08-05 11:30:00,17328,0,0.43186714379380686
2014-08-05 12:00:00,17901,0,0.43441900980290066
2014-08-05 12:30:00,18121,0,0.4336651277000346
2014-08-05 13:00:00,17478,0,0.42800129676863347
2014-08-05 13:30:00,18616,0,0.43856422040351534
2014-08-05 14:00:00,18576,0,0.4346705081149643
2014-08-05 14:30:00,18465,0,0.43162471475590897
2014-08-05 15:00:00,17373,0,0.4274045253651876
2014-08-05 15:30:00,16457,0,0.4516155915243657
2014-08-05 16:00:00,14626,0,0.4838706455827808
2014-08-05 16:30:00,13466,0,0.5001056583643915
2014-08-05 17:00:00,16213,0,0.45647525003537087
2014-08-05 17:30:00,18715,0,0.43943608770010706
2014-08-05 18:00:00,21356,0,0.4784738403927807
2014-08-05 18:30:00,22899,0,0.502846639655142
2014-08-05 19:00:00,23782,0,0.512211889160013
2014-08-05 19:30:00,22778,0,0.4957373523845156
2014-08-05 20:00:00,22401,0,0.5034515662403735
2014-08-05 20:30:00,22986,0,0.501662629750239
2014-08-05 21:00:00,23340,0,0.5078648342263699
2014-08-05 21:30:00,24046,0,0.5307493501606019
2014-08-05 22:00:00,22726,0,0.4951426037193831
2014-08-05 22:30:00,20819,0,0.4908784966357763
2014-08-05 23:00:00,19149,0,0.4413522420151594
2014-08-05 23:30:00,16406,0,0.449441030964281
2014-08-06 00:00:00,13399,0,0.5066265560458214
2014-08-06 00:30:00,10273,0,0.5498226262111412
2014-08-06 01:00:00,7723,1,0.5576636738593164
2014-08-06 01:30:00,5860,0,0.5396847571185542
2014-08-06 02:00:00,4664,0,0.5327657506367702
2014-08-06 02:30:00,3875,0,0.5377444283915417
2014-08-06 03:00:00,3057,0,0.5446811458423163
2014-08-06 03:30:00,2675,0,0.5357548037806473
2014-08-06 04:00:00,2803,0,0.5358100543216004
2014-08-06 04:30:00,2364,0,0.5348228583932504
2014-08-06 05:00:00,2602,0,0.5308934220466371
2014-08-06 05:30:00,4488,0,0.527531652128422
2014-08-06 06:00:00,6944,0,0.5321882900013959
2014-08-06 06:30:00,11761,0,0.5445478792251374
2014-08-06 07:00:00,14631,0,0.4822088081481887
2014-08-06 07:30:00,17455,0,0.42695422242541087
2014-08-06 08:00:00,19107,0,0.43901239124428554
2014-08-06 08:30:00,19737,0,0.46755480727556464
2014-08-06 09:00:00,18707,0,0.43884185695259903
2014-08-06 09:30:00,18466,0,0.43162471475590897
2014-08-06 10:00:00,16630,0,0.45743777433597954
2014-08-06 10:30:00,17291,0,0.435241395021496
2014-08-06 11:00:00,15977,0,0.459110036125228
2014-08-06 11:30:00,17643,0,0.4304701235539053
2014-08-06 12:00:00,17959,0,0.43305481463791917
2014-08-06 12:30:00,17652,0,0.43104756023773827
2014-08-06 13:00:00,17197,0,0.43397907174991873
2014-08-06 13:30:00,17949,0,0.43305481463791917
2014-08-06 14:00:00,17918,0,0.43135108292246654
2014-08-06 14:30:00,17534,0,0.42963507234296633
2014-08-06 15:00:00,17350,0,0.4288626209646011
2014-08-06 15:30:00,16327,0,0.45598787035121713
2014-08-06 16:00:00,14582,0,0.48503422988734046
2014-08-06 16:30:00,13374,0,0.5068823401245813
2014-08-06 17:00:00,16090,0,0.45706169905303723
2014-08-06 17:30:00,18989,0,0.4413276370925096
2014-08-06 18:00:00,21429,0,0.48394499560461973
2014-08-06 18:30:00,23892,0,0.5154872638476776
2014-08-06 19:00:00,24481,0,0.5408105931456737
2014-08-06 19:30:00,24197,0,0.5378105760945932
2014-08-06 20:00:00,23556,0,0.5047882557246988
2014-08-06 20:30:00,23555,0,0.5047882557246988
2014-08-06 21:00:00,24355,0,0.5418688142288607
2014-08-06 21:30:00,24699,0,0.5402287531375846
2014-08-06 22:00:00,23955,0,0.5183747469425376
2014-08-06 22:30:00,22754,0,0.49607287498520963
2014-08-06 23:00:00,21450,0,0.48436034645630593
2014-08-06 23:30:00,18427,0,0.4365933548002738
2014-08-07 00:00:00,15411,0,0.45848677142021715
2014-08-07 00:30:00,11851,0,0.5388283274291452
2014-08-07 01:00:00,9317,1,0.5548046980718572
2014-08-07 01:30:00,6973,0,0.5325911941164441
2014-08-07 02:00:00,5807,0,0.5424163602193364
2014-08-07 02:30:00,4812,0,0.5388684369163512
2014-08-07 03:00:00,3738,0,0.5336545523357508
2014-08-07 03:30:00,3108,0,0.5435664067204468
2014-08-07 04:00:00,3199,0,0.5408483662860993
2014-08-07 04:30:00,2642,0,0.5331376551328222
2014-08-07 05:00:00,2704,0,0.5345243739628848
2014-08-07 05:30:00,4812,0,0.5388684369163512
2014-08-07 06:00:00,6873,0,0.526610757456433
2014-08-07 06:30:00,11765,0,0.5445478792251374
2014-08-07 07:00:00,13641,0,0.49355293837158654
2014-08-07 07:30:00,17052,0,0.43611078659782465
2014-08-07 08:00:00,18252,0,0.4410920277251552
2014-08-07 08:30:00,19400,0,0.4508573633950576
2014-08-07 09:00:00,18455,0,0.43463355599055536
2014-08-07 09:30:00,18277,0,0.43793744277493274
2014-08-07 10:00:00,16719,0,0.44717488059640503
2014-08-07 10:30:00,16764,0,0.4530093447383097
2014-08-07 11:00:00,16636,0,0.45650291840975266
2014-08-07 11:30:00,18205,0,0.43728157521837263
2014-08-07 12:00:00,18034,0,0.4347361663119134
2014-08-07 12:30:00,17700,0,0.43066862328382655
2014-08-07 13:00:00,16970,0,0.4370068957949942
2014-08-07 13:30:00,17983,0,0.43667044188931775
2014-08-07 14:00:00,18230,0,0.43443562946327896
2014-08-07 14:30:00,18073,0,0.436089570611483
2014-08-07 15:00:00,17471,0,0.42826542847359583
2014-08-07 15:30:00,15872,0,0.46607098692442844
2014-08-07 16:00:00,13784,0,0.49623487287342627
2014-08-07 16:30:00,13341,0,0.5075596288465772
2014-08-07 17:00:00,15857,0,0.46606352466875767
2014-08-07 17:30:00,18396,0,0.43946153191809784
2014-08-07 18:00:00,21500,0,0.48712328794661464
2014-08-07 18:30:00,23368,0,0.5079119885164282
2014-08-07 19:00:00,24977,0,0.5517151365729307
2014-08-07 19:30:00,24747,0,0.5454797282325491
2014-08-07 20:00:00,23895,0,0.5154872638476776
2014-08-07 20:30:00,24153,0,0.5358413576644416
2014-08-07 21:00:00,24778,0,0.5451107889369912
2014-08-07 21:30:00,24533,0,0.5384177584851224
2014-08-07 22:00:00,24478,0,0.5408105931456737
2014-08-07 22:30:00,24253,0,0.5328912491983466
2014-08-07 23:00:00,23299,0,0.5087254840697334
2014-08-07 23:30:00,22155,0,0.5014015122586164
2014-08-08 00:00:00,19329,0,0.4453912096010079
2014-08-08 00:30:00,15933,0,0.4613507614402732
2014-08-08 01:00:00,13410,0,0.5045527710746683
2014-08-08 01:30:00,10614,0,0.5505224798154679
2014-08-08 02:00:00,8934,1,0.5528724851124461
2014-08-08 02:30:00,7079,0,0.5373368360372067
2014-08-08 03:00:00,5803,0,0.5420494928556547
2014-08-08 03:30:00,4992,0,0.5446867793404725
2014-08-08 04:00:00,4555,0,0.5314332786375503
2014-08-08 04:30:00,3601,0,0.5396064037906567
2014-08-08 05:00:00,3643,0,0.53841954346018
2014-08-08 05:30:00,4924,0,0.5429025433881297
2014-08-08 06:00:00,6649,0,0.5266147058010827
2014-08-08 06:30:00,10748,0,0.5417260040605181
2014-08-08 07:00:00,12731,0,0.5236331976258007
2014-08-08 07:30:00,15178,0,0.47006669999027895
2014-08-08 08:00:00,16731,0,0.4516173009848212
2014-08-08 08:30:00,18521,0,0.43426116888612726
2014-08-08 09:00:00,17924,0,0.4305196402161707
2014-08-08 09:30:00,17129,0,0.437052039745598
2014-08-08 10:00:00,15820,0,0.46663350295519646
2014-08-08 10:30:00,16405,0,0.449441030964281
2014-08-08 11:00:00,15710,0,0.4660510805873978
2014-08-08 11:30:00,16406,0,0.449441030964281
2014-08-08 12:00:00,17040,0,0.43726559843927426
2014-08-08 12:30:00,16998,0,0.4367329439431799
2014-08-08 13:00:00,16524,0,0.45614786122483764
2014-08-08 13:30:00,17157,0,0.4378658597168246
2014-08-08 14:00:00,17341,0,0.43088039923598415
2014-08-08 14:30:00,17716,0,0.43104521458438966
2014-08-08 15:00:00,17135,0,0.4380381214488359
2014-08-08 15:30:00,15591,0,0.46445939045433987
2014-08-08 16:00:00,13942,0,0.49666249421473246
2014-08-08 16:30:00,13215,0,0.5099079421304794
2014-08-08 17:00:00,16320,0,0.45450947548419257
2014-08-08 17:30:00,19539,0,0.45620825257049924
2014-08-08 18:00:00,21553,0,0.49108938167096283
2014-08-08 18:30:00,23100,0,0.5073092698911711
2014-08-08 19:00:00,24705,0,0.541218967442331
2014-08-08 19:30:00,23913,0,0.5174321443568872
2014-08-08 20:00:00,22283,0,0.5006390611066439
2014-08-08 20:30:00,22808,0,0.5004803331469624
2014-08-08 21:00:00,22239,0,0.50255021472148
2014-08-08 21:30:00,21989,0,0.49944190899805235
2014-08-08 22:00:00,22689,0,0.4958338110013898
2014-08-08 22:30:00,23756,0,0.5106149226994149
2014-08-08 23:00:00,24182,0,0.5377964970881801
2014-08-08 23:30:00,24184,0,0.538160485959463
2014-08-09 00:00:00,23849,0,0.5154287851190195
2014-08-09 00:30:00,22495,0,0.4969324641010162
2014-08-09 01:00:00,20367,0,0.47642329332595745
2014-08-09 01:30:00,18368,0,0.44132745761001413
2014-08-09 02:00:00,17499,0,0.4279367881768606
2014-08-09 02:30:00,15607,0,0.465744143793515
2014-08-09 03:00:00,13502,0,0.4988407592070674
2014-08-09 03:30:00,11670,0,0.5412725819681047
2014-08-09 04:00:00,9956,1,0.5547683286019874
2014-08-09 04:30:00,5950,0,0.5430616181396708
2014-08-09 05:00:00,4023,0,0.5430505239081246
2014-08-09 05:30:00,3499,0,0.5409787706684291
2014-08-09 06:00:00,3663,0,0.5405665153919141
2014-08-09 06:30:00,4608,0,0.5248118485099164
2014-08-09 07:00:00,5226,0,0.5437409089247535
2014-08-09 07:30:00,6154,0,0.5392096361468626
2014-08-09 08:00:00,7082,0,0.5373368360372067
2014-08-09 08:30:00,8917,0,0.5521248591452107
2014-08-09 09:00:00,9965,1,0.5547683286019874
2014-08-09 09:30:00,12488,0,0.5327104466636416
2014-08-09 10:00:00,12845,0,0.5246619563827473
2014-08-09 10:30:00,14960,0,0.47419736124511247
2014-08-09 11:00:00,15195,0,0.46615576003946374
2014-08-09 11:30:00,16331,0,0.45567945954332983
2014-08-09 12:00:00,16385,0,0.456772221956283
2014-08-09 12:30:00,16704,0,0.44717488059640503
2014-08-09 13:00:00,17450,0,0.4275323562627466
2014-08-09 13:30:00,17458,0,0.42695422242541087
2014-08-09 14:00:00,16849,0,0.44730224602344354
2014-08-09 14:30:00,16880,0,0.4444479138724483
2014-08-09 15:00:00,16951,0,0.4365708882714202
2014-08-09 15:30:00,16926,0,0.4394854142079324
2014-08-09 16:00:00,16376,0,0.45501578186813935
2014-08-09 16:30:00,16454,0,0.45105015949400884
2014-08-09 17:00:00,17768,0,0.4345435008429349
2014-08-09 17:30:00,19335,0,0.44646477834042364
2014-08-09 18:00:00,20035,0,0.47286155861379936
2014-08-09 18:30:00,21023,0,0.4919387813947533
2014-08-09 19:00:00,21977,0,0.5020901452723249
2014-08-09 19:30:00,20987,0,0.49192700445514537
2014-08-09 20:00:00,19159,0,0.44159182818212694
2014-08-09 20:30:00,19801,0,0.4646357529834262
2014-08-09 21:00:00,20361,0,0.4758598899959405
2014-08-09 21:30:00,20651,0,0.48844666991317687
2014-08-09 22:00:00,20833,0,0.49288876206870236
2014-08-09 22:30:00,22467,0,0.5004565364696523
2014-08-09 23:00:00,23285,0,0.5087254840697334
2014-08-09 23:30:00,23652,0,0.5076223875232707
2014-08-10 00:00:00,23701,0,0.5079790825369913
2014-08-10 00:30:00,21532,0,0.4901844481773886
2014-08-10 01:00:00,20557,0,0.48511535823595575
2014-08-10 01:30:00,18415,0,0.4373429776081889
2014-08-10 02:00:00,17813,0,0.4332703891512213
2014-08-10 02:30:00,16223,0,0.45668158284713883
2014-08-10 03:00:00,13777,0,0.49623487287342627
2014-08-10 03:30:00,11818,0,0.5395634068665036
2014-08-10 04:00:00,10499,0,0.5504049963004187
2014-08-10 04:30:00,6180,0,0.5392096361468626
2014-08-10 05:00:00,4096,0,0.5393293057083516
2014-08-10 05:30:00,3476,0,0.5438689794338034
2014-08-10 06:00:00,3259,0,0.545866379736843
2014-08-10 06:30:00,3468,0,0.5440148617613336
2014-08-10 07:00:00,3690,0,0.5385453546536365
2014-08-10 07:30:00,5047,0,0.5478788247850273
2014-08-10 08:00:00,5503,0,0.5460465676546395
2014-08-10 08:30:00,6667,0,0.5300105937418658
2014-08-10 09:00:00,8014,1,0.5586070930671513
2014-08-10 09:30:00,10532,0,0.5503277695330752
2014-08-10 10:00:00,11486,0,0.5448317579497232
2014-08-10 10:30:00,13733,0,0.49860637339409797
2014-08-10 11:00:00,14525,0,0.4843964035916899
2014-08-10 11:30:00,15314,0,0.46077912085675515
2014-08-10 12:00:00,16013,0,0.45701458128088923
2014-08-10 12:30:00,16268,0,0.45670537297649394
2014-08-10 13:00:00,16610,0,0.458579847849379
2014-08-10 13:30:00,16496,0,0.45020191073852045
2014-08-10 14:00:00,16885,0,0.4457587386623295
2014-08-10 14:30:00,16396,0,0.45161123036162326
2014-08-10 15:00:00,15796,0,0.4675800812687342
2014-08-10 15:30:00,15545,0,0.4623170753974275
2014-08-10 16:00:00,15642,0,0.4645707465747821
2014-08-10 16:30:00,15531,0,0.4629430936701758
2014-08-10 17:00:00,16410,0,0.4504464151748946
2014-08-10 17:30:00,17684,0,0.43185863855441553
2014-08-10 18:00:00,17992,0,0.43677266605901566
2014-08-10 18:30:00,18285,0,0.4376146620713448
2014-08-10 19:00:00,17697,0,0.43066862328382655
2014-08-10 19:30:00,16452,0,0.45105015949400884
2014-08-10 20:00:00,16195,0,0.45822516437101546
2014-08-10 20:30:00,16545,0,0.45792336306276576
2014-08-10 21:00:00,15989,0,0.45949622253250194
2014-08-10 21:30:00,15763,0,0.46501691808416534
2014-08-10 22:00:00,14767,0,0.47462795175013417
2014-08-10 22:30:00,14157,0,0.4926075527538277
2014-08-10 23:00:00,12939,0,0.5197822895849301
2014-08-10 23:30:00,11801,0,0.5441795701926279
2014-08-11 00:00:00,9595,1,0.5619456632075923
2014-08-11 00:30:00,7267,0,0.5403306997632353
2014-08-11 01:00:00,5616,0,0.5463318946258429
2014-08-11 01:30:00,4253,0,0.5348828300902958
2014-08-11 02:00:00,3261,0,0.545866379736843
2014-08-11 02:30:00,2770,0,0.5332112022632999
2014-08-11 03:00:00,2240,0,0.5367974270981741
2014-08-11 03:30:00,2084,1,0.561505907905354
2014-08-11 04:00:00,2407,0,0.5344944830196642
2014-08-11 04:30:00,2262,0,0.5398395238893073
2014-08-11 05:00:00,2728,0,0.5299741971531164
2014-08-11 05:30:00,4273,0,0.5342431217423841
2014-08-11 06:00:00,6194,0,0.540141949135285
2014-08-11 06:30:00,10158,0,0.5499171702184521
2014-08-11 07:00:00,12697,0,0.5272214416283638
2014-08-11 07:30:00,14281,0,0.4971186699504824
2014-08-11 08:00:00,16009,0,0.4565326133408343
2014-08-11 08:30:00,17659,0,0.431339299800509
2014-08-11 09:00:00,17250,0,0.4352433788748915
2014-08-11 09:30:00,16687,0,0.4499769666730271
2014-08-11 10:00:00,14465,0,0.4908157255105512
2014-08-11 10:30:00,14373,0,0.4943741673215785
2014-08-11 11:00:00,14599,0,0.4841793571736367
2014-08-11 11:30:00,15212,0,0.4648958872021404
2014-08-11 12:00:00,16026,0,0.456950458028051
2014-08-11 12:30:00,15526,0,0.4629430936701758
2014-08-11 13:00:00,15672,0,0.463742445462139
2014-08-11 13:30:00,16419,0,0.4503226333156613
2014-08-11 14:00:00,16083,0,0.4556402070969746
2014-08-11 14:30:00,16352,0,0.4557704917510183
2014-08-11 15:00:00,16535,0,0.45761364316990133
2014-08-11 15:30:00,16248,0,0.45603168388681337
2014-08-11 16:00:00,14959,0,0.47483946647727004
2014-08-11 16:30:00,14201,0,0.49857070147205823
2014-08-11 17:00:00,16142,0,0.46057448521928696
2014-08-11 17:30:00,18163,0,0.43550489945274395
2014-08-11 18:00:00,20715,0,0.4852146532918564
2014-08-11 18:30:00,21256,0,0.48248516436265
2014-08-11 19:00:00,21528,0,0.4911804148901123
2014-08-11 19:30:00,20720,0,0.4846547043242909
2014-08-11 20:00:00,20604,0,0.4890508260531236
2014-08-11 20:30:00,19786,0,0.4647661655733073
2014-08-11 21:00:00,19471,0,0.45454472520838096
2014-08-11 21:30:00,19116,0,0.43901239124428554
2014-08-11 22:00:00,18358,0,0.44162615476410744
2014-08-11 22:30:00,16440,0,0.45140796833515845
2014-08-11 23:00:00,14821,0,0.47216341178421395
2014-08-11 23:30:00,12022,0,0.5286641247321973
2014-08-12 00:00:00,9701,1,0.5623920042120658
2014-08-12 00:30:00,7757,1,0.561723010470821
2014-08-12 01:00:00,6003,0,0.5414090208212163
2014-08-12 01:30:00,4648,0,0.5315244082130334
2014-08-12 02:00:00,3805,0,0.5366612117137721
2014-08-12 02:30:00,3093,0,0.5435664067204468
2014-08-12 03:00:00,2487,0,0.5354959044617702
2014-08-12 03:30:00,2164,0,0.5464957368109372
2014-08-12 04:00:00,2288,0,0.5409359693374799
2014-08-12 04:30:00,2083,1,0.5631889343892654
2014-08-12 05:00:00,2452,0,0.5373552191333494
2014-08-12 05:30:00,4282,0,0.5327767446624827
2014-08-12 06:00:00,6142,0,0.5416619247799194
2014-08-12 06:30:00,10744,0,0.5417260040605181
2014-08-12 07:00:00,13034,0,0.5157176647454133
2014-08-12 07:30:00,15724,0,0.46845583140982894
2014-08-12 08:00:00,18102,0,0.43219629826216216
2014-08-12 08:30:00,19748,0,0.469067757099631
2014-08-12 09:00:00,18510,0,0.4347562005174239
2014-08-12 09:30:00,17502,0,0.42828651476859136
2014-08-12 10:00:00,15832,0,0.46851309049219286
2014-08-12 10:30:00,15940,0,0.4591817695667604
2014-08-12 11:00:00,15064,0,0.4730770378307971
2014-08-12 11:30:00,16927,0,0.4394854142079324
2014-08-12 12:00:00,16871,0,0.44427488106251345
2014-08-12 12:30:00,17325,0,0.4324781950418447
2014-08-12 13:00:00,16350,0,0.45555295155995984
2014-08-12 13:30:00,17244,0,0.4352433788748915
2014-08-12 14:00:00,18778,0,0.43868960385708006
2014-08-12 14:30:00,19036,0,0.43839534343894254
2014-08-12 15:00:00,18549,0,0.4348584550500753
2014-08-12 15:30:00,16263,0,0.4560234496248406
2014-08-12 16:00:00,13781,0,0.49623487287342627
2014-08-12 16:30:00,13197,0,0.5091469673690417
2014-08-12 17:00:00,14909,0,0.4731343897393522
2014-08-12 17:30:00,18695,0,0.43884185695259903
2014-08-12 18:00:00,21494,0,0.48712328794661464
2014-08-12 18:30:00,23426,0,0.5087125657531176
2014-08-12 19:00:00,25057,1,0.5529215132040897
2014-08-12 19:30:00,26062,1,0.5719462380032693
2014-08-12 20:00:00,20944,0,0.49221678153584
2014-08-12 20:30:00,20583,0,0.48708703614534055
2014-08-12 21:00:00,22343,0,0.5023008035163073
2014-08-12 21:30:00,22704,0,0.4954583468344159
2014-08-12 22:00:00,20090,0,0.46824320054689145
2014-08-12 22:30:00,21338,0,0.4784738403927807
2014-08-12 23:00:00,18853,0,0.4457898710016922
2014-08-12 23:30:00,14548,0,0.4859151664223364
2014-08-13 00:00:00,12933,0,0.51997065993967
2014-08-13 00:30:00,11301,0,0.5468092838300893
2014-08-13 01:00:00,8095,0,0.551446655325487
2014-08-13 01:30:00,6266,0,0.5338083880677799
2014-08-13 02:00:00,4752,0,0.5382784695890204
2014-08-13 02:30:00,3446,0,0.5441040079275198
2014-08-13 03:00:00,2793,0,0.5364894115219498
2014-08-13 03:30:00,2333,0,0.5409158077089533
2014-08-13 04:00:00,2468,0,0.537128427377765
2014-08-13 04:30:00,2059,1,0.566416709498731
2014-08-13 05:00:00,2411,0,0.536018176964948
2014-08-13 05:30:00,4204,0,0.5337625666385969
2014-08-13 06:00:00,6516,0,0.5231987859560089
2014-08-13 06:30:00,11706,0,0.5433780065051387
2014-08-13 07:00:00,14894,0,0.4713613689664983
2014-08-13 07:30:00,17894,0,0.433509847052091
2014-08-13 08:00:00,18081,0,0.43342897051867857
2014-08-13 08:30:00,19597,0,0.46026413763869667
2014-08-13 09:00:00,19047,0,0.43979361603405925
2014-08-13 09:30:00,19060,0,0.4407426315841992
2014-08-13 10:00:00,17041,0,0.43611078659782465
2014-08-13 10:30:00,16354,0,0.4557704917510183
2014-08-13 11:00:00,15259,0,0.4638304595406711
2014-08-13 11:30:00,16470,0,0.45192125184439874
2014-08-13 12:00:00,17146,0,0.4380381214488359
2014-08-13 12:30:00,17220,0,0.4366801954382291
2014-08-13 13:00:00,16932,0,0.4389085123904477
2014-08-13 13:30:00,17515,0,0.4280209415572998
2014-08-13 14:00:00,17285,0,0.4347581569922687
2014-08-13 14:30:00,17467,0,0.4276269613797713
2014-08-13 15:00:00,16869,0,0.44575864395389586
2014-08-13 15:30:00,16383,0,0.4558460247493624
2014-08-13 16:00:00,14727,0,0.47344787539687255
2014-08-13 16:30:00,14059,0,0.4856978526042438
2014-08-13 17:00:00,16707,0,0.4474775353755558
2014-08-13 17:30:00,20486,0,0.486678712057195
2014-08-13 18:00:00,22207,0,0.5026207369278074
2014-08-13 18:30:00,23183,0,0.5071986066984974
2014-08-13 19:00:00,24873,0,0.5418863309932981
2014-08-13 19:30:00,24028,0,0.5258956346031196
2014-08-13 20:00:00,22822,0,0.5015052488408911
2014-08-13 20:30:00,22831,0,0.5029968634624913
2014-08-13 21:00:00,23148,0,0.5062030252450305
2014-08-13 21:30:00,23005,0,0.5026819180652936
2014-08-13 22:00:00,23506,0,0.5102681213784147
2014-08-13 22:30:00,22493,0,0.4969823425144735
2014-08-13 23:00:00,20703,0,0.4849351440565896
2014-08-13 23:30:00,18013,0,0.4351280103232316
2014-08-14 00:00:00,14505,0,0.4859135804927699
2014-08-14 00:30:00,11389,0,0.5471623484321089
2014-08-14 01:00:00,8924,0,0.5524985456704586
2014-08-14 01:30:00,7135,0,0.542731795806414
2014-08-14 02:00:00,5649,0,0.5450702665128204
2014-08-14 02:30:00,4544,0,0.5303556911778079
2014-08-14 03:00:00,3542,0,0.5422348650745737
2014-08-14 03:30:00,3086,0,0.54433550188314
2014-08-14 04:00:00,3091,0,0.5435664067204468
2014-08-14 04:30:00,2590,0,0.5324509351807043
2014-08-14 05:00:00,2706,0,0.5339732708383806
2014-08-14 05:30:00,4336,0,0.5295025098750814
2014-08-14 06:00:00,6237,0,0.5374344723015495
2014-08-14 06:30:00,10724,0,0.5436380066786042
2014-08-14 07:00:00,13183,0,0.5119301491199435
2014-08-14 07:30:00,15723,0,0.4681389878031923
2014-08-14 08:00:00,17752,0,0.43599874009448547
2014-08-14 08:30:00,19645,0,0.4594648363131314
2014-08-14 09:00:00,18448,0,0.434045819502594
2014-08-14 09:30:00,17796,0,0.4329773434817195
2014-08-14 10:00:00,16361,0,0.45573511920519827
2014-08-14 10:30:00,16636,0,0.45650291840975266
2014-08-14 11:00:00,15606,0,0.465744143793515
2014-08-14 11:30:00,17003,0,0.4368576162331671
2014-08-14 12:00:00,17538,0,0.4297620242576932
2014-08-14 12:30:00,16979,0,0.4370068957949942
2014-08-14 13:00:00,16844,0,0.4473650153554639
2014-08-14 13:30:00,17372,0,0.4274045253651876
2014-08-14 14:00:00,17667,0,0.43315433494865135
2014-08-14 14:30:00,17859,0,0.43563667759382846
2014-08-14 15:00:00,17357,0,0.42807797384837554
2014-08-14 15:30:00,16100,0,0.4587997991611966
2014-08-14 16:00:00,14347,0,0.49285279047966696
2014-08-14 16:30:00,13630,0,0.49303821338842774
2014-08-14 17:00:00,16197,0,0.45822516437101546
2014-08-14 17:30:00,18210,0,0.43600326067419154
2014-08-14 18:00:00,21282,0,0.4831384920143733
2014-08-14 18:30:00,22623,0,0.5007999707512923
2014-08-14 19:00:00,24035,0,0.5267022535755882
2014-08-14 19:30:00,24056,0,0.5307177668461396
2014-08-14 20:00:00,23987,0,0.5228673256669897
2014-08-14 20:30:00,24289,0,0.5373388572726406
2014-08-14 21:00:00,24134,0,0.5359391425858632
2014-08-14 21:30:00,24141,0,0.5374001477125644
2014-08-14 22:00:00,24661,0,0.5367365838501365
2014-08-14 22:30:00,24114,0,0.5335262739608079
2014-08-14 23:00:00,23611,0,0.5090150181637482
2014-08-14 23:30:00,21287,0,0.4814586459691461
2014-08-15 00:00:00,19491,0,0.45362304469745707
2014-08-15 00:30:00,16128,0,0.4593758009427476
2014-08-15 01:00:00,13044,0,0.5160667103262373
2014-08-15 01:30:00,9984,1,0.55514380426768
2014-08-15 02:00:00,8526,1,0.552760696115136
2014-08-15 02:30:00,7009,0,0.5336733237164386
2014-08-15 03:00:00,5525,0,0.5461345626816185
2014-08-15 03:30:00,4688,0,0.5360968184134705
2014-08-15 04:00:00,4665,0,0.5327657506367702
2014-08-15 04:30:00,3542,0,0.5422348650745737
2014-08-15 05:00:00,3163,0,0.5419634217129843
2014-08-15 05:30:00,4547,0,0.5303556911778079
2014-08-15 06:00:00,6346,0,0.5314832163121287
2014-08-15 06:30:00,10699,0,0.5448190244219059
2014-08-15 07:00:00,12050,0,0.5306559976442234
2014-08-15 07:30:00,14555,0,0.4874613408580188
2014-08-15 08:00:00,16322,0,0.4554402491102689
2014-08-15 08:30:00,18762,0,0.43994745719116696
2014-08-15 09:00:00,18321,0,0.44020533670760764
2014-08-15 09:30:00,17235,0,0.43570531111403865
2014-08-15 10:00:00,15496,0,0.46353566508836336
2014-08-15 10:30:00,15859,0,0.46606352466875767
2014-08-15 11:00:00,15559,0,0.4638034366088853
2014-08-15 11:30:00,16873,0,0.4450497357176177
2014-08-15 12:00:00,17350,0,0.4288626209646011
2014-08-15 12:30:00,16611,0,0.458579847849379
2014-08-15 13:00:00,16543,0,0.45761364316990133
2014-08-15 13:30:00,16753,0,0.45219165484420343
2014-08-15 14:00:00,17552,0,0.4295598313063106
2014-08-15 14:30:00,17361,0,0.4274045253651876
2014-08-15 15:00:00,16508,0,0.45689003096563197
2014-08-15 15:30:00,15776,0,0.46543461803778857
2014-08-15 16:00:00,14232,0,0.49952879392358823
2014-08-15 16:30:00,13784,0,0.49623487287342627
2014-08-15 17:00:00,16867,0,0.44551121331868004
2014-08-15 17:30:00,19906,0,0.4699173784125763
2014-08-15 18:00:00,21668,0,0.5018425863159718
2014-08-15 18:30:00,23098,0,0.5062095629752487
2014-08-15 19:00:00,24319,0,0.5374254490581098
2014-08-15 19:30:00,23800,0,0.5131840684483426
2014-08-15 20:00:00,22649,0,0.49753490851002796
2014-08-15 20:30:00,23190,0,0.5068555591259145
2014-08-15 21:00:00,22209,0,0.5026207369278074
2014-08-15 21:30:00,22105,0,0.49953804166362875
2014-08-15 22:00:00,23041,0,0.5018062184345758
2014-08-15 22:30:00,23974,0,0.5220447554136936
2014-08-15 23:00:00,24057,0,0.5307177668461396
2014-08-15 23:30:00,23997,0,0.5247127672520226
2014-08-16 00:00:00,23174,0,0.5061620556092604
2014-08-16 00:30:00,21534,0,0.4901844481773886
2014-08-16 01:00:00,20240,0,0.4807201796185254
2014-08-16 01:30:00,18434,0,0.43629806161809226
2014-08-16 02:00:00,17382,0,0.42980488667829886
2014-08-16 02:30:00,14870,0,0.4712952327304167
2014-08-16 03:00:00,12921,0,0.5213797860014332
2014-08-16 03:30:00,11258,0,0.547645655757789
2014-08-16 04:00:00,9869,1,0.5591958292174437
2014-08-16 04:30:00,6061,0,0.5439231244741243
2014-08-16 05:00:00,4150,0,0.5377811926274377
2014-08-16 05:30:00,3688,0,0.5385453546536365
2014-08-16 06:00:00,3811,0,0.5366612117137721
2014-08-16 06:30:00,4938,0,0.5433139613256891
2014-08-16 07:00:00,5248,0,0.5441525591880939
2014-08-16 07:30:00,6972,0,0.5317963673969519
2014-08-16 08:00:00,7885,1,0.561875333278681
2014-08-16 08:30:00,9526,1,0.5598677550166238
2014-08-16 09:00:00,10750,0,0.5417260040605181
2014-08-16 09:30:00,12899,0,0.5227927308099276
2014-08-16 10:00:00,12950,0,0.5207830598434238
2014-08-16 10:30:00,14145,0,0.48966618739988177
2014-08-16 11:00:00,14724,0,0.47344787539687255
2014-08-16 11:30:00,15667,0,0.463742445462139
2014-08-16 12:00:00,16016,0,0.4573238957195307
2014-08-16 12:30:00,16245,0,0.45603168388681337
2014-08-16 13:00:00,17156,0,0.4378658597168246
2014-08-16 13:30:00,17194,0,0.43397907174991873
2014-08-16 14:00:00,16993,0,0.43654261358169105
2014-08-16 14:30:00,17286,0,0.43382481799513684
2014-08-16 15:00:00,17109,0,0.4370537706702037
2014-08-16 15:30:00,17115,0,0.4373566427693653
2014-08-16 16:00:00,16437,0,0.44965575334108315
2014-08-16 16:30:00,15986,0,0.4591949980143057
2014-08-16 17:00:00,17735,0,0.43604023863856023
2014-08-16 17:30:00,19247,0,0.4476762108923653
2014-08-16 18:00:00,20555,0,0.48544369170901164
2014-08-16 18:30:00,21424,0,0.48400139162675865
2014-08-16 19:00:00,22252,0,0.5022817164959873
2014-08-16 19:30:00,21379,0,0.4781262581690388
2014-08-16 20:00:00,20043,0,0.47119906518172594
2014-08-16 20:30:00,19941,0,0.47200932952245833
2014-08-16 21:00:00,19947,0,0.472328792635398
2014-08-16 21:30:00,20601,0,0.48938182311081885
2014-08-16 22:00:00,21109,0,0.490580139725931
2014-08-16 22:30:00,22185,0,0.5010623855942328
2014-08-16 23:00:00,22255,0,0.5022817164959873
2014-08-16 23:30:00,23286,0,0.5087254840697334
2014-08-17 00:00:00,23263,0,0.5082190665447354
2014-08-17 00:30:00,22356,0,0.5014401474452926
2014-08-17 01:00:00,20247,0,0.48143866749618813
2014-08-17 01:30:00,19261,0,0.44800294321378037
2014-08-17 02:00:00,18335,0,0.44075717377510293
2014-08-17 02:30:00,15881,0,0.46511848748381895
2014-08-17 03:00:00,14076,0,0.4876941411294392
2014-08-17 03:30:00,12215,0,0.5330667396513239
2014-08-17 04:00:00,10492,0,0.5507775187962634
2014-08-17 04:30:00,6297,0,0.5328403425655504
2014-08-17 05:00:00,4328,0,0.5305995615148813
2014-08-17 05:30:00,3426,0,0.5467313029645625
2014-08-17 06:00:00,3367,0,0.5468368675485052
2014-08-17 06:30:00,3930,0,0.538752774430424
2014-08-17 07:00:00,3834,0,0.5385694907062476
2014-08-17 07:30:00,5166,0,0.5464395070236154
2014-08-17 08:00:00,6704,0,0.5288295582462774
2014-08-17 08:30:00,8252,0,0.5516961055550673
2014-08-17 09:00:00,8872,0,0.5506326387921057
2014-08-17 09:30:00,10157,0,0.5498400118974919
2014-08-17 10:00:00,11490,0,0.5443868638258038
2014-08-17 10:30:00,13701,0,0.499592835631924
2014-08-17 11:00:00,14623,0,0.4838706455827808
2014-08-17 11:30:00,15373,0,0.462038616407876
2014-08-17 12:00:00,15798,0,0.466047736116944
2014-08-17 12:30:00,16478,0,0.45151567933513304
2014-08-17 13:00:00,16986,0,0.4352829519001905
2014-08-17 13:30:00,16375,0,0.4549519390648216
2014-08-17 14:00:00,17545,0,0.42839886578821385
2014-08-17 14:30:00,17532,0,0.42963507234296633
2014-08-17 15:00:00,16751,0,0.45219165484420343
2014-08-17 15:30:00,16425,0,0.4503226333156613
2014-08-17 16:00:00,16231,0,0.4578089251968743
2014-08-17 16:30:00,16257,0,0.4564419394043541
2014-08-17 17:00:00,16875,0,0.4450497357176177
2014-08-17 17:30:00,18041,0,0.43483422819105216
2014-08-17 18:00:00,18055,0,0.43581414959491044
2014-08-17 18:30:00,18276,0,0.43793744277493274
2014-08-17 19:00:00,18030,0,0.43478606572092277
2014-08-17 19:30:00,17081,0,0.43592717521848356
2014-08-17 20:00:00,16006,0,0.4580689857078311
2014-08-17 20:30:00,16544,0,0.45792336306276576
2014-08-17 21:00:00,16394,0,0.45161123036162326
2014-08-17 21:30:00,16467,0,0.45192125184439874
2014-08-17 22:00:00,15480,0,0.4590602824218722
2014-08-17 22:30:00,14150,0,0.49194142049365536
2014-08-17 23:00:00,12599,0,0.5285833157261922
2014-08-17 23:30:00,11942,0,0.5292086712292298
2014-08-18 00:00:00,9875,1,0.5562717567188057
2014-08-18 00:30:00,7581,1,0.5575537441159544
2014-08-18 01:00:00,5815,0,0.5425712015032215
2014-08-18 01:30:00,4164,0,0.5384553498253336
2014-08-18 02:00:00,3757,0,0.532572865892304
2014-08-18 02:30:00,2863,0,0.5370817870145704
2014-08-18 03:00:00,2372,0,0.5341614746077363
2014-08-18 03:30:00,1951,1,0.5877058949241735
2014-08-18 04:00:00,2353,0,0.5394693919822793
2014-08-18 04:30:00,2332,0,0.5415407583085535
2014-08-18 05:00:00,2702,0,0.5325027620790532
2014-08-18 05:30:00,4271,0,0.5342431217423841
2014-08-18 06:00:00,6107,0,0.5430264980876217
2014-08-18 06:30:00,10069,1,0.5536833266686944
2014-08-18 07:00:00,11882,0,0.5304260736189834
2014-08-18 07:30:00,14095,0,0.48849889188472095
2014-08-18 08:00:00,15597,0,0.46483896473752545
2014-08-18 08:30:00,18046,0,0.435128530628445
2014-08-18 09:00:00,17168,0,0.43917990670612433
2014-08-18 09:30:00,16333,0,0.4549095762368952
2014-08-18 10:00:00,14794,0,0.47351323034625603
2014-08-18 10:30:00,14653,0,0.4813128032029411
2014-08-18 11:00:00,14058,0,0.4856978526042438
2014-08-18 11:30:00,15162,0,0.4714448848653268
2014-08-18 12:00:00,15013,0,0.4704639314037617
2014-08-18 12:30:00,15376,0,0.4620496778068899
2014-08-18 13:00:00,14922,0,0.4751644744147333
2014-08-18 13:30:00,16122,0,0.4593758009427476
2014-08-18 14:00:00,16229,0,0.4576168046538483
2014-08-18 14:30:00,16481,0,0.45151567933513304
2014-08-18 15:00:00,16424,0,0.4503226333156613
2014-08-18 15:30:00,15719,0,0.46724851564554665
2014-08-18 16:00:00,15087,0,0.4740280166111492
2014-08-18 16:30:00,14465,0,0.4908157255105512
2014-08-18 17:00:00,16588,0,0.46189154872588883
2014-08-18 17:30:00,17923,0,0.43135108292246654
2014-08-18 18:00:00,20054,0,0.46751521060624723
2014-08-18 18:30:00,21402,0,0.47805917275820753
2014-08-18 19:00:00,21523,0,0.49084820134140983
2014-08-18 19:30:00,20447,0,0.47820827600544025
2014-08-18 20:00:00,20431,0,0.47689620504957125
2014-08-18 20:30:00,19708,0,0.4652269903285295
2014-08-18 21:00:00,19821,0,0.46605184760205604
2014-08-18 21:30:00,19291,0,0.44777650825665194
2014-08-18 22:00:00,18093,0,0.43313581759148234
2014-08-18 22:30:00,16177,0,0.45784690951948676
2014-08-18 23:00:00,14282,0,0.4971186699504824
2014-08-18 23:30:00,11852,0,0.5388283274291452
2014-08-19 00:00:00,9601,1,0.5614167187963522
2014-08-19 00:30:00,7532,1,0.5560651120027381
2014-08-19 01:00:00,5866,0,0.5396847571185542
2014-08-19 01:30:00,4515,0,0.5280902101642043
2014-08-19 02:00:00,3787,0,0.5348613786906901
2014-08-19 02:30:00,2947,0,0.5436926798236136
2014-08-19 03:00:00,2237,0,0.5367974270981741
2014-08-19 03:30:00,2022,1,0.5699996637546358
2014-08-19 04:00:00,2313,0,0.5409901047063026
2014-08-19 04:30:00,1932,1,0.5966878649750723
2014-08-19 05:00:00,2200,0,0.5423672771321211
2014-08-19 05:30:00,4019,0,0.5429743290393507
2014-08-19 06:00:00,5928,0,0.5404617712927443
2014-08-19 06:30:00,9987,1,0.55514380426768
2014-08-19 07:00:00,12094,0,0.5261009117956115
2014-08-19 07:30:00,14716,0,0.47248786496117434
2014-08-19 08:00:00,16670,0,0.4508293826912785
2014-08-19 08:30:00,18950,0,0.4398390010711773
2014-08-19 09:00:00,17964,0,0.43246921301480024
2014-08-19 09:30:00,17783,0,0.43510737741914923
2014-08-19 10:00:00,15966,0,0.46046478457713885
2014-08-19 10:30:00,15946,0,0.45887119854124137
2014-08-19 11:00:00,15205,0,0.465210535828829
2014-08-19 11:30:00,16175,0,0.45886350032026635
2014-08-19 12:00:00,16790,0,0.4529264669072444
2014-08-19 12:30:00,17284,0,0.4347581569922687
2014-08-19 13:00:00,16153,0,0.45896560881280735
2014-08-19 13:30:00,17673,0,0.4311500215972047
2014-08-19 14:00:00,18157,0,0.43485496206290586
2014-08-19 14:30:00,17858,0,0.43563667759382846
2014-08-19 15:00:00,17087,0,0.43592717521848356
2014-08-19 15:30:00,16385,0,0.456772221956283
2014-08-19 16:00:00,15063,0,0.4730770378307971
2014-08-19 16:30:00,13909,0,0.49545859368111667
2014-08-19 17:00:00,16462,0,0.4516155915243657
2014-08-19 17:30:00,18855,0,0.4457898710016922
2014-08-19 18:00:00,21606,0,0.49375887751097564
2014-08-19 18:30:00,22910,0,0.5053484883282955
2014-08-19 19:00:00,23691,0,0.5076355070837355
2014-08-19 19:30:00,22752,0,0.4969821536086707
2014-08-19 20:00:00,22414,0,0.5025278729503105
2014-08-19 20:30:00,21896,0,0.502124562275726
2014-08-19 21:00:00,21887,0,0.5017849465710533
2014-08-19 21:30:00,21845,0,0.501791250876091
2014-08-19 22:00:00,21436,0,0.4844283161025004
2014-08-19 22:30:00,19787,0,0.4647661655733073
2014-08-19 23:00:00,18369,0,0.4407289753503739
2014-08-19 23:30:00,15132,0,0.47302105966527264
2014-08-20 00:00:00,12168,0,0.5301239245224688
2014-08-20 00:30:00,9288,1,0.5535572282521941
2014-08-20 01:00:00,7465,1,0.5529858347760125
2014-08-20 01:30:00,5656,0,0.5453385930280681
2014-08-20 02:00:00,4693,0,0.536459656916304
2014-08-20 02:30:00,3694,0,0.5373117373908398
2014-08-20 03:00:00,3027,0,0.5448229945042414
2014-08-20 03:30:00,2587,0,0.5332899021391452
2014-08-20 04:00:00,2733,0,0.5299741971531164
2014-08-20 04:30:00,2216,0,0.5382984632457405
2014-08-20 05:00:00,2289,0,0.5398391132682173
2014-08-20 05:30:00,3937,0,0.5395937694926111
2014-08-20 06:00:00,5718,0,0.5440091205226945
2014-08-20 06:30:00,10053,1,0.5552059951478838
2014-08-20 07:00:00,12154,0,0.5281828034794468
2014-08-20 07:30:00,15289,0,0.4614170065889345
2014-08-20 08:00:00,17424,0,0.42664078152208984
2014-08-20 08:30:00,19403,0,0.4508573633950576
2014-08-20 09:00:00,18488,0,0.43381263474549736
2014-08-20 09:30:00,17881,0,0.43371250873069034
2014-08-20 10:00:00,16397,0,0.45130577972693964
2014-08-20 10:30:00,16319,0,0.45450947548419257
2014-08-20 11:00:00,15923,0,0.4619754712383261
2014-08-20 11:30:00,17200,0,0.43397907174991873
2014-08-20 12:00:00,17140,0,0.4380381214488359
2014-08-20 12:30:00,17422,0,0.42664078152208984
2014-08-20 13:00:00,17393,0,0.4290880400135442
2014-08-20 13:30:00,17612,0,0.43334423998609295
2014-08-20 14:00:00,17475,0,0.4290782134927088
2014-08-20 14:30:00,17685,0,0.43185863855441553
2014-08-20 15:00:00,16765,0,0.45274098055131007
2014-08-20 15:30:00,15701,0,0.46546757502715574
2014-08-20 16:00:00,14276,0,0.4974551274479717
2014-08-20 16:30:00,13715,0,0.4974956211466817
2014-08-20 17:00:00,15577,0,0.46515357483822173
2014-08-20 17:30:00,18831,0,0.44544091267814323
2014-08-20 18:00:00,21971,0,0.5020901452723249
2014-08-20 18:30:00,23814,0,0.5157693770736266
2014-08-20 19:00:00,24147,0,0.5359477236369309
2014-08-20 19:30:00,23300,0,0.5087254840697334
2014-08-20 20:00:00,23237,0,0.5069145497477698
2014-08-20 20:30:00,23018,0,0.5031334504842175
2014-08-20 21:00:00,22814,0,0.5015052488408911
2014-08-20 21:30:00,22716,0,0.4961292413243877
2014-08-20 22:00:00,22838,0,0.500612234864921
2014-08-20 22:30:00,21546,0,0.4920138289417925
2014-08-20 23:00:00,19205,0,0.4444829334890515
2014-08-20 23:30:00,17041,0,0.43611078659782465
2014-08-21 00:00:00,14569,0,0.48508171632290586
2014-08-21 00:30:00,11396,0,0.5467922710837894
2014-08-21 01:00:00,8719,1,0.5580709740905551
2014-08-21 01:30:00,6717,0,0.5295456403125671
2014-08-21 02:00:00,5410,0,0.5489673837253809
2014-08-21 02:30:00,4458,0,0.525388971080418
2014-08-21 03:00:00,3703,0,0.5376753981693663
2014-08-21 03:30:00,3166,0,0.5383702164419719
2014-08-21 04:00:00,3256,0,0.5453764970494276
2014-08-21 04:30:00,2805,0,0.5355013994664438
2014-08-21 05:00:00,3067,0,0.5446811458423163
2014-08-21 05:30:00,4424,0,0.5222906846755682
2014-08-21 06:00:00,6076,0,0.5422605550845719
2014-08-21 06:30:00,10251,0,0.5511906829708916
2014-08-21 07:00:00,12400,0,0.5317927782309035
2014-08-21 07:30:00,15229,0,0.46411793237029725
2014-08-21 08:00:00,17252,0,0.4352433788748915
2014-08-21 08:30:00,19332,0,0.4460121271372493
2014-08-21 09:00:00,18249,0,0.43734918164875575
2014-08-21 09:30:00,18059,0,0.4359930932875841
2014-08-21 10:00:00,15889,0,0.4634547778358991
2014-08-21 10:30:00,16234,0,0.4569582583197384
2014-08-21 11:00:00,15730,0,0.46695445605263025
2014-08-21 11:30:00,16578,0,0.4601507310891759
2014-08-21 12:00:00,17363,0,0.4274045253651876
2014-08-21 12:30:00,16708,0,0.4474775353755558
2014-08-21 13:00:00,16809,0,0.45009033778946134
2014-08-21 13:30:00,17193,0,0.43397907174991873
2014-08-21 14:00:00,18105,0,0.43219629826216216
2014-08-21 14:30:00,19035,0,0.43839534343894254
2014-08-21 15:00:00,17230,0,0.4360634740212042
2014-08-21 15:30:00,15928,0,0.460726896410733
2014-08-21 16:00:00,14180,0,0.49563612873547236
2014-08-21 16:30:00,13252,0,0.5095630620786055
2014-08-21 17:00:00,15256,0,0.4638304595406711
2014-08-21 17:30:00,17773,0,0.4345435008429349
2014-08-21 18:00:00,21104,0,0.49128419086850156
2014-08-21 18:30:00,23557,0,0.5067410282119719
2014-08-21 19:00:00,24797,0,0.5437138133503561
2014-08-21 19:30:00,24794,0,0.5437138133503561
2014-08-21 20:00:00,24154,0,0.5358413576644416
2014-08-21 20:30:00,24501,0,0.5421789481122936
2014-08-21 21:00:00,24042,0,0.5284870685112713
2014-08-21 21:30:00,24125,0,0.535214414858142
2014-08-21 22:00:00,23970,0,0.5220447554136936
2014-08-21 22:30:00,25949,1,0.5666984509452424
2014-08-21 23:00:00,25094,1,0.5562187755957586
2014-08-21 23:30:00,23295,0,0.5087254840697334
2014-08-22 00:00:00,20552,0,0.4844593573520482
2014-08-22 00:30:00,16266,0,0.45670537297649394
2014-08-22 01:00:00,13365,0,0.5068823401245813
2014-08-22 01:30:00,10287,0,0.5477676609722737
2014-08-22 02:00:00,7901,1,0.5611155331424474
2014-08-22 02:30:00,6235,0,0.5377982161489354
2014-08-22 03:00:00,4869,0,0.5455472814795681
2014-08-22 03:30:00,3995,0,0.5420382374947651
2014-08-22 04:00:00,3734,0,0.5333599077185127
2014-08-22 04:30:00,3190,0,0.5394949074883241
2014-08-22 05:00:00,2878,0,0.5364093495456287
2014-08-22 05:30:00,4020,0,0.5430505239081246
2014-08-22 06:00:00,6062,0,0.5439231244741243
2014-08-22 06:30:00,9502,1,0.5591106696431616
2014-08-22 07:00:00,11446,0,0.5474507539553246
2014-08-22 07:30:00,13665,0,0.4963642600828037
2014-08-22 08:00:00,15257,0,0.4638304595406711
2014-08-22 08:30:00,17391,0,0.4283192880787337
2014-08-22 09:00:00,16922,0,0.4395470866142925
2014-08-22 09:30:00,16227,0,0.4576168046538483
2014-08-22 10:00:00,15185,0,0.46813828280550646
2014-08-22 10:30:00,15390,0,0.45933142311990993
2014-08-22 11:00:00,14725,0,0.47344787539687255
2014-08-22 11:30:00,15415,0,0.4581766704618947
2014-08-22 12:00:00,15729,0,0.4681389878031923
2014-08-22 12:30:00,16131,0,0.4593758009427476
2014-08-22 13:00:00,16058,0,0.45747489218004583
2014-08-22 13:30:00,16015,0,0.4573238957195307
2014-08-22 14:00:00,16749,0,0.45188581163507824
2014-08-22 14:30:00,16857,0,0.4479707872144421
2014-08-22 15:00:00,16588,0,0.46189154872588883
2014-08-22 15:30:00,15430,0,0.45948837977808654
2014-08-22 16:00:00,14186,0,0.496894876343599
2014-08-22 16:30:00,13756,0,0.4974111223319826
2014-08-22 17:00:00,15596,0,0.46445939045433987
2014-08-22 17:30:00,17743,0,0.4359873263563949
2014-08-22 18:00:00,19439,0,0.45071387839610216
2014-08-22 18:30:00,21047,0,0.49192172623174857
2014-08-22 19:00:00,22647,0,0.49753490851002796
2014-08-22 19:30:00,21734,0,0.5042189013027891
2014-08-22 20:00:00,21394,0,0.4787065072252382
2014-08-22 20:30:00,20208,0,0.475861530531343
2014-08-22 21:00:00,20329,0,0.4753466429466466
2014-08-22 21:30:00,20221,0,0.48046245412833316
2014-08-22 22:00:00,20945,0,0.49221678153584
2014-08-22 22:30:00,22327,0,0.5020875098362312
2014-08-22 23:00:00,22765,0,0.49540205671704296
2014-08-22 23:30:00,22852,0,0.5024984153402113
2014-08-23 00:00:00,22726,0,0.4951426037193831
2014-08-23 00:30:00,21079,0,0.4908908874715379
2014-08-23 01:00:00,19166,0,0.4440211463659364
2014-08-23 01:30:00,17719,0,0.43171541226546045
2014-08-23 02:00:00,16471,0,0.45192125184439874
2014-08-23 02:30:00,14158,0,0.4926075527538277
2014-08-23 03:00:00,12730,0,0.523279034394678
2014-08-23 03:30:00,10984,0,0.543413239960235
2014-08-23 04:00:00,9409,1,0.5595452416568281
2014-08-23 04:30:00,5667,0,0.5457076865049092
2014-08-23 05:00:00,3879,0,0.5377444283915417
2014-08-23 05:30:00,3398,0,0.5478710597764557
2014-08-23 06:00:00,3683,0,0.5385453546536365
2014-08-23 06:30:00,4437,0,0.5245007779547352
2014-08-23 07:00:00,4732,0,0.5359870752712134
2014-08-23 07:30:00,6130,0,0.5443424735861593
2014-08-23 08:00:00,6492,0,0.5222111664998369
2014-08-23 08:30:00,8397,0,0.5519757651697031
2014-08-23 09:00:00,9673,1,0.5612516417327871
2014-08-23 09:30:00,11493,0,0.5443868638258038
2014-08-23 10:00:00,11723,0,0.5445038061414958
2014-08-23 10:30:00,14060,0,0.4856978526042438
2014-08-23 11:00:00,14204,0,0.49925380391116814
2014-08-23 11:30:00,15542,0,0.4626299786449566
2014-08-23 12:00:00,15446,0,0.458964372589176
2014-08-23 12:30:00,15993,0,0.4579370724383795
2014-08-23 13:00:00,16206,0,0.4585996438021097
2014-08-23 13:30:00,16531,0,0.45761364316990133
2014-08-23 14:00:00,15717,0,0.4660510805873978
2014-08-23 14:30:00,15964,0,0.45893779715381233
2014-08-23 15:00:00,15868,0,0.4663864308765308
2014-08-23 15:30:00,16012,0,0.4572138373162788
2014-08-23 16:00:00,16200,0,0.45797949899204254
2014-08-23 16:30:00,15778,0,0.4647770024458522
2014-08-23 17:00:00,16268,0,0.45670537297649394
2014-08-23 17:30:00,18160,0,0.4352103424554807
2014-08-23 18:00:00,19155,0,0.44159182818212694
2014-08-23 18:30:00,20365,0,0.474894988717329
2014-08-23 19:00:00,21278,0,0.4831384920143733
2014-08-23 19:30:00,20466,0,0.4830225884720472
2014-08-23 20:00:00,20057,0,0.46751521060624723
2014-08-23 20:30:00,23457,0,0.5091589156586077
2014-08-23 21:00:00,18798,0,0.4400378703989787
2014-08-23 21:30:00,19387,0,0.44724582030285087
2014-08-23 22:00:00,19998,0,0.47348447144154526
2014-08-23 22:30:00,21426,0,0.48400139162675865
2014-08-23 23:00:00,22449,0,0.4995142474129534
2014-08-23 23:30:00,22640,0,0.5001227602323997
2014-08-24 00:00:00,22666,0,0.4960988624536344
2014-08-24 00:30:00,21430,0,0.48394499560461973
2014-08-24 01:00:00,20015,0,0.4764047849740905
2014-08-24 01:30:00,18791,0,0.4400378703989787
2014-08-24 02:00:00,17683,0,0.43185863855441553
2014-08-24 02:30:00,15830,0,0.46851309049219286
2014-08-24 03:00:00,13862,0,0.4938220243906784
2014-08-24 03:30:00,11961,0,0.5295668477289964
2014-08-24 04:00:00,10153,0,0.5498400118974919
2014-08-24 04:30:00,6051,0,0.5423113959674475
2014-08-24 05:00:00,3848,0,0.5387646695879625
2014-08-24 05:30:00,2948,0,0.5436926798236136
2014-08-24 06:00:00,3143,0,0.5435301217816886
2014-08-24 06:30:00,3505,0,0.5404566454062336
2014-08-24 07:00:00,3812,0,0.5366612117137721
2014-08-24 07:30:00,4939,0,0.5433139613256891
2014-08-24 08:00:00,5442,0,0.5494160212283626
2014-08-24 08:30:00,6630,0,0.5255468889633
2014-08-24 09:00:00,7744,1,0.5593351838452431
2014-08-24 09:30:00,10198,0,0.5491639756022707
2014-08-24 10:00:00,11041,0,0.546069624365012
2014-08-24 10:30:00,13200,0,0.5088026020081415
2014-08-24 11:00:00,14107,0,0.48690216068044273
2014-08-24 11:30:00,15069,0,0.4730770378307971
2014-08-24 12:00:00,15638,0,0.4642565306743425
2014-08-24 12:30:00,15464,0,0.45970245668412635
2014-08-24 13:00:00,15901,0,0.4626010269487832
2014-08-24 13:30:00,16001,0,0.4580689857078311
2014-08-24 14:00:00,16492,0,0.44994257068987914
2014-08-24 14:30:00,16166,0,0.458344969123808
2014-08-24 15:00:00,15531,0,0.4629430936701758
2014-08-24 15:30:00,15655,0,0.4651333733836661
2014-08-24 16:00:00,15040,0,0.4722146896575245
2014-08-24 16:30:00,15083,0,0.4747086742213294
2014-08-24 17:00:00,16229,0,0.4576168046538483
2014-08-24 17:30:00,17409,0,0.42824166172281336
2014-08-24 18:00:00,17288,0,0.43382481799513684
2014-08-24 18:30:00,17242,0,0.4349489987590278
2014-08-24 19:00:00,17129,0,0.437052039745598
2014-08-24 19:30:00,16103,0,0.45990804745207353
2014-08-24 20:00:00,16485,0,0.45151567933513304
2014-08-24 20:30:00,16190,0,0.45751381278651165
2014-08-24 21:00:00,15500,0,0.46295530888017977
2014-08-24 21:30:00,15128,0,0.47302105966527264
2014-08-24 22:00:00,14489,0,0.4873280816572585
2014-08-24 22:30:00,13947,0,0.4958091989793122
2014-08-24 23:00:00,12525,0,0.530772707995183
2014-08-24 23:30:00,11899,0,0.5304260736189834
2014-08-25 00:00:00,9192,0,0.5491865352315531
2014-08-25 00:30:00,6886,0,0.5270411242546665
2014-08-25 01:00:00,4888,0,0.5437492725310005
2014-08-25 01:30:00,4138,0,0.5415126514642941
2014-08-25 02:00:00,3366,0,0.5468368675485052
2014-08-25 02:30:00,2698,0,0.5335847120010391
2014-08-25 03:00:00,2290,0,0.5398391132682173
2014-08-25 03:30:00,2009,1,0.5734811385779158
2014-08-25 04:00:00,2265,0,0.5405162613909679
2014-08-25 04:30:00,2213,0,0.5382984632457405
2014-08-25 05:00:00,2450,0,0.5383929884611648
2014-08-25 05:30:00,3829,0,0.5389340027514001
2014-08-25 06:00:00,5933,0,0.5404198663393638
2014-08-25 06:30:00,9356,1,0.5547288936457776
2014-08-25 07:00:00,11482,0,0.5452005083928534
2014-08-25 07:30:00,13178,0,0.5119301491199435
2014-08-25 08:00:00,14803,0,0.47244618882913325
2014-08-25 08:30:00,16826,0,0.4484615625804251
2014-08-25 09:00:00,16649,0,0.4569034590061629
2014-08-25 09:30:00,15422,0,0.45886703316812605
2014-08-25 10:00:00,13996,0,0.4893969112623713
2014-08-25 10:30:00,13682,0,0.4988065011903408
2014-08-25 11:00:00,13297,0,0.5076545060311507
2014-08-25 11:30:00,14284,0,0.4975249346674473
2014-08-25 12:00:00,14435,0,0.4921529752853797
2014-08-25 12:30:00,14612,0,0.4842942512674406
2014-08-25 13:00:00,14814,0,0.47249318445818106
2014-08-25 13:30:00,15398,0,0.4585713373300027
2014-08-25 14:00:00,15511,0,0.46229794230410487
2014-08-25 14:30:00,15828,0,0.46851309049219286
2014-08-25 15:00:00,15396,0,0.4585713373300027
2014-08-25 15:30:00,15109,0,0.473950116754909
2014-08-25 16:00:00,14787,0,0.47522294066826964
2014-08-25 16:30:00,14532,0,0.4843964035916899
2014-08-25 17:00:00,16387,0,0.45708137236243734
2014-08-25 17:30:00,18242,0,0.4364137279629897
2014-08-25 18:00:00,19715,0,0.4644675182691259
2014-08-25 18:30:00,20288,0,0.4774268445433937
2014-08-25 19:00:00,20761,0,0.4896898234805958
2014-08-25 19:30:00,19466,0,0.4544463430870205
2014-08-25 20:00:00,19670,0,0.4622685974613961
2014-08-25 20:30:00,18802,0,0.4425317922880125
2014-08-25 21:00:00,18709,0,0.43884185695259903
2014-08-25 21:30:00,17186,0,0.43409861097306823
2014-08-25 22:00:00,16500,0,0.45483351460672866
2014-08-25 22:30:00,15616,0,0.4653638303668466
2014-08-25 23:00:00,13902,0,0.49522977255743406
2014-08-25 23:30:00,11077,0,0.5474726527875204
2014-08-26 00:00:00,9618,1,0.5614167187963522
2014-08-26 00:30:00,7193,0,0.5402345899452825
2014-08-26 01:00:00,5665,0,0.5457076865049092
2014-08-26 01:30:00,4149,0,0.5377811926274377
2014-08-26 02:00:00,3502,0,0.5400911035103287
2014-08-26 02:30:00,2634,0,0.5320566117082168
2014-08-26 03:00:00,2100,1,0.5603021311376971
2014-08-26 03:30:00,1985,1,0.5768924147086911
2014-08-26 04:00:00,2053,1,0.566416709498731
2014-08-26 04:30:00,1841,1,0.6255925178414332
2014-08-26 05:00:00,1909,1,0.6037962843098691
2014-08-26 05:30:00,3547,0,0.5418681204664912
2014-08-26 06:00:00,5829,0,0.5422042294114789
2014-08-26 06:30:00,9599,1,0.5619456632075923
2014-08-26 07:00:00,11323,0,0.5501811427804982
2014-08-26 07:30:00,13923,0,0.4963265728206609
2014-08-26 08:00:00,16029,0,0.4571955714178215
2014-08-26 08:30:00,18308,0,0.4378838368241717
2014-08-26 09:00:00,17153,0,0.4380381214488359
2014-08-26 09:30:00,16723,0,0.44864517260124004
2014-08-26 10:00:00,15360,0,0.46243474781261423
2014-08-26 10:30:00,16066,0,0.4569421969928329
2014-08-26 11:00:00,14643,0,0.48066194435261467
2014-08-26 11:30:00,15960,0,0.45821580026947756
2014-08-26 12:00:00,16351,0,0.45539520920670734
2014-08-26 12:30:00,16173,0,0.45819722916267025
2014-08-26 13:00:00,15659,0,0.4625355162995851
2014-08-26 13:30:00,17346,0,0.4288626209646011
2014-08-26 14:00:00,17145,0,0.4380381214488359
2014-08-26 14:30:00,16896,0,0.44448808342558693
2014-08-26 15:00:00,16746,0,0.4522551103004908
2014-08-26 15:30:00,15797,0,0.46694779259470565
2014-08-26 16:00:00,14202,0,0.49925380391116814
2014-08-26 16:30:00,14083,0,0.4878383155920438
2014-08-26 17:00:00,16074,0,0.4569421969928329
2014-08-26 17:30:00,18329,0,0.44075717377510293
2014-08-26 18:00:00,20961,0,0.49258978920647606
2014-08-26 18:30:00,22545,0,0.4956005880243582
2014-08-26 19:00:00,22067,0,0.5011816302443608
2014-08-26 19:30:00,21416,0,0.483442842791304
2014-08-26 20:00:00,21484,0,0.4858067464565779
2014-08-26 20:30:00,20731,0,0.48757837759550504
2014-08-26 21:00:00,20969,0,0.49200726788256294
2014-08-26 21:30:00,20820,0,0.4908784966357763
2014-08-26 22:00:00,19650,0,0.45905249388439545
2014-08-26 22:30:00,18240,0,0.435853890900292
2014-08-26 23:00:00,17133,0,0.4367486289771741
2014-08-26 23:30:00,14907,0,0.4729993646289991
2014-08-27 00:00:00,11703,0,0.5430217929604312
2014-08-27 00:30:00,8521,1,0.552760696115136
2014-08-27 01:00:00,6962,0,0.5310027268583825
2014-08-27 01:30:00,5451,0,0.5474836970381811
2014-08-27 02:00:00,4439,0,0.525210998469061
2014-08-27 02:30:00,3436,0,0.5452536597024453
2014-08-27 03:00:00,2741,0,0.5298569494688733
2014-08-27 03:30:00,2311,0,0.5409901047063026
2014-08-27 04:00:00,2532,0,0.5375414477654605
2014-08-27 04:30:00,2066,1,0.5665530547130153
2014-08-27 05:00:00,2111,1,0.5560695574941928
2014-08-27 05:30:00,3623,0,0.5413262723795914
2014-08-27 06:00:00,5719,0,0.5447457570609322
2014-08-27 06:30:00,9376,1,0.5562544375084257
2014-08-27 07:00:00,11971,0,0.5283783902748035
2014-08-27 07:30:00,14673,0,0.4742448727692194
2014-08-27 08:00:00,16545,0,0.45792336306276576
2014-08-27 08:30:00,18678,0,0.4373270621070396
2014-08-27 09:00:00,17655,0,0.43104756023773827
2014-08-27 09:30:00,17485,0,0.42809702508801495
2014-08-27 10:00:00,15834,0,0.46851309049219286
2014-08-27 10:30:00,15703,0,0.46546757502715574
2014-08-27 11:00:00,15816,0,0.46663350295519646
2014-08-27 11:30:00,16870,0,0.4456076456759222
2014-08-27 12:00:00,17123,0,0.43657491685802036
2014-08-27 12:30:00,16841,0,0.44837224295009975
2014-08-27 13:00:00,16700,0,0.44717488059640503
2014-08-27 13:30:00,17722,0,0.43347847120810734
2014-08-27 14:00:00,17849,0,0.434772225456033
2014-08-27 14:30:00,18221,0,0.4347723179111199
2014-08-27 15:00:00,17208,0,0.43368554675763876
2014-08-27 15:30:00,16318,0,0.45450947548419257
2014-08-27 16:00:00,14910,0,0.4731343897393522
2014-08-27 16:30:00,14145,0,0.48966618739988177
2014-08-27 17:00:00,16330,0,0.45567945954332983
2014-08-27 17:30:00,19328,0,0.4453912096010079
2014-08-27 18:00:00,21226,0,0.4842350226527216
2014-08-27 18:30:00,23109,0,0.5065521733277845
2014-08-27 19:00:00,24206,0,0.5370833177068649
2014-08-27 19:30:00,23297,0,0.5087254840697334
2014-08-27 20:00:00,23493,0,0.5107808215888733
2014-08-27 20:30:00,22794,0,0.4972759761447907
2014-08-27 21:00:00,22502,0,0.49695438420235055
2014-08-27 21:30:00,22337,0,0.5015080892007393
2014-08-27 22:00:00,24446,0,0.539469143922845
2014-08-27 22:30:00,20929,0,0.4921078870309929
2014-08-27 23:00:00,17937,0,0.43368827860828946
2014-08-27 23:30:00,16036,0,0.45735466780089346
2014-08-28 00:00:00,13547,0,0.4963012984469249
2014-08-28 00:30:00,10363,0,0.5481213371108021
2014-08-28 01:00:00,8553,1,0.5562599407913679
2014-08-28 01:30:00,6457,0,0.5258131714441266
2014-08-28 02:00:00,5248,0,0.5441525591880939
2014-08-28 02:30:00,3879,0,0.5377444283915417
2014-08-28 03:00:00,3173,0,0.5392906108056998
2014-08-28 03:30:00,2653,0,0.5344140914889443
2014-08-28 04:00:00,2858,0,0.5391594869713411
2014-08-28 04:30:00,2244,0,0.5378341191879823
2014-08-28 05:00:00,2312,0,0.5409901047063026
2014-08-28 05:30:00,3859,0,0.5394942046750741
2014-08-28 06:00:00,5772,0,0.5435841625505035
2014-08-28 06:30:00,9391,1,0.5594667324309198
2014-08-28 07:00:00,11375,0,0.5471623484321089
2014-08-28 07:30:00,14319,0,0.49501956024133487
2014-08-28 08:00:00,16103,0,0.45990804745207353
2014-08-28 08:30:00,18835,0,0.4451833126014374
2014-08-28 09:00:00,17891,0,0.4329166985741434
2014-08-28 09:30:00,17000,0,0.437153288130446
2014-08-28 10:00:00,15534,0,0.4629430936701758
2014-08-28 10:30:00,15916,0,0.4619754712383261
2014-08-28 11:00:00,15153,0,0.47145243328325565
2014-08-28 11:30:00,16440,0,0.45140796833515845
2014-08-28 12:00:00,16424,0,0.4503226333156613
2014-08-28 12:30:00,16093,0,0.45848948648421933
2014-08-28 13:00:00,16178,0,0.45784690951948676
2014-08-28 13:30:00,17050,0,0.43611078659782465
2014-08-28 14:00:00,16795,0,0.45349425105806473
2014-08-28 14:30:00,17547,0,0.42839886578821385
2014-08-28 15:00:00,16769,0,0.45212875816259246
2014-08-28 15:30:00,15701,0,0.46546757502715574
2014-08-28 16:00:00,14067,0,0.48675299918112436
2014-08-28 16:30:00,13534,0,0.49821507824433137
2014-08-28 17:00:00,15939,0,0.4589440952866775
2014-08-28 17:30:00,18560,0,0.43399389324349213
2014-08-28 18:00:00,21029,0,0.49118759368087855
2014-08-28 18:30:00,22181,0,0.500723488300706
2014-08-28 19:00:00,22860,0,0.5021081488667231
2014-08-28 19:30:00,22742,0,0.49691242254625567
2014-08-28 20:00:00,22569,0,0.4962716751215011
2014-08-28 20:30:00,22184,0,0.500723488300706
2014-08-28 21:00:00,21926,0,0.5018009148634988
2014-08-28 21:30:00,22510,0,0.496983894413725
2014-08-28 22:00:00,22350,0,0.502640768360828
2014-08-28 22:30:00,21756,0,0.503281998821083
2014-08-28 23:00:00,20994,0,0.4913228638994419
2014-08-28 23:30:00,19084,0,0.4395451721182221
2014-08-29 00:00:00,16702,0,0.44717488059640503
2014-08-29 00:30:00,13985,0,0.4919083100990585
2014-08-29 01:00:00,11632,0,0.544118038345802
2014-08-29 01:30:00,9900,1,0.5547683286019874
2014-08-29 02:00:00,8443,1,0.5534716254096878
2014-08-29 02:30:00,6546,0,0.5232722057490019
2014-08-29 03:00:00,5270,0,0.5455506620538398
2014-08-29 03:30:00,4521,0,0.527733032399303
2014-08-29 04:00:00,4369,0,0.5226193268146978
2014-08-29 04:30:00,3409,0,0.5475005030859157
2014-08-29 05:00:00,2967,0,0.5473854522983312
2014-08-29 05:30:00,4444,0,0.5249599533834957
2014-08-29 06:00:00,5712,0,0.5440091205226945
2014-08-29 06:30:00,9008,0,0.5517293826480167
2014-08-29 07:00:00,10312,0,0.54819841617322
2014-08-29 07:30:00,12809,0,0.524514737136571
2014-08-29 08:00:00,13491,0,0.4974227463912178
2014-08-29 08:30:00,16417,0,0.4494966617683842
2014-08-29 09:00:00,15906,0,0.4622881432829505
2014-08-29 09:30:00,15249,0,0.46321433060138956
2014-08-29 10:00:00,14367,0,0.49409729270750596
2014-08-29 10:30:00,14667,0,0.4757930957259337
2014-08-29 11:00:00,14738,0,0.47376831213959947
2014-08-29 11:30:00,16134,0,0.4593758009427476
2014-08-29 12:00:00,16343,0,0.4556168787025654
2014-08-29 12:30:00,15908,0,0.4626010269487832
2014-08-29 13:00:00,16700,0,0.44717488059640503
2014-08-29 13:30:00,16712,0,0.4474775353755558
2014-08-29 14:00:00,17394,0,0.4293784533431421
2014-08-29 14:30:00,17680,0,0.43185863855441553
2014-08-29 15:00:00,17495,0,0.4290965014596777
2014-08-29 15:30:00,15984,0,0.45982415095539203
2014-08-29 16:00:00,14946,0,0.4731152760608271
2014-08-29 16:30:00,14572,0,0.48508171632290586
2014-08-29 17:00:00,16880,0,0.4444479138724483
2014-08-29 17:30:00,19398,0,0.4508573633950576
2014-08-29 18:00:00,20797,0,0.48834905337019924
2014-08-29 18:30:00,21449,0,0.48436034645630593
2014-08-29 19:00:00,22077,0,0.5019306999549846
2014-08-29 19:30:00,21483,0,0.48482167593336567
2014-08-29 20:00:00,20415,0,0.4774660071207302
2014-08-29 20:30:00,20436,0,0.4787534046974155
2014-08-29 21:00:00,19315,0,0.4447889259952169
2014-08-29 21:30:00,19328,0,0.4453912096010079
2014-08-29 22:00:00,19660,0,0.4603891656903336
2014-08-29 22:30:00,21469,0,0.4855754863271469
2014-08-29 23:00:00,20853,0,0.4918504317177517
2014-08-29 23:30:00,21452,0,0.48436034645630593
2014-08-30 00:00:00,20564,0,0.4857234940634041
2014-08-30 00:30:00,19267,0,0.44891320468841966
2014-08-30 01:00:00,17439,0,0.42783845935889414
2014-08-30 01:30:00,14848,0,0.4704242340620837
2014-08-30 02:00:00,13900,0,0.49556495162035985
2014-08-30 02:30:00,12731,0,0.5236331976258007
2014-08-30 03:00:00,10776,0,0.5396229916897204
2014-08-30 03:30:00,9550,1,0.5626501127474264
2014-08-30 04:00:00,8605,1,0.5563380000124506
2014-08-30 04:30:00,5547,0,0.5465041948828607
2014-08-30 05:00:00,3605,0,0.5396064037906567
2014-08-30 05:30:00,3238,0,0.5434583800719706
2014-08-30 06:00:00,3520,0,0.5404566454062336
2014-08-30 06:30:00,4315,0,0.5314975416105985
2014-08-30 07:00:00,5116,0,0.5486072315077204
2014-08-30 07:30:00,5918,0,0.5405376135776159
2014-08-30 08:00:00,6383,0,0.5322459690927664
2014-08-30 08:30:00,8259,0,0.5497112676073121
2014-08-30 09:00:00,9430,1,0.5594105829249745
2014-08-30 09:30:00,11656,0,0.5425326892832326
2014-08-30 10:00:00,11833,0,0.5408633100162088
2014-08-30 10:30:00,13393,0,0.5066696258128339
2014-08-30 11:00:00,13778,0,0.49623487287342627
2014-08-30 11:30:00,15204,0,0.465210535828829
2014-08-30 12:00:00,15367,0,0.4613298816386828
2014-08-30 12:30:00,15775,0,0.46543461803778857
2014-08-30 13:00:00,16045,0,0.4567820503287311
2014-08-30 13:30:00,16499,0,0.45483351460672866
2014-08-30 14:00:00,16113,0,0.45953249961575676
2014-08-30 14:30:00,16651,0,0.4569034590061629
2014-08-30 15:00:00,16507,0,0.4562721979923534
2014-08-30 15:30:00,16868,0,0.44551121331868004
2014-08-30 16:00:00,15594,0,0.46445939045433987
2014-08-30 16:30:00,16037,0,0.45735466780089346
2014-08-30 17:00:00,16973,0,0.4370068957949942
2014-08-30 17:30:00,18390,0,0.43990753501771834
2014-08-30 18:00:00,18681,0,0.43762305173244553
2014-08-30 18:30:00,19196,0,0.44371729640567725
2014-08-30 19:00:00,19744,0,0.46858068484272164
2014-08-30 19:30:00,19564,0,0.458931411021736
2014-08-30 20:00:00,17522,0,0.42889060319533173
2014-08-30 20:30:00,17731,0,0.43672729415597467
2014-08-30 21:00:00,17364,0,0.4274045253651876
2014-08-30 21:30:00,17483,0,0.42809702508801495
2014-08-30 22:00:00,18037,0,0.4361352320049552
2014-08-30 22:30:00,19559,0,0.458931411021736
2014-08-30 23:00:00,19421,0,0.45195987613976196
2014-08-30 23:30:00,19857,0,0.46737133686698323
2014-08-31 00:00:00,19205,0,0.4444829334890515
2014-08-31 00:30:00,18139,0,0.4364225582571954
2014-08-31 01:00:00,16686,0,0.4499769666730271
2014-08-31 01:30:00,14841,0,0.4704242340620837
2014-08-31 02:00:00,14018,0,0.48660092480171135
2014-08-31 02:30:00,12187,0,0.5302515335051738
2014-08-31 03:00:00,10536,0,0.5503277695330752
2014-08-31 03:30:00,9591,1,0.5619456632075923
2014-08-31 04:00:00,8665,1,0.5567507132298593
2014-08-31 04:30:00,5317,0,0.5424984445604771
2014-08-31 05:00:00,3597,0,0.5396064037906567
2014-08-31 05:30:00,2783,0,0.5356887671934051
2014-08-31 06:00:00,2587,0,0.5332899021391452
2014-08-31 06:30:00,2914,0,0.5360731459704143
2014-08-31 07:00:00,3167,0,0.5383702164419719
2014-08-31 07:30:00,4212,0,0.5356539335174337
2014-08-31 08:00:00,4502,0,0.5265274233525993
2014-08-31 08:30:00,5730,0,0.5447457570609322
2014-08-31 09:00:00,7102,0,0.5416312983391425
2014-08-31 09:30:00,9054,0,0.5516073220028157
2014-08-31 10:00:00,10152,0,0.5498400118974919
2014-08-31 10:30:00,13059,0,0.5170633661397733
2014-08-31 11:00:00,13923,0,0.4963265728206609
2014-08-31 11:30:00,14755,0,0.4741177594556613
2014-08-31 12:00:00,15186,0,0.46813828280550646
2014-08-31 12:30:00,16404,0,0.449441030964281
2014-08-31 13:00:00,16652,0,0.4569034590061629
2014-08-31 13:30:00,17446,0,0.4271832454954109
2014-08-31 14:00:00,17493,0,0.4284561278140591
2014-08-31 14:30:00,17264,0,0.4351936442683039
2014-08-31 15:00:00,16546,0,0.45792336306276576
2014-08-31 15:30:00,17090,0,0.43592717521848356
2014-08-31 16:00:00,17297,0,0.435241395021496
2014-08-31 16:30:00,16546,0,0.45792336306276576
2014-08-31 17:00:00,16474,0,0.45151567933513304
2014-08-31 17:30:00,16959,0,0.43686636610684165
2014-08-31 18:00:00,16567,0,0.46094796181433845
2014-08-31 18:30:00,17590,0,0.43302839073146904
2014-08-31 19:00:00,17053,0,0.4369968853472367
2014-08-31 19:30:00,16561,0,0.4603020405473564
2014-08-31 20:00:00,16870,0,0.4456076456759222
2014-08-31 20:30:00,16514,0,0.45663592685120014
2014-08-31 21:00:00,15871,0,0.46607098692442844
2014-08-31 21:30:00,15529,0,0.4629430936701758
2014-08-31 22:00:00,15049,0,0.47275706863662104
2014-08-31 22:30:00,15675,0,0.463742445462139
2014-08-31 23:00:00,15673,0,0.463742445462139
2014-08-31 23:30:00,15524,0,0.4623170753974275
2014-09-01 00:00:00,14618,0,0.4834755305700897
2014-09-01 00:30:00,12908,0,0.5231465649033675
2014-09-01 01:00:00,10842,0,0.5405921057787234
2014-09-01 01:30:00,9248,1,0.5543067937740817
2014-09-01 02:00:00,8588,1,0.5563380000124506
2014-09-01 02:30:00,7631,1,0.5565901813491138
2014-09-01 03:00:00,6519,0,0.5231987859560089
2014-09-01 03:30:00,5657,0,0.5453385930280681
2014-09-01 04:00:00,5214,0,0.5435443407343323
2014-09-01 04:30:00,3827,0,0.5375342106822099
2014-09-01 05:00:00,2939,0,0.5412311972685137
2014-09-01 05:30:00,2872,0,0.5364093495456287
2014-09-01 06:00:00,2994,0,0.5468689723752497
2014-09-01 06:30:00,3708,0,0.5373117373908398
2014-09-01 07:00:00,3547,0,0.5418681204664912
2014-09-01 07:30:00,4761,0,0.5386427846666423
2014-09-01 08:00:00,5038,0,0.5474533135190802
2014-09-01 08:30:00,5875,0,0.5396847571185542
2014-09-01 09:00:00,6910,0,0.529185005745999
2014-09-01 09:30:00,8800,1,0.5564320915561038
2014-09-01 10:00:00,9782,1,0.5583179749314663
2014-09-01 10:30:00,11506,0,0.5452552315963856
2014-09-01 11:00:00,12291,0,0.5353213195294202
2014-09-01 11:30:00,13600,0,0.49249002015731824
2014-09-01 12:00:00,14040,0,0.4863206170009293
2014-09-01 12:30:00,15063,0,0.4730770378307971
2014-09-01 13:00:00,15073,0,0.4730770378307971
2014-09-01 13:30:00,15834,0,0.46851309049219286
2014-09-01 14:00:00,16567,0,0.46094796181433845
2014-09-01 14:30:00,16955,0,0.4365708882714202
2014-09-01 15:00:00,17408,0,0.4285916374690667
2014-09-01 15:30:00,16857,0,0.4479707872144421
2014-09-01 16:00:00,16002,0,0.4580689857078311
2014-09-01 16:30:00,15826,0,0.46851309049219286
2014-09-01 17:00:00,16961,0,0.4370068957949942
2014-09-01 17:30:00,17779,0,0.43394861767603077
2014-09-01 18:00:00,17578,0,0.43199400704728247
2014-09-01 18:30:00,17777,0,0.4345435008429349
2014-09-01 19:00:00,17764,0,0.4345435008429349
2014-09-01 19:30:00,17130,0,0.437052039745598
2014-09-01 20:00:00,16641,0,0.4569034590061629
2014-09-01 20:30:00,16884,0,0.4454359838172983
2014-09-01 21:00:00,15068,0,0.4730770378307971
2014-09-01 21:30:00,15557,0,0.4638034366088853
2014-09-01 22:00:00,13766,0,0.4965707322035749
2014-09-01 22:30:00,13377,0,0.5065395064612621
2014-09-01 23:00:00,11025,0,0.5464392126150112
2014-09-01 23:30:00,9707,1,0.5623920042120658
2014-09-02 00:00:00,8043,1,0.5580414745312374
2014-09-02 00:30:00,5630,0,0.5463318946258429
2014-09-02 01:00:00,4347,0,0.5271423995615538
2014-09-02 01:30:00,3606,0,0.5396064037906567
2014-09-02 02:00:00,2588,0,0.5332899021391452
2014-09-02 02:30:00,1969,1,0.5869111652170995
2014-09-02 03:00:00,1876,1,0.6115952582514803
2014-09-02 03:30:00,1431,1,0.6677331748840928
2014-09-02 04:00:00,1752,1,0.6359224374262333
2014-09-02 04:30:00,2044,1,0.5684500318192741
2014-09-02 05:00:00,2447,0,0.5366812306417653
2014-09-02 05:30:00,4617,0,0.5249875403147591
2014-09-02 06:00:00,6988,0,0.5340345219611
2014-09-02 06:30:00,11616,0,0.542647457918454
2014-09-02 07:00:00,14774,0,0.4743069335837246
2014-09-02 07:30:00,17823,0,0.4329643170082493
2014-09-02 08:00:00,18623,0,0.4379711686451024
2014-09-02 08:30:00,18814,0,0.4445823113842209
2014-09-02 09:00:00,19221,0,0.44538955388827184
2014-09-02 09:30:00,18627,0,0.4376659584359896
2014-09-02 10:00:00,16650,0,0.4569034590061629
2014-09-02 10:30:00,17378,0,0.4283963377244381
2014-09-02 11:00:00,16414,0,0.4501053200654296
2014-09-02 11:30:00,17230,0,0.4360634740212042
2014-09-02 12:00:00,17557,0,0.4309621751803253
2014-09-02 12:30:00,18262,0,0.4386051126395337
2014-09-02 13:00:00,17698,0,0.43066862328382655
2014-09-02 13:30:00,18863,0,0.44327184000181186
2014-09-02 14:00:00,18234,0,0.43443562946327896
2014-09-02 14:30:00,18514,0,0.4347562005174239
2014-09-02 15:00:00,18364,0,0.4410289624819759
2014-09-02 15:30:00,17952,0,0.43305481463791917
2014-09-02 16:00:00,15781,0,0.46753634954094003
2014-09-02 16:30:00,14487,0,0.48627168845979796
2014-09-02 17:00:00,16062,0,0.45772338252245076
2014-09-02 17:30:00,18952,0,0.4410507010197767
2014-09-02 18:00:00,21395,0,0.4787065072252382
2014-09-02 18:30:00,23040,0,0.5014262317341805
2014-09-02 19:00:00,22890,0,0.5012478973129569
2014-09-02 19:30:00,22306,0,0.4994772097828832
2014-09-02 20:00:00,21704,0,0.5033972730604102
2014-09-02 20:30:00,20543,0,0.4850871427097059
2014-09-02 21:00:00,19896,0,0.47018823163632895
2014-09-02 21:30:00,19857,0,0.46737133686698323
2014-09-02 22:00:00,17841,0,0.4329133064137465
2014-09-02 22:30:00,16192,0,0.45822516437101546
2014-09-02 23:00:00,14116,0,0.4865728407609855
2014-09-02 23:30:00,12865,0,0.5235173615437085
2014-09-03 00:00:00,10465,0,0.5509183319526559
2014-09-03 00:30:00,8215,0,0.5520695018933465
2014-09-03 01:00:00,6481,0,0.5215050025308049
2014-09-03 01:30:00,4265,0,0.5349665342531882
2014-09-03 02:00:00,3434,0,0.5452536597024453
2014-09-03 02:30:00,2726,0,0.5296332782920801
2014-09-03 03:00:00,2358,0,0.5359551628942676
2014-09-03 03:30:00,2019,1,0.5715443689529756
2014-09-03 04:00:00,2137,0,0.5502961468459496
2014-09-03 04:30:00,1903,1,0.6033879021752743
2014-09-03 05:00:00,2252,0,0.5379408807290749
2014-09-03 05:30:00,4206,0,0.5343042744830655
2014-09-03 06:00:00,6545,0,0.5232722057490019
2014-09-03 06:30:00,11780,0,0.5445478792251374
2014-09-03 07:00:00,14707,0,0.47233989878337274
2014-09-03 07:30:00,18624,0,0.4379711686451024
2014-09-03 08:00:00,19178,0,0.4456062966097014
2014-09-03 08:30:00,20265,0,0.48225344830657163
2014-09-03 09:00:00,19277,0,0.4482066374821836
2014-09-03 09:30:00,19042,0,0.43875361716891265
2014-09-03 10:00:00,18108,0,0.43436948001295067
2014-09-03 10:30:00,18275,0,0.43793744277493274
2014-09-03 11:00:00,17300,0,0.4337714908578045
2014-09-03 11:30:00,18631,0,0.4378862399755017
2014-09-03 12:00:00,18582,0,0.4339866883151625
2014-09-03 12:30:00,18037,0,0.4361352320049552
2014-09-03 13:00:00,17899,0,0.43441900980290066
2014-09-03 13:30:00,18984,0,0.44063334435626583
2014-09-03 14:00:00,18491,0,0.43381263474549736
2014-09-03 14:30:00,19072,0,0.4403861546913017
2014-09-03 15:00:00,18693,0,0.43884185695259903
2014-09-03 15:30:00,17268,0,0.43587726349823663
2014-09-03 16:00:00,15918,0,0.4619754712383261
2014-09-03 16:30:00,14478,0,0.49062529341380523
2014-09-03 17:00:00,16540,0,0.45761364316990133
2014-09-03 17:30:00,19765,0,0.4685000596093517
2014-09-03 18:00:00,22526,0,0.4962716751215011
2014-09-03 18:30:00,23454,0,0.5091589156586077
2014-09-03 19:00:00,24380,0,0.5418688142288606
2014-09-03 19:30:00,24477,0,0.5408105931456737
2014-09-03 20:00:00,24234,0,0.5335242995054058
2014-09-03 20:30:00,23319,0,0.5078150072850416
2014-09-03 21:00:00,23387,0,0.5075192522820167
2014-09-03 21:30:00,22963,0,0.5045090253972238
2014-09-03 22:00:00,22006,0,0.49977993889916145
2014-09-03 22:30:00,20301,0,0.47760103766109546
2014-09-03 23:00:00,18259,0,0.43913687350473235
2014-09-03 23:30:00,15608,0,0.465744143793515
2014-09-04 00:00:00,12990,0,0.5173960740165557
2014-09-04 00:30:00,10273,0,0.5498226262111412
2014-09-04 01:00:00,8434,1,0.5530972807346775
2014-09-04 01:30:00,6378,0,0.5318859805492199
2014-09-04 02:00:00,5549,0,0.5465041948828607
2014-09-04 02:30:00,4131,0,0.5421346250824425
2014-09-04 03:00:00,3241,0,0.5438262009920074
2014-09-04 03:30:00,2410,0,0.536018176964948
2014-09-04 04:00:00,2804,0,0.5355013994664438
2014-09-04 04:30:00,2320,0,0.5407543385622123
2014-09-04 05:00:00,2431,0,0.5366725581697657
2014-09-04 05:30:00,4222,0,0.5352916399716495
2014-09-04 06:00:00,6633,0,0.5266147058010827
2014-09-04 06:30:00,12006,0,0.529991605396037
2014-09-04 07:00:00,15589,0,0.4647737436533724
2014-09-04 07:30:00,20359,0,0.4758598899959405
2014-09-04 08:00:00,20593,0,0.48741670408007604
2014-09-04 08:30:00,19590,0,0.4592272489043612
2014-09-04 09:00:00,19637,0,0.4594003692674923
2014-09-04 09:30:00,19026,0,0.4392419961272923
2014-09-04 10:00:00,18629,0,0.4370445011008149
2014-09-04 10:30:00,18568,0,0.4339450044317162
2014-09-04 11:00:00,18041,0,0.43483422819105216
2014-09-04 11:30:00,18695,0,0.43884185695259903
2014-09-04 12:00:00,19692,0,0.4643302507509679
2014-09-04 12:30:00,19173,0,0.4448407189101581
2014-09-04 13:00:00,17824,0,0.4332573538612352
2014-09-04 13:30:00,19684,0,0.46308992932121834
2014-09-04 14:00:00,20139,0,0.4709075864979154
2014-09-04 14:30:00,20320,0,0.47697048080963267
2014-09-04 15:00:00,19468,0,0.45436186248441335
2014-09-04 15:30:00,17391,0,0.4283192880787337
2014-09-04 16:00:00,15218,0,0.46426722824968303
2014-09-04 16:30:00,13649,0,0.49321912014887576
2014-09-04 17:00:00,16052,0,0.4580199345811589
2014-09-04 17:30:00,18987,0,0.4413276370925096
2014-09-04 18:00:00,21967,0,0.5020901452723249
2014-09-04 18:30:00,24107,0,0.5330906115736977
2014-09-04 19:00:00,25260,1,0.5580266649782548
2014-09-04 19:30:00,25638,1,0.5600699737826661
2014-09-04 20:00:00,26045,1,0.5660804348126193
2014-09-04 20:30:00,25045,0,0.5513166228771496
2014-09-04 21:00:00,24846,0,0.5438975024452268
2014-09-04 21:30:00,24703,0,0.541218967442331
2014-09-04 22:00:00,24863,0,0.5415741758822562
2014-09-04 22:30:00,23610,0,0.5090150181637482
2014-09-04 23:00:00,21637,0,0.4982885184976992
2014-09-04 23:30:00,21643,0,0.5003154410336994
2014-09-05 00:00:00,18962,0,0.4409561083720909
2014-09-05 00:30:00,15475,0,0.45868542684637703
2014-09-05 01:00:00,11955,0,0.5298509133708541
2014-09-05 01:30:00,9339,1,0.5540343616355496
2014-09-05 02:00:00,7967,1,0.5586854816610056
2014-09-05 02:30:00,6372,0,0.5318859805492199
2014-09-05 03:00:00,5132,0,0.5479422544842167
2014-09-05 03:30:00,4357,0,0.5236388111375642
2014-09-05 04:00:00,4305,0,0.5311778814064865
2014-09-05 04:30:00,3195,0,0.5398058641407147
2014-09-05 05:00:00,2878,0,0.5364093495456287
2014-09-05 05:30:00,4762,0,0.5386427846666423
2014-09-05 06:00:00,7294,0,0.5421616968713711
2014-09-05 06:30:00,12886,0,0.5225991535976365
2014-09-05 07:00:00,15820,0,0.46663350295519646
2014-09-05 07:30:00,19874,0,0.4690521479096749
2014-09-05 08:00:00,20367,0,0.47642329332595745
2014-09-05 08:30:00,20091,0,0.46824320054689145
2014-09-05 09:00:00,19600,0,0.46057565142664086
2014-09-05 09:30:00,19283,0,0.4485729293833439
2014-09-05 10:00:00,18413,0,0.4376389780054488
2014-09-05 10:30:00,18745,0,0.43961511566012257
2014-09-05 11:00:00,17998,0,0.4364160099174031
2014-09-05 11:30:00,19325,0,0.445089965923905
2014-09-05 12:00:00,19004,0,0.4414538380443581
2014-09-05 12:30:00,18450,0,0.43375224936497214
2014-09-05 13:00:00,18029,0,0.43484707867393085
2014-09-05 13:30:00,18057,0,0.4356736720728215
2014-09-05 14:00:00,19315,0,0.4447889259952169
2014-09-05 14:30:00,20057,0,0.46751521060624723
2014-09-05 15:00:00,19211,0,0.44538955388827184
2014-09-05 15:30:00,16903,0,0.4418479860476968
2014-09-05 16:00:00,15288,0,0.4607006999687937
2014-09-05 16:30:00,13729,0,0.49860637339409797
2014-09-05 17:00:00,17003,0,0.4368576162331671
2014-09-05 17:30:00,20142,0,0.4721363615410929
2014-09-05 18:00:00,23177,0,0.5071986066984974
2014-09-05 18:30:00,25036,1,0.5526370036111686
2014-09-05 19:00:00,27337,1,0.6729455796878525
2014-09-05 19:30:00,26812,1,0.6284159608592033
2014-09-05 20:00:00,26592,1,0.6099050364413291
2014-09-05 20:30:00,26243,1,0.5912408140934095
2014-09-05 21:00:00,25919,1,0.5670685094322925
2014-09-05 21:30:00,25898,1,0.5646596390358516
2014-09-05 22:00:00,26603,1,0.613889068118929
2014-09-05 22:30:00,26899,1,0.6400012540269537
2014-09-05 23:00:00,26900,1,0.6400012540269537
2014-09-05 23:30:00,26763,1,0.6245133519712783
2014-09-06 00:00:00,25721,1,0.560437052110355
2014-09-06 00:30:00,24590,0,0.538814161869982
2014-09-06 01:00:00,22118,0,0.49953804166362875
2014-09-06 01:30:00,20378,0,0.4760625275391421
2014-09-06 02:00:00,19093,0,0.4395451721182221
2014-09-06 02:30:00,16717,0,0.44717488059640503
2014-09-06 03:00:00,14043,0,0.4863206170009293
2014-09-06 03:30:00,12077,0,0.5277174264346648
2014-09-06 04:00:00,10212,0,0.5511906829708916
2014-09-06 04:30:00,6328,0,0.5314832163121287
2014-09-06 05:00:00,4440,0,0.5246048927911892
2014-09-06 05:30:00,3603,0,0.5396064037906567
2014-09-06 06:00:00,3781,0,0.5345965379927317
2014-09-06 06:30:00,4846,0,0.5396504288569237
2014-09-06 07:00:00,5444,0,0.5494160212283626
2014-09-06 07:30:00,7701,1,0.5569095689711406
2014-09-06 08:00:00,8375,0,0.5519757651697031
2014-09-06 08:30:00,11334,0,0.5491588366417813
2014-09-06 09:00:00,12747,0,0.5234234145680536
2014-09-06 09:30:00,15930,0,0.4613507614402732
2014-09-06 10:00:00,16567,0,0.46094796181433845
2014-09-06 10:30:00,18716,0,0.4397335047461996
2014-09-06 11:00:00,18722,0,0.4397335047461996
2014-09-06 11:30:00,20103,0,0.46754440527741165
2014-09-06 12:00:00,20287,0,0.4774268445433937
2014-09-06 12:30:00,21127,0,0.4899567530369903
2014-09-06 13:00:00,21259,0,0.48248516436265
2014-09-06 13:30:00,21946,0,0.50175055284585
2014-09-06 14:00:00,21655,0,0.5010936481040948
2014-09-06 14:30:00,21830,0,0.5030632220689901
2014-09-06 15:00:00,22886,0,0.5012478973129569
2014-09-06 15:30:00,20736,0,0.4873169752627121
2014-09-06 16:00:00,18209,0,0.43600326067419154
2014-09-06 16:30:00,17090,0,0.43592717521848356
2014-09-06 17:00:00,19270,0,0.4478406446845759
2014-09-06 17:30:00,22270,0,0.5016643018538589
2014-09-06 18:00:00,24264,0,0.5375964489370395
2014-09-06 18:30:00,25210,1,0.561048300233865
2014-09-06 19:00:00,25976,1,0.5674194512963444
2014-09-06 19:30:00,25765,1,0.5621819561026501
2014-09-06 20:00:00,24487,0,0.5411766220031368
2014-09-06 20:30:00,23499,0,0.5093387636673834
2014-09-06 21:00:00,23210,0,0.5082882936109705
2014-09-06 21:30:00,23487,0,0.5121855051315172
2014-09-06 22:00:00,24515,0,0.5409493568237294
2014-09-06 22:30:00,30313,1,0.7190515425109255
2014-09-06 23:00:00,30373,1,0.7190515425109255
2014-09-06 23:30:00,28464,1,0.7070622790829686
2014-09-07 00:00:00,25818,1,0.5620697000242859
2014-09-07 00:30:00,24635,0,0.5369718076052749
2014-09-07 01:00:00,23410,0,0.508383023075616
2014-09-07 01:30:00,21481,0,0.48482167593336567
2014-09-07 02:00:00,19800,0,0.4646357529834262
2014-09-07 02:30:00,17674,0,0.4311500215972047
2014-09-07 03:00:00,15215,0,0.465210535828829
2014-09-07 03:30:00,13501,0,0.4988407592070674
2014-09-07 04:00:00,10896,0,0.5387674080007729
2014-09-07 04:30:00,6766,0,0.5294519528210302
2014-09-07 05:00:00,4261,0,0.5365349984438653
2014-09-07 05:30:00,3415,0,0.5488117443693142
2014-09-07 06:00:00,3220,0,0.5450502834790103
2014-09-07 06:30:00,4160,0,0.5388197846181972
2014-09-07 07:00:00,4345,0,0.5271423995615538
2014-09-07 07:30:00,5963,0,0.5427814175636027
2014-09-07 08:00:00,6887,0,0.5274718427653906
2014-09-07 08:30:00,8834,0,0.5521248591452107
2014-09-07 09:00:00,10042,1,0.55451086579674
2014-09-07 09:30:00,13188,0,0.5113393698503551
2014-09-07 10:00:00,14600,0,0.4841793571736367
2014-09-07 10:30:00,18209,0,0.43600326067419154
2014-09-07 11:00:00,18446,0,0.43479106823897984
2014-09-07 11:30:00,20350,0,0.4752164048884216
2014-09-07 12:00:00,20838,0,0.4908531064116536
2014-09-07 12:30:00,22183,0,0.500723488300706
2014-09-07 13:00:00,20582,0,0.48708703614534055
2014-09-07 13:30:00,20506,0,0.4849670381856324
2014-09-07 14:00:00,20109,0,0.46627331375282177
2014-09-07 14:30:00,20198,0,0.4736530832862486
2014-09-07 15:00:00,18873,0,0.4436340989944882
2014-09-07 15:30:00,19041,0,0.43875361716891265
2014-09-07 16:00:00,19295,0,0.44707207021331674
2014-09-07 16:30:00,18868,0,0.4436340989944882
2014-09-07 17:00:00,18851,0,0.44515687823645517
2014-09-07 17:30:00,20518,0,0.48380833703158305
2014-09-07 18:00:00,21710,0,0.5033972730604102
2014-09-07 18:30:00,20895,0,0.4904393392143237
2014-09-07 19:00:00,20761,0,0.4896898234805958
2014-09-07 19:30:00,19916,0,0.4704603005147151
2014-09-07 20:00:00,19740,0,0.46985054352114647
2014-09-07 20:30:00,18975,0,0.440956108372091
2014-09-07 21:00:00,17866,0,0.4351187613844419
2014-09-07 21:30:00,17750,0,0.4362938306912948
2014-09-07 22:00:00,16820,0,0.4487452936801098
2014-09-07 22:30:00,15292,0,0.45968592004015424
2014-09-07 23:00:00,13219,0,0.5102530556024323
2014-09-07 23:30:00,12246,0,0.5318857550156907
2014-09-08 00:00:00,9733,1,0.561363051716041
2014-09-08 00:30:00,7542,1,0.5560651120027381
2014-09-08 01:00:00,5518,0,0.5453960481205575
2014-09-08 01:30:00,4348,0,0.5271423995615538
2014-09-08 02:00:00,3828,0,0.5375342106822099
2014-09-08 02:30:00,3083,0,0.54433550188314
2014-09-08 03:00:00,2583,0,0.5332899021391452
2014-09-08 03:30:00,2328,0,0.5433758558938565
2014-09-08 04:00:00,2523,0,0.5389575565091699
2014-09-08 04:30:00,2579,0,0.5312717626246237
2014-09-08 05:00:00,2901,0,0.5367451619778708
2014-09-08 05:30:00,4963,0,0.5447195274203733
2014-09-08 06:00:00,7013,0,0.5336733237164386
2014-09-08 06:30:00,11830,0,0.5408633100162088
2014-09-08 07:00:00,14665,0,0.4757930957259337
2014-09-08 07:30:00,18099,0,0.4330235409170857
2014-09-08 08:00:00,18601,0,0.4352858569527922
2014-09-08 08:30:00,18329,0,0.44075717377510293
2014-09-08 09:00:00,18506,0,0.4347562005174239
2014-09-08 09:30:00,17983,0,0.43667044188931775
2014-09-08 10:00:00,16869,0,0.44575864395389586
2014-09-08 10:30:00,16771,0,0.4521922047926717
2014-09-08 11:00:00,16010,0,0.4565326133408343
2014-09-08 11:30:00,17370,0,0.4274045253651876
2014-09-08 12:00:00,17526,0,0.42866904449915166
2014-09-08 12:30:00,17910,0,0.4330790683637057
2014-09-08 13:00:00,16565,0,0.46061357998856717
2014-09-08 13:30:00,18380,0,0.43885649169236784
2014-09-08 14:00:00,18294,0,0.4372569857863009
2014-09-08 14:30:00,19585,0,0.45819468350726555
2014-09-08 15:00:00,19323,0,0.4447889259952169
2014-09-08 15:30:00,18113,0,0.43454625731005037
2014-09-08 16:00:00,16472,0,0.45192125184439874
2014-09-08 16:30:00,16007,0,0.4571507989395626
2014-09-08 17:00:00,18299,0,0.437353069685628
2014-09-08 17:30:00,20385,0,0.4765924352418372
2014-09-08 18:00:00,22906,0,0.5034572365903346
2014-09-08 18:30:00,24153,0,0.5358413576644416
2014-09-08 19:00:00,24545,0,0.5387280942852242
2014-09-08 19:30:00,23635,0,0.5068238004718592
2014-09-08 20:00:00,23773,0,0.5112245847201243
2014-09-08 20:30:00,23212,0,0.5082882936109705
2014-09-08 21:00:00,21918,0,0.5018009148634988
2014-09-08 21:30:00,21096,0,0.4911866889696677
2014-09-08 22:00:00,21563,0,0.49286044088605885
2014-09-08 22:30:00,17989,0,0.4364772515983226
2014-09-08 23:00:00,15442,0,0.45949464006473667
2014-09-08 23:30:00,12815,0,0.524514737136571
2014-09-09 00:00:00,10436,0,0.5497924317835224
2014-09-09 00:30:00,8092,0,0.5515240391045925
2014-09-09 01:00:00,6061,0,0.5439231244741243
2014-09-09 01:30:00,5058,0,0.5489920161033586
2014-09-09 02:00:00,4073,0,0.5424501789897258
2014-09-09 02:30:00,3310,0,0.5502948897640259
2014-09-09 03:00:00,2623,0,0.5313371341620129
2014-09-09 03:30:00,2364,0,0.5348228583932504
2014-09-09 04:00:00,2333,0,0.5409158077089533
2014-09-09 04:30:00,2287,0,0.5403875379062905
2014-09-09 05:00:00,2444,0,0.5366812306417653
2014-09-09 05:30:00,4427,0,0.52324801933093
2014-09-09 06:00:00,6661,0,0.5298744801260686
2014-09-09 06:30:00,12136,0,0.5266387554382348
2014-09-09 07:00:00,15910,0,0.4626010269487832
2014-09-09 07:30:00,20003,0,0.47348447144154526
2014-09-09 08:00:00,19956,0,0.47303473868502915
2014-09-09 08:30:00,19897,0,0.4699173784125763
2014-09-09 09:00:00,18719,0,0.4397335047461996
2014-09-09 09:30:00,18485,0,0.43219092877930565
2014-09-09 10:00:00,17235,0,0.43570531111403865
2014-09-09 10:30:00,17705,0,0.430377337338136
2014-09-09 11:00:00,17089,0,0.43592717521848356
2014-09-09 11:30:00,18334,0,0.44075717377510293
2014-09-09 12:00:00,18564,0,0.4339450044317162
2014-09-09 12:30:00,18599,0,0.4365476160537183
2014-09-09 13:00:00,17715,0,0.43104521458438966
2014-09-09 13:30:00,18692,0,0.43884185695259903
2014-09-09 14:00:00,19276,0,0.4478406446845759
2014-09-09 14:30:00,20557,0,0.48511535823595575
2014-09-09 15:00:00,19505,0,0.454356800849042
2014-09-09 15:30:00,16820,0,0.4487452936801098
2014-09-09 16:00:00,14005,0,0.48873512061625113
2014-09-09 16:30:00,13683,0,0.4988065011903408
2014-09-09 17:00:00,16918,0,0.4410284168748124
2014-09-09 17:30:00,20051,0,0.46814826761452605
2014-09-09 18:00:00,22624,0,0.5007999707512923
2014-09-09 18:30:00,23987,0,0.5228673256669897
2014-09-09 19:00:00,24069,0,0.5347072403416371
2014-09-09 19:30:00,24933,0,0.5504336252874769
2014-09-09 20:00:00,24928,0,0.5504336252874769
2014-09-09 20:30:00,24390,0,0.5411692048055203
2014-09-09 21:00:00,24199,0,0.5378105760945932
2014-09-09 21:30:00,24277,0,0.5375964489370395
2014-09-09 22:00:00,23154,0,0.5062030252450305
2014-09-09 22:30:00,21090,0,0.48975079245812475
2014-09-09 23:00:00,18854,0,0.4457898710016922
2014-09-09 23:30:00,16194,0,0.45822516437101546
2014-09-10 00:00:00,13226,0,0.5102530556024323
2014-09-10 00:30:00,9866,1,0.5591958292174437
2014-09-10 01:00:00,8085,0,0.5515240391045925
2014-09-10 01:30:00,6177,0,0.5395745814522124
2014-09-10 02:00:00,5324,0,0.5432885722703207
2014-09-10 02:30:00,4177,0,0.5367433937352378
2014-09-10 03:00:00,3464,0,0.5449489253327034
2014-09-10 03:30:00,2855,0,0.5387948224182492
2014-09-10 04:00:00,2850,0,0.5382572597424711
2014-09-10 04:30:00,2361,0,0.5348228583932504
2014-09-10 05:00:00,2675,0,0.5357548037806473
2014-09-10 05:30:00,4589,0,0.5283524207694613
2014-09-10 06:00:00,6868,0,0.526610757456433
2014-09-10 06:30:00,12256,0,0.5323204327471479
2014-09-10 07:00:00,16024,0,0.4575232866144439
2014-09-10 07:30:00,20193,0,0.4736530832862486
2014-09-10 08:00:00,20747,0,0.4884632875027971
2014-09-10 08:30:00,20007,0,0.47348447144154526
2014-09-10 09:00:00,18782,0,0.4394428258862998
2014-09-10 09:30:00,18657,0,0.4368431117929942
2014-09-10 10:00:00,17331,0,0.43186714379380686
2014-09-10 10:30:00,17989,0,0.4364772515983226
2014-09-10 11:00:00,17529,0,0.42866904449915166
2014-09-10 11:30:00,18953,0,0.4410507010197767
2014-09-10 12:00:00,18567,0,0.4339450044317162
2014-09-10 12:30:00,17872,0,0.43279410048913886
2014-09-10 13:00:00,17411,0,0.42824166172281336
2014-09-10 13:30:00,18792,0,0.4400378703989787
2014-09-10 14:00:00,18899,0,0.44188147670191874
2014-09-10 14:30:00,19548,0,0.4578853599256549
2014-09-10 15:00:00,19093,0,0.4395451721182221
2014-09-10 15:30:00,16956,0,0.4365708882714202
2014-09-10 16:00:00,14987,0,0.4725572754242442
2014-09-10 16:30:00,13895,0,0.49556495162035985
2014-09-10 17:00:00,17078,0,0.4364736492249399
2014-09-10 17:30:00,20224,0,0.48046245412833316
2014-09-10 18:00:00,22805,0,0.4987764563928614
2014-09-10 18:30:00,24418,0,0.5381615607742178
2014-09-10 19:00:00,25720,1,0.560437052110355
2014-09-10 19:30:00,25891,1,0.5642777272641146
2014-09-10 20:00:00,26138,1,0.5798291660055106
2014-09-10 20:30:00,25149,1,0.5607704928816384
2014-09-10 21:00:00,24908,0,0.5503563945032293
2014-09-10 21:30:00,24260,0,0.5342257311524995
2014-09-10 22:00:00,24620,0,0.5374106418567758
2014-09-10 22:30:00,22813,0,0.5004803331469624
2014-09-10 23:00:00,20948,0,0.49221678153584
2014-09-10 23:30:00,18271,0,0.43818677342958584
2014-09-11 00:00:00,14939,0,0.4747185029414427
2014-09-11 00:30:00,11332,0,0.5491588366417813
2014-09-11 01:00:00,8890,0,0.5513782441608002
2014-09-11 01:30:00,6980,0,0.5333123697709126
2014-09-11 02:00:00,5659,0,0.5453385930280681
2014-09-11 02:30:00,4679,0,0.533115976546061
2014-09-11 03:00:00,3550,0,0.542180445002717
2014-09-11 03:30:00,2761,0,0.5327326768467856
2014-09-11 04:00:00,3009,0,0.5459299769245739
2014-09-11 04:30:00,2596,0,0.5301755174323827
2014-09-11 05:00:00,2755,0,0.5312928674812272
2014-09-11 05:30:00,4554,0,0.5314332786375503
2014-09-11 06:00:00,6964,0,0.5310027268583825
2014-09-11 06:30:00,12814,0,0.524514737136571
2014-09-11 07:00:00,16360,0,0.45573511920519827
2014-09-11 07:30:00,20658,0,0.4833676288653489
2014-09-11 08:00:00,21352,0,0.4784738403927807
2014-09-11 08:30:00,20521,0,0.48344197900958435
2014-09-11 09:00:00,19759,0,0.4685000596093517
2014-09-11 09:30:00,19670,0,0.4622685974613961
2014-09-11 10:00:00,18301,0,0.437353069685628
2014-09-11 10:30:00,17768,0,0.4345435008429349
2014-09-11 11:00:00,16583,0,0.46189154872588883
2014-09-11 11:30:00,18179,0,0.4358596178726031
2014-09-11 12:00:00,18896,0,0.44188147670191874
2014-09-11 12:30:00,18611,0,0.43767575470013387
2014-09-11 13:00:00,17662,0,0.431339299800509
2014-09-11 13:30:00,19057,0,0.4407426315841992
2014-09-11 14:00:00,18951,0,0.44114829750007245
2014-09-11 14:30:00,19997,0,0.4719497806638561
2014-09-11 15:00:00,19260,0,0.44800294321378037
2014-09-11 15:30:00,17088,0,0.43592717521848356
2014-09-11 16:00:00,15367,0,0.4613298816386828
2014-09-11 16:30:00,13915,0,0.4959212866519106
2014-09-11 17:00:00,17107,0,0.4370537706702037
2014-09-11 17:30:00,20299,0,0.47760103766109546
2014-09-11 18:00:00,23029,0,0.5034739788769049
2014-09-11 18:30:00,24408,0,0.5384502367172834
2014-09-11 19:00:00,25778,1,0.5613429688177252
2014-09-11 19:30:00,26274,1,0.5965729600146605
2014-09-11 20:00:00,26475,1,0.6034071408847881
2014-09-11 20:30:00,25326,1,0.5617923875506967
2014-09-11 21:00:00,24557,0,0.5395117266168826
2014-09-11 21:30:00,24984,0,0.5520885457916931
2014-09-11 22:00:00,25001,0,0.5503201513511509
2014-09-11 22:30:00,24112,0,0.5335262739608079
2014-09-11 23:00:00,23100,0,0.5073092698911711
2014-09-11 23:30:00,20158,0,0.4731042729531673
2014-09-12 00:00:00,17954,0,0.43305481463791917
2014-09-12 00:30:00,14466,0,0.49257160301877373
2014-09-12 01:00:00,11632,0,0.544118038345802
2014-09-12 01:30:00,9400,1,0.5599239504101299
2014-09-12 02:00:00,7816,1,0.5611677149726713
2014-09-12 02:30:00,6678,0,0.5291874781565953
2014-09-12 03:00:00,5499,0,0.5467859630767737
2014-09-12 03:30:00,4088,0,0.5400596053627864
2014-09-12 04:00:00,4312,0,0.5322037207271256
2014-09-12 04:30:00,3433,0,0.5452536597024453
2014-09-12 05:00:00,3156,0,0.5435084075088414
2014-09-12 05:30:00,4545,0,0.5303556911778079
2014-09-12 06:00:00,6802,0,0.528884258322575
2014-09-12 06:30:00,11555,0,0.5433708126714208
2014-09-12 07:00:00,15447,0,0.458964372589176
2014-09-12 07:30:00,20385,0,0.4765924352418372
2014-09-12 08:00:00,20562,0,0.4857234940634041
2014-09-12 08:30:00,20191,0,0.4739736589168048
2014-09-12 09:00:00,19405,0,0.4507941040552224
2014-09-12 09:30:00,18903,0,0.44188147670191874
2014-09-12 10:00:00,17251,0,0.4352433788748915
2014-09-12 10:30:00,17874,0,0.43279410048913886
2014-09-12 11:00:00,17024,0,0.43699678295657524
2014-09-12 11:30:00,18267,0,0.43848334492072655
2014-09-12 12:00:00,18351,0,0.440083124726687
2014-09-12 12:30:00,17253,0,0.4352433788748915
2014-09-12 13:00:00,17098,0,0.4366615408431457
2014-09-12 13:30:00,17885,0,0.4342997938863414
2014-09-12 14:00:00,18868,0,0.4436340989944882
2014-09-12 14:30:00,19352,0,0.4468031146045188
2014-09-12 15:00:00,18035,0,0.4361352320049552
2014-09-12 15:30:00,15737,0,0.4679032235957779
2014-09-12 16:00:00,14420,0,0.4933195492251641
2014-09-12 16:30:00,13148,0,0.5123637783474624
2014-09-12 17:00:00,16354,0,0.4557704917510183
2014-09-12 17:30:00,20087,0,0.46824320054689145
2014-09-12 18:00:00,22814,0,0.5015052488408911
2014-09-12 18:30:00,25027,1,0.5531202482142753
2014-09-12 19:00:00,25983,1,0.5670356729049357
2014-09-12 19:30:00,27090,1,0.6639007980561156
2014-09-12 20:00:00,26622,1,0.6155527140735263
2014-09-12 20:30:00,25560,1,0.5582734248067794
2014-09-12 21:00:00,25141,1,0.5600238449462012
2014-09-12 21:30:00,25495,1,0.5588082231284309
2014-09-12 22:00:00,26737,1,0.6218415963809292
2014-09-12 22:30:00,26657,1,0.6184128786959989
2014-09-12 23:00:00,27379,1,0.6752259635544015
2014-09-12 23:30:00,27284,1,0.669312973483165
2014-09-13 00:00:00,26227,1,0.5876515242802064
2014-09-13 00:30:00,24744,0,0.5454797282325491
2014-09-13 01:00:00,23304,0,0.5087968728434332
2014-09-13 01:30:00,21293,0,0.48163312774305606
2014-09-13 02:00:00,19870,0,0.4690521479096749
2014-09-13 02:30:00,17657,0,0.43104756023773827
2014-09-13 03:00:00,15100,0,0.4729810677221999
2014-09-13 03:30:00,12932,0,0.51997065993967
2014-09-13 04:00:00,10574,0,0.5502273316565434
2014-09-13 04:30:00,6546,0,0.5232722057490019
2014-09-13 05:00:00,4531,0,0.5280902101642043
2014-09-13 05:30:00,3807,0,0.5366612117137721
2014-09-13 06:00:00,3672,0,0.5373344437172567
2014-09-13 06:30:00,5070,0,0.548249637529463
2014-09-13 07:00:00,5484,0,0.5480067652537723
2014-09-13 07:30:00,7528,1,0.5560651120027381
2014-09-13 08:00:00,8713,1,0.5580709740905551
2014-09-13 08:30:00,11686,0,0.5435946147080254
2014-09-13 09:00:00,12432,0,0.5329558699696384
2014-09-13 09:30:00,16216,0,0.45574827233350007
2014-09-13 10:00:00,16126,0,0.4593758009427476
2014-09-13 10:30:00,18527,0,0.43322394559271826
2014-09-13 11:00:00,18755,0,0.4405902393590404
2014-09-13 11:30:00,20352,0,0.4758598899959405
2014-09-13 12:00:00,21020,0,0.4916060549191912
2014-09-13 12:30:00,20732,0,0.48757837759550504
2014-09-13 13:00:00,21345,0,0.4784738403927807
2014-09-13 13:30:00,21500,0,0.48712328794661464
2014-09-13 14:00:00,20453,0,0.4773593786325515
2014-09-13 14:30:00,23821,0,0.5154205325963725
2014-09-13 15:00:00,26150,1,0.5821877770510754
2014-09-13 15:30:00,24051,0,0.5307177668461396
2014-09-13 16:00:00,19433,0,0.45071387839610216
2014-09-13 16:30:00,17521,0,0.42889060319533173
2014-09-13 17:00:00,19137,0,0.4410537301240033
2014-09-13 17:30:00,22602,0,0.4998870878476269
2014-09-13 18:00:00,25039,0,0.5516897623757647
2014-09-13 18:30:00,25988,1,0.5674194512963444
2014-09-13 19:00:00,26920,1,0.6435650727772104
2014-09-13 19:30:00,26845,1,0.6365464835424451
2014-09-13 20:00:00,26733,1,0.6218415963809292
2014-09-13 20:30:00,24954,0,0.5502240235714535
2014-09-13 21:00:00,22317,0,0.5018183288135111
2014-09-13 21:30:00,22581,0,0.4969344748487068
2014-09-13 22:00:00,23544,0,0.5047882557246988
2014-09-13 22:30:00,25662,1,0.5586878134806668
2014-09-13 23:00:00,26615,1,0.613889068118929
2014-09-13 23:30:00,27542,1,0.6802017719120899
2014-09-14 00:00:00,27320,1,0.6706728971699771
2014-09-14 00:30:00,25627,1,0.5587322589134404
2014-09-14 01:00:00,23964,0,0.5202816975602969
2014-09-14 01:30:00,22332,0,0.5015080892007393
2014-09-14 02:00:00,20620,0,0.4878464789223814
2014-09-14 02:30:00,18567,0,0.4339450044317162
2014-09-14 03:00:00,15772,0,0.46543461803778857
2014-09-14 03:30:00,13346,0,0.5075596288465772
2014-09-14 04:00:00,11616,0,0.542647457918454
2014-09-14 04:30:00,6999,0,0.5336733237164386
2014-09-14 05:00:00,4273,0,0.5342431217423841
2014-09-14 05:30:00,3568,0,0.5413274915208577
2014-09-14 06:00:00,4209,0,0.5346658997648286
2014-09-14 06:30:00,4684,0,0.535296759981756
2014-09-14 07:00:00,4527,0,0.5270194014456675
2014-09-14 07:30:00,6231,0,0.5377982161489354
2014-09-14 08:00:00,7725,1,0.5572864938609715
2014-09-14 08:30:00,10159,0,0.5499171702184521
2014-09-14 09:00:00,11013,0,0.5457002860887913
2014-09-14 09:30:00,14091,0,0.48849889188472095
2014-09-14 10:00:00,15480,0,0.4590602824218722
2014-09-14 10:30:00,18669,0,0.4365476496858019
2014-09-14 11:00:00,18796,0,0.4400378703989787
2014-09-14 11:30:00,20213,0,0.47885292381687944
2014-09-14 12:00:00,20410,0,0.4774660071207302
2014-09-14 12:30:00,21782,0,0.5050475659569833
2014-09-14 13:00:00,20634,0,0.4897016464403269
2014-09-14 13:30:00,20061,0,0.46751521060624723
2014-09-14 14:00:00,19774,0,0.46786652688770775
2014-09-14 14:30:00,20069,0,0.4685969613379464
2014-09-14 15:00:00,19417,0,0.45195987613976196
2014-09-14 15:30:00,19363,0,0.4471789397965167
2014-09-14 16:00:00,19206,0,0.4444829334890515
2014-09-14 16:30:00,18284,0,0.4376146620713448
2014-09-14 17:00:00,19503,0,0.45376688453798314
2014-09-14 17:30:00,20621,0,0.4878464789223814
2014-09-14 18:00:00,21554,0,0.49108938167096283
2014-09-14 18:30:00,21538,0,0.49146352380442104
2014-09-14 19:00:00,20589,0,0.48708703614534055
2014-09-14 19:30:00,20391,0,0.4747558430904841
2014-09-14 20:00:00,19593,0,0.46061293121969205
2014-09-14 20:30:00,18439,0,0.43479106823897984
2014-09-14 21:00:00,17587,0,0.4332605668921646
2014-09-14 21:30:00,17638,0,0.4312322418037577
2014-09-14 22:00:00,15698,0,0.46546757502715574
2014-09-14 22:30:00,14343,0,0.49285279047966696
2014-09-14 23:00:00,12808,0,0.524514737136571
2014-09-14 23:30:00,10827,0,0.5405162558481064
2014-09-15 00:00:00,8077,1,0.5563211083437402
2014-09-15 00:30:00,6261,0,0.5364178207663762
2014-09-15 01:00:00,4724,0,0.5382020112000903
2014-09-15 01:30:00,3852,0,0.5387646695879625
2014-09-15 02:00:00,3132,0,0.5452006046727103
2014-09-15 02:30:00,2606,0,0.5315589448032805
2014-09-15 03:00:00,1975,1,0.584196696277145
2014-09-15 03:30:00,1896,1,0.6037962843098691
2014-09-15 04:00:00,2310,0,0.5409901047063026
2014-09-15 04:30:00,2388,0,0.5323489724095222
2014-09-15 05:00:00,2778,0,0.5353264500876035
2014-09-15 05:30:00,4775,0,0.5373558394372333
2014-09-15 06:00:00,7022,0,0.5354903349675098
2014-09-15 06:30:00,11923,0,0.5313613698007226
2014-09-15 07:00:00,14969,0,0.47489584267914786
2014-09-15 07:30:00,17943,0,0.43276375935751793
2014-09-15 08:00:00,18886,0,0.44417960047790855
2014-09-15 08:30:00,18711,0,0.43943608770010706
2014-09-15 09:00:00,18012,0,0.4351280103232316
2014-09-15 09:30:00,17214,0,0.43626030615263856
2014-09-15 10:00:00,16337,0,0.4549095762368952
2014-09-15 10:30:00,16157,0,0.4586551839892316
2014-09-15 11:00:00,15487,0,0.4584395147097744
2014-09-15 11:30:00,16741,0,0.4522551103004908
2014-09-15 12:00:00,16793,0,0.4529264669072444
2014-09-15 12:30:00,16685,0,0.45017315434420513
2014-09-15 13:00:00,15824,0,0.4675630863217091
2014-09-15 13:30:00,17040,0,0.43726559843927426
2014-09-15 14:00:00,17360,0,0.4274045253651876
2014-09-15 14:30:00,18501,0,0.4336420347173937
2014-09-15 15:00:00,18143,0,0.4353170007690983
2014-09-15 15:30:00,16972,0,0.4370068957949942
2014-09-15 16:00:00,16098,0,0.4587997991611966
2014-09-15 16:30:00,15878,0,0.46511848748381895
2014-09-15 17:00:00,18183,0,0.43615461430937086
2014-09-15 17:30:00,20482,0,0.486678712057195
2014-09-15 18:00:00,23314,0,0.5078150072850416
2014-09-15 18:30:00,24477,0,0.5408105931456737
2014-09-15 19:00:00,24387,0,0.5411692048055203
2014-09-15 19:30:00,24193,0,0.5386684538319003
2014-09-15 20:00:00,24388,0,0.5411692048055203
2014-09-15 20:30:00,22725,0,0.4951426037193831
2014-09-15 21:00:00,21907,0,0.5031688569504709
2014-09-15 21:30:00,21789,0,0.5043646115955961
2014-09-15 22:00:00,20289,0,0.4771039333249016
2014-09-15 22:30:00,16585,0,0.46189154872588883
2014-09-15 23:00:00,14423,0,0.4933887761044224
2014-09-15 23:30:00,12432,0,0.5329558699696384
2014-09-16 00:00:00,9359,1,0.5547288936457776
2014-09-16 00:30:00,7247,0,0.5403978712141639
2014-09-16 01:00:00,5659,0,0.5453385930280681
2014-09-16 01:30:00,4155,0,0.5384553498253336
2014-09-16 02:00:00,3369,0,0.5468368675485052
2014-09-16 02:30:00,2617,0,0.5306396608250477
2014-09-16 03:00:00,2214,0,0.5382984632457405
2014-09-16 03:30:00,1871,1,0.6128379099127949
2014-09-16 04:00:00,2101,1,0.5584098698663539
2014-09-16 04:30:00,2016,1,0.5719311988986328
2014-09-16 05:00:00,2334,0,0.5409158077089533
2014-09-16 05:30:00,4141,0,0.5406607485493244
2014-09-16 06:00:00,6465,0,0.5232129758529775
2014-09-16 06:30:00,11772,0,0.5449164375348173
2014-09-16 07:00:00,16219,0,0.45668158284713883
2014-09-16 07:30:00,21253,0,0.48347322839692214
2014-09-16 08:00:00,22609,0,0.5019365858641208
2014-09-16 08:30:00,21527,0,0.49084820134140983
2014-09-16 09:00:00,20975,0,0.4933406128521247
2014-09-16 09:30:00,19673,0,0.4625814678983188
2014-09-16 10:00:00,18065,0,0.43638472268377154
2014-09-16 10:30:00,18948,0,0.4398390010711773
2014-09-16 11:00:00,18111,0,0.43454625731005037
2014-09-16 11:30:00,17622,0,0.4323676272001333
2014-09-16 12:00:00,17320,0,0.43278424590547004
2014-09-16 12:30:00,16939,0,0.4365708882714202
2014-09-16 13:00:00,16404,0,0.449441030964281
2014-09-16 13:30:00,17247,0,0.4352433788748915
2014-09-16 14:00:00,17782,0,0.43510737741914923
2014-09-16 14:30:00,18554,0,0.43399389324349213
2014-09-16 15:00:00,18680,0,0.43762305173244553
2014-09-16 15:30:00,16755,0,0.45357983583081657
2014-09-16 16:00:00,14825,0,0.4718903579904751
2014-09-16 16:30:00,13975,0,0.49212277962292095
2014-09-16 17:00:00,17093,0,0.4370183976421827
2014-09-16 17:30:00,19977,0,0.47303473868502915
2014-09-16 18:00:00,22922,0,0.5033516931199201
2014-09-16 18:30:00,24364,0,0.5422355593064921
2014-09-16 19:00:00,24630,0,0.5369718076052749
2014-09-16 19:30:00,25234,1,0.5572546186137823
2014-09-16 20:00:00,24839,0,0.5446339878427003
2014-09-16 20:30:00,24161,0,0.5377964970881801
2014-09-16 21:00:00,24550,0,0.5387280942852242
2014-09-16 21:30:00,23734,0,0.50720639684176
2014-09-16 22:00:00,22366,0,0.5020687478674507
2014-09-16 22:30:00,20411,0,0.4774660071207302
2014-09-16 23:00:00,17774,0,0.4345435008429349
2014-09-16 23:30:00,14027,0,0.4856629862968115
2014-09-17 00:00:00,11590,0,0.5425667667204632
2014-09-17 00:30:00,8440,1,0.5534716254096878
2014-09-17 01:00:00,6881,0,0.526610757456433
2014-09-17 01:30:00,4920,0,0.5429025433881297
2014-09-17 02:00:00,4097,0,0.5393293057083516
2014-09-17 02:30:00,3159,0,0.5434321483948835
2014-09-17 03:00:00,2653,0,0.5344140914889443
2014-09-17 03:30:00,2347,0,0.5392871983816869
2014-09-17 04:00:00,2387,0,0.5323489724095222
2014-09-17 04:30:00,2194,0,0.5420004429661528
2014-09-17 05:00:00,2479,0,0.5378017662755834
2014-09-17 05:30:00,4554,0,0.5314332786375503
2014-09-17 06:00:00,6775,0,0.5294519528210302
2014-09-17 06:30:00,12311,0,0.5339030904493798
2014-09-17 07:00:00,15989,0,0.45949622253250194
2014-09-17 07:30:00,20058,0,0.46751521060624723
2014-09-17 08:00:00,20361,0,0.4758598899959405
2014-09-17 08:30:00,20172,0,0.473897290695942
2014-09-17 09:00:00,18974,0,0.440956108372091
2014-09-17 09:30:00,17732,0,0.43672729415597467
2014-09-17 10:00:00,17336,0,0.430327660397524
2014-09-17 10:30:00,17321,0,0.43278424590547004
2014-09-17 11:00:00,16872,0,0.44427488106251345
2014-09-17 11:30:00,18295,0,0.4372569857863009
2014-09-17 12:00:00,18273,0,0.4386744000520991
2014-09-17 12:30:00,17275,0,0.4347581569922687
2014-09-17 13:00:00,17095,0,0.4366615408431457
2014-09-17 13:30:00,17715,0,0.43104521458438966
2014-09-17 14:00:00,18451,0,0.43375224936497214
2014-09-17 14:30:00,18612,0,0.4380334403541918
2014-09-17 15:00:00,18148,0,0.43351367595304624
2014-09-17 15:30:00,16473,0,0.45151567933513304
2014-09-17 16:00:00,14474,0,0.49162215584482966
2014-09-17 16:30:00,13434,0,0.5046253186594316
2014-09-17 17:00:00,16229,0,0.4576168046538483
2014-09-17 17:30:00,19852,0,0.46705522676634503
2014-09-17 18:00:00,22394,0,0.5034515662403735
2014-09-17 18:30:00,24618,0,0.5374106418567758
2014-09-17 19:00:00,25838,1,0.5626190704032087
2014-09-17 19:30:00,25496,1,0.559564898962521
2014-09-17 20:00:00,24980,0,0.5517151365729307
2014-09-17 20:30:00,23545,0,0.5047882557246988
2014-09-17 21:00:00,23847,0,0.5161267213514366
2014-09-17 21:30:00,24236,0,0.5335242995054058
2014-09-17 22:00:00,23551,0,0.5047882557246988
2014-09-17 22:30:00,22454,0,0.4995142474129534
2014-09-17 23:00:00,20389,0,0.4765924352418372
2014-09-17 23:30:00,17673,0,0.4311500215972047
2014-09-18 00:00:00,13651,0,0.49464880986577847
2014-09-18 00:30:00,10769,0,0.5399882167604059
2014-09-18 01:00:00,8102,1,0.5545998302045405
2014-09-18 01:30:00,6196,0,0.540141949135285
2014-09-18 02:00:00,5249,0,0.5441525591880939
2014-09-18 02:30:00,3850,0,0.5387646695879625
2014-09-18 03:00:00,3150,0,0.5427734441858217
2014-09-18 03:30:00,2584,0,0.5332899021391452
2014-09-18 04:00:00,2770,0,0.5332112022632999
2014-09-18 04:30:00,2477,0,0.5374380200270428
2014-09-18 05:00:00,2678,0,0.5357548037806473
2014-09-18 05:30:00,4506,0,0.5265274233525993
2014-09-18 06:00:00,7292,0,0.5421616968713711
2014-09-18 06:30:00,12449,0,0.5330093641467293
2014-09-18 07:00:00,16418,0,0.4503226333156613
2014-09-18 07:30:00,20080,0,0.4685969613379464
2014-09-18 08:00:00,20693,0,0.48328967530532985
2014-09-18 08:30:00,19988,0,0.4726010357616017
2014-09-18 09:00:00,19313,0,0.4447889259952169
2014-09-18 09:30:00,18918,0,0.439349958322324
2014-09-18 10:00:00,17790,0,0.43268449601584885
2014-09-18 10:30:00,18028,0,0.43484707867393085
2014-09-18 11:00:00,17242,0,0.4349489987590278
2014-09-18 11:30:00,18279,0,0.43793744277493274
2014-09-18 12:00:00,18118,0,0.4336651277000346
2014-09-18 12:30:00,17858,0,0.43563667759382846
2014-09-18 13:00:00,17635,0,0.4312322418037577
2014-09-18 13:30:00,18265,0,0.4391742499673864
2014-09-18 14:00:00,18676,0,0.4373270621070396
2014-09-18 14:30:00,18686,0,0.43824842975807904
2014-09-18 15:00:00,18134,0,0.4367179357006009
2014-09-18 15:30:00,15579,0,0.465718080380798
2014-09-18 16:00:00,13635,0,0.49337190917068413
2014-09-18 16:30:00,12689,0,0.5265085024771877
2014-09-18 17:00:00,15756,0,0.4664777161242238
2014-09-18 17:30:00,19691,0,0.4641619964035625
2014-09-18 18:00:00,21487,0,0.4858067464565779
2014-09-18 18:30:00,22751,0,0.4969821536086707
2014-09-18 19:00:00,24126,0,0.5348524185840915
2014-09-18 19:30:00,24956,0,0.5502240235714535
2014-09-18 20:00:00,26003,1,0.5703106618173049
2014-09-18 20:30:00,25167,1,0.5612287763446101
2014-09-18 21:00:00,25659,1,0.5586878134806668
2014-09-18 21:30:00,25536,1,0.5571746471455501
2014-09-18 22:00:00,25761,1,0.5633242088135512
2014-09-18 22:30:00,25212,1,0.561048300233865
2014-09-18 23:00:00,23548,0,0.5047882557246988
2014-09-18 23:30:00,22005,0,0.49977993889916145
2014-09-19 00:00:00,19518,0,0.45472811890297143
2014-09-19 00:30:00,15755,0,0.4664777161242238
2014-09-19 01:00:00,12747,0,0.5234234145680536
2014-09-19 01:30:00,10116,1,0.5547753679470607
2014-09-19 02:00:00,8379,0,0.5519757651697031
2014-09-19 02:30:00,6566,0,0.5236789221085612
2014-09-19 03:00:00,5478,0,0.5489122879608082
2014-09-19 03:30:00,4552,0,0.5314332786375503
2014-09-19 04:00:00,4546,0,0.5303556911778079
2014-09-19 04:30:00,3489,0,0.5428206549620826
2014-09-19 05:00:00,3269,0,0.5477929956632689
2014-09-19 05:30:00,4799,0,0.5387387542116315
2014-09-19 06:00:00,7384,0,0.5469683401024648
2014-09-19 06:30:00,11928,0,0.5311194806210562
2014-09-19 07:00:00,15434,0,0.45948837977808654
2014-09-19 07:30:00,19509,0,0.454356800849042
2014-09-19 08:00:00,19672,0,0.4622685974613961
2014-09-19 08:30:00,19287,0,0.44802387393970045
2014-09-19 09:00:00,18369,0,0.4407289753503739
2014-09-19 09:30:00,18050,0,0.43581414959491044
2014-09-19 10:00:00,17306,0,0.4328410375724268
2014-09-19 10:30:00,17661,0,0.431339299800509
2014-09-19 11:00:00,17158,0,0.4378658597168246
2014-09-19 11:30:00,18215,0,0.43600326067419154
2014-09-19 12:00:00,18175,0,0.43615461430937086
2014-09-19 12:30:00,17568,0,0.42988273552774686
2014-09-19 13:00:00,17079,0,0.4364736492249399
2014-09-19 13:30:00,17287,0,0.43382481799513684
2014-09-19 14:00:00,17885,0,0.4342997938863414
2014-09-19 14:30:00,18287,0,0.4365690969626974
2014-09-19 15:00:00,17782,0,0.43510737741914923
2014-09-19 15:30:00,16021,0,0.456950458028051
2014-09-19 16:00:00,14205,0,0.49963214432018865
2014-09-19 16:30:00,12834,0,0.524514737136571
2014-09-19 17:00:00,16332,0,0.45567945954332983
2014-09-19 17:30:00,19704,0,0.4652269903285295
2014-09-19 18:00:00,22931,0,0.5024164020206843
2014-09-19 18:30:00,25328,1,0.5617923875506967
2014-09-19 19:00:00,26188,1,0.5842898776640751
2014-09-19 19:30:00,27541,1,0.6802017719120899
2014-09-19 20:00:00,26811,1,0.6288412823656239
2014-09-19 20:30:00,26093,1,0.5769411406141222
2014-09-19 21:00:00,26091,1,0.5769411406141222
2014-09-19 21:30:00,26247,1,0.5920663932060384
2014-09-19 22:00:00,27090,1,0.6639007980561156
2014-09-19 22:30:00,27681,1,0.686210958171879
2014-09-19 23:00:00,27159,1,0.6688602786456413
2014-09-19 23:30:00,26816,1,0.63311036214499
2014-09-20 00:00:00,25251,1,0.5563581501596997
2014-09-20 00:30:00,23375,0,0.5079119885164282
2014-09-20 01:00:00,21806,0,0.5033560416307578
2014-09-20 01:30:00,20635,0,0.4897016464403269
2014-09-20 02:00:00,19322,0,0.4447889259952169
2014-09-20 02:30:00,16841,0,0.44837224295009975
2014-09-20 03:00:00,14744,0,0.4744386495861359
2014-09-20 03:30:00,12309,0,0.5339030904493798
2014-09-20 04:00:00,10242,0,0.5515637372314575
2014-09-20 04:30:00,6470,0,0.5238688704780396
2014-09-20 05:00:00,4374,0,0.5234004374625734
2014-09-20 05:30:00,3435,0,0.5452536597024453
2014-09-20 06:00:00,3789,0,0.5355856283761681
2014-09-20 06:30:00,4454,0,0.5257445623488688
2014-09-20 07:00:00,5381,0,0.5457381635313923
2014-09-20 07:30:00,7585,1,0.5575537441159544
2014-09-20 08:00:00,8782,1,0.5564320915561038
2014-09-20 08:30:00,11824,0,0.5395634068665036
2014-09-20 09:00:00,12587,0,0.5277944702712577
2014-09-20 09:30:00,15795,0,0.46669980679251705
2014-09-20 10:00:00,16088,0,0.45706169905303723
2014-09-20 10:30:00,18430,0,0.43629806161809226
2014-09-20 11:00:00,18543,0,0.4332939641015355
2014-09-20 11:30:00,20332,0,0.4740619300349995
2014-09-20 12:00:00,19797,0,0.4646357529834262
2014-09-20 12:30:00,20601,0,0.48938182311081885
2014-09-20 13:00:00,20823,0,0.49121073068879617
2014-09-20 13:30:00,21182,0,0.4896232143175584
2014-09-20 14:00:00,20742,0,0.4884632875027971
2014-09-20 14:30:00,20477,0,0.486678712057195
2014-09-20 15:00:00,20654,0,0.4877568389440675
2014-09-20 15:30:00,20386,0,0.4765924352418372
2014-09-20 16:00:00,18174,0,0.43450798339452895
2014-09-20 16:30:00,16690,0,0.45059348979115266
2014-09-20 17:00:00,18151,0,0.43351367595304624
2014-09-20 17:30:00,21330,0,0.4784738403927807
2014-09-20 18:00:00,23268,0,0.5084324313557471
2014-09-20 18:30:00,25025,1,0.5531202482142753
2014-09-20 19:00:00,25816,1,0.5617228943001868
2014-09-20 19:30:00,25694,1,0.5602018634435175
2014-09-20 20:00:00,24693,0,0.5405943881968565
2014-09-20 20:30:00,24187,0,0.538160485959463
2014-09-20 21:00:00,23820,0,0.5154205325963725
2014-09-20 21:30:00,24549,0,0.5387280942852242
2014-09-20 22:00:00,25442,1,0.562773661165084
2014-09-20 22:30:00,25914,1,0.5666849684030393
2014-09-20 23:00:00,26329,1,0.5985721879119774
2014-09-20 23:30:00,26618,1,0.61430455760279
2014-09-21 00:00:00,26477,1,0.6034071408847881
2014-09-21 00:30:00,25461,1,0.563388703816183
2014-09-21 01:00:00,25371,1,0.5628588571713118
2014-09-21 01:30:00,21726,0,0.5038778690762453
2014-09-21 02:00:00,20737,0,0.4877821728641757
2014-09-21 02:30:00,18852,0,0.4457898710016922
2014-09-21 03:00:00,16474,0,0.45151567933513304
2014-09-21 03:30:00,13647,0,0.49355293837158654
2014-09-21 04:00:00,11793,0,0.5445478792251374
2014-09-21 04:30:00,7142,0,0.5419978826623972
2014-09-21 05:00:00,4611,0,0.5243833020748775
2014-09-21 05:30:00,3474,0,0.5435011295802473
2014-09-21 06:00:00,4131,0,0.5421346250824425
2014-09-21 06:30:00,4395,0,0.5229092400718167
2014-09-21 07:00:00,4443,0,0.5249599533834957
2014-09-21 07:30:00,6155,0,0.5392096361468626
2014-09-21 08:00:00,6827,0,0.528884258322575
2014-09-21 08:30:00,9510,1,0.5591106696431616
2014-09-21 09:00:00,10785,0,0.5392580136417443
2014-09-21 09:30:00,13570,0,0.4971610943983414
2014-09-21 10:00:00,14691,0,0.4736250350951563
2014-09-21 10:30:00,17071,0,0.43761460278529724
2014-09-21 11:00:00,17457,0,0.42695422242541087
2014-09-21 11:30:00,17961,0,0.43246921301480024
2014-09-21 12:00:00,17900,0,0.43441900980290066
2014-09-21 12:30:00,18347,0,0.440083124726687
2014-09-21 13:00:00,17302,0,0.4331844014905984
2014-09-21 13:30:00,16009,0,0.4565326133408343
2014-09-21 14:00:00,15427,0,0.45948837977808654
2014-09-21 14:30:00,14986,0,0.4725572754242442
2014-09-21 15:00:00,14381,0,0.49504359373645196
2014-09-21 15:30:00,13763,0,0.4958992407042484
2014-09-21 16:00:00,13163,0,0.511722288334918
2014-09-21 16:30:00,11940,0,0.5292086712292298
2014-09-21 17:00:00,13536,0,0.4979979536668141
2014-09-21 17:30:00,15175,0,0.47038484830192373
2014-09-21 18:00:00,16406,0,0.449441030964281
2014-09-21 18:30:00,17318,0,0.43346617105285506
2014-09-21 19:00:00,17588,0,0.43302839073146904
2014-09-21 19:30:00,17895,0,0.433509847052091
2014-09-21 20:00:00,18084,0,0.43342897051867857
2014-09-21 20:30:00,16972,0,0.4370068957949942
2014-09-21 21:00:00,16389,0,0.4558643713788705
2014-09-21 21:30:00,15846,0,0.465780686723484
2014-09-21 22:00:00,15329,0,0.4615051566884079
2014-09-21 22:30:00,14446,0,0.48907421370229165
2014-09-21 23:00:00,12721,0,0.5265050296612332
2014-09-21 23:30:00,10826,0,0.5405162558481064
2014-09-22 00:00:00,9067,0,0.5508614068618901
2014-09-22 00:30:00,6546,0,0.5232722057490019
2014-09-22 01:00:00,4580,0,0.5283524207694613
2014-09-22 01:30:00,3654,0,0.5399328552303155
2014-09-22 02:00:00,3137,0,0.5452006046727103
2014-09-22 02:30:00,2610,0,0.5312527388114515
2014-09-22 03:00:00,2061,1,0.566416709498731
2014-09-22 03:30:00,1959,1,0.5877058949241735
2014-09-22 04:00:00,2356,0,0.5365731737439552
2014-09-22 04:30:00,2400,0,0.5338459630732107
2014-09-22 05:00:00,2911,0,0.5360731459704143
2014-09-22 05:30:00,4833,0,0.5404569943138116
2014-09-22 06:00:00,7398,0,0.5483955862649751
2014-09-22 06:30:00,11809,0,0.541649487096155
2014-09-22 07:00:00,14495,0,0.4873280816572585
2014-09-22 07:30:00,16812,0,0.45009033778946134
2014-09-22 08:00:00,17569,0,0.42988273552774686
2014-09-22 08:30:00,16738,0,0.45194922417279293
2014-09-22 09:00:00,16612,0,0.4592652446261103
2014-09-22 09:30:00,15702,0,0.46546757502715574
2014-09-22 10:00:00,14817,0,0.4721073599567819
2014-09-22 10:30:00,14668,0,0.4757930957259337
2014-09-22 11:00:00,14458,0,0.49114791707911615
2014-09-22 11:30:00,15475,0,0.45868542684637703
2014-09-22 12:00:00,15539,0,0.4626299786449566
2014-09-22 12:30:00,15345,0,0.4636608799442949
2014-09-22 13:00:00,15222,0,0.46426722824968303
2014-09-22 13:30:00,15213,0,0.4648958872021404
2014-09-22 14:00:00,16167,0,0.458344969123808
2014-09-22 14:30:00,16210,0,0.45756848956542145
2014-09-22 15:00:00,16393,0,0.45444475884910557
2014-09-22 15:30:00,14797,0,0.4738337113222096
2014-09-22 16:00:00,13755,0,0.4974111223319826
2014-09-22 16:30:00,13960,0,0.4911249020768727
2014-09-22 17:00:00,16248,0,0.45603168388681337
2014-09-22 17:30:00,18272,0,0.43887576842866777
2014-09-22 18:00:00,20440,0,0.47820827600544025
2014-09-22 18:30:00,21524,0,0.49084820134140983
2014-09-22 19:00:00,21828,0,0.5014728642537172
2014-09-22 19:30:00,22825,0,0.5015052488408911
2014-09-22 20:00:00,22647,0,0.49753490851002796
2014-09-22 20:30:00,22210,0,0.50255021472148
2014-09-22 21:00:00,22426,0,0.49885099422125023
2014-09-22 21:30:00,20839,0,0.4908531064116536
2014-09-22 22:00:00,20239,0,0.4807201796185254
2014-09-22 22:30:00,18144,0,0.43351367595304624
2014-09-22 23:00:00,15459,0,0.4593915334879797
2014-09-22 23:30:00,13766,0,0.4965707322035749
2014-09-23 00:00:00,11187,0,0.5499515030771204
2014-09-23 00:30:00,8959,0,0.551806806101873
2014-09-23 01:00:00,7101,0,0.5411890176195516
2014-09-23 01:30:00,4710,0,0.5371106987787752
2014-09-23 02:00:00,3571,0,0.5413274915208577
2014-09-23 02:30:00,2765,0,0.5346562103366794
2014-09-23 03:00:00,2101,1,0.5584098698663539
2014-09-23 03:30:00,1867,1,0.6136061574710493
2014-09-23 04:00:00,2126,1,0.5527348642746465
2014-09-23 04:30:00,2082,1,0.5631889343892654
2014-09-23 05:00:00,2393,0,0.5330492637656912
2014-09-23 05:30:00,4443,0,0.5249599533834957
2014-09-23 06:00:00,7297,0,0.5432632720131477
2014-09-23 06:30:00,12466,0,0.5322881933563021
2014-09-23 07:00:00,15547,0,0.4623170753974275
2014-09-23 07:30:00,18160,0,0.4352103424554807
2014-09-23 08:00:00,18295,0,0.4372569857863009
2014-09-23 08:30:00,17794,0,0.43268449601584885
2014-09-23 09:00:00,16541,0,0.45761364316990133
2014-09-23 09:30:00,16239,0,0.4563403330855082
2014-09-23 10:00:00,15239,0,0.46571458566106755
2014-09-23 10:30:00,15153,0,0.47145243328325565
2014-09-23 11:00:00,14168,0,0.4933438075858584
2014-09-23 11:30:00,14872,0,0.4712952327304167
2014-09-23 12:00:00,15293,0,0.45968592004015424
2014-09-23 12:30:00,14971,0,0.47287710939532696
2014-09-23 13:00:00,14359,0,0.4938541787844488
2014-09-23 13:30:00,14486,0,0.48627168845979796
2014-09-23 14:00:00,14471,0,0.49162215584482966
2014-09-23 14:30:00,14920,0,0.47490972746987314
2014-09-23 15:00:00,14411,0,0.4959551359849538
2014-09-23 15:30:00,13573,0,0.4971610943983414
2014-09-23 16:00:00,11876,0,0.5331727812632453
2014-09-23 16:30:00,11040,0,0.546069624365012
2014-09-23 17:00:00,13441,0,0.5046253186594316
2014-09-23 17:30:00,16163,0,0.458344969123808
2014-09-23 18:00:00,19059,0,0.4407426315841992
2014-09-23 18:30:00,19621,0,0.4611897107427819
2014-09-23 19:00:00,21616,0,0.4950112853944931
2014-09-23 19:30:00,23427,0,0.5087125657531176
2014-09-23 20:00:00,23735,0,0.5069142192021486
2014-09-23 20:30:00,23354,0,0.5073965224315617
2014-09-23 21:00:00,23391,0,0.5076496233096952
2014-09-23 21:30:00,23228,0,0.5069145497477698
2014-09-23 22:00:00,21882,0,0.5046907680704875
2014-09-23 22:30:00,21221,0,0.4842350226527216
2014-09-23 23:00:00,18922,0,0.439349958322324
2014-09-23 23:30:00,15473,0,0.45827378389139206
2014-09-24 00:00:00,12457,0,0.5338060038199881
2014-09-24 00:30:00,9497,1,0.5583546080440777
2014-09-24 01:00:00,7073,0,0.5373368360372067
2014-09-24 01:30:00,5496,0,0.5475263597058061
2014-09-24 02:00:00,4477,0,0.528214610204583
2014-09-24 02:30:00,3527,0,0.542180445002717
2014-09-24 03:00:00,2971,0,0.5485559229123221
2014-09-24 03:30:00,2660,0,0.5329697377868841
2014-09-24 04:00:00,2497,0,0.5362660905745668
2014-09-24 04:30:00,2250,0,0.5375770403894328
2014-09-24 05:00:00,2594,0,0.5301755174323827
2014-09-24 05:30:00,4316,0,0.5314975416105985
2014-09-24 06:00:00,7112,0,0.5412649619579374
2014-09-24 06:30:00,12119,0,0.5280416464506336
2014-09-24 07:00:00,15652,0,0.4655221243164621
2014-09-24 07:30:00,18565,0,0.4339450044317162
2014-09-24 08:00:00,18437,0,0.4356643455180405
2014-09-24 08:30:00,17831,0,0.4336618946956256
2014-09-24 09:00:00,17103,0,0.4370537706702037
2014-09-24 09:30:00,16446,0,0.45140796833515845
2014-09-24 10:00:00,15593,0,0.46445939045433987
2014-09-24 10:30:00,15353,0,0.460771045592176
2014-09-24 11:00:00,15105,0,0.4740517871832433
2014-09-24 11:30:00,16058,0,0.45747489218004583
2014-09-24 12:00:00,16475,0,0.45151567933513304
2014-09-24 12:30:00,16226,0,0.4576168046538483
2014-09-24 13:00:00,15766,0,0.465749631285723
2014-09-24 13:30:00,16242,0,0.45603168388681337
2014-09-24 14:00:00,16976,0,0.4370068957949942
2014-09-24 14:30:00,17117,0,0.43741801644804756
2014-09-24 15:00:00,16910,0,0.4421295643897748
2014-09-24 15:30:00,14845,0,0.4704242340620837
2014-09-24 16:00:00,12840,0,0.524588341595251
2014-09-24 16:30:00,12913,0,0.5227927308099276
2014-09-24 17:00:00,15736,0,0.4679032235957779
2014-09-24 17:30:00,18396,0,0.43946153191809784
2014-09-24 18:00:00,21170,0,0.4917631007441651
2014-09-24 18:30:00,21255,0,0.48248516436265
2014-09-24 19:00:00,22014,0,0.4995391666920483
2014-09-24 19:30:00,22334,0,0.5015080892007393
2014-09-24 20:00:00,21426,0,0.48400139162675865
2014-09-24 20:30:00,21152,0,0.4931474287085847
2014-09-24 21:00:00,22304,0,0.4994772097828832
2014-09-24 21:30:00,22947,0,0.5038267992813502
2014-09-24 22:00:00,22195,0,0.5020804543210261
2014-09-24 22:30:00,21592,0,0.49381227950273787
2014-09-24 23:00:00,18884,0,0.44417960047790855
2014-09-24 23:30:00,15885,0,0.4634547778358991
2014-09-25 00:00:00,12556,0,0.5284969776559958
2014-09-25 00:30:00,10023,1,0.5541691344060442
2014-09-25 01:00:00,7320,0,0.5444111473748837
2014-09-25 01:30:00,6007,0,0.5414090208212163
2014-09-25 02:00:00,4886,0,0.54411729033149
2014-09-25 02:30:00,4068,0,0.5420072295954765
2014-09-25 03:00:00,3170,0,0.5394640879768438
2014-09-25 03:30:00,2671,0,0.5343604563298403
2014-09-25 04:00:00,2844,0,0.5377336637219478
2014-09-25 04:30:00,2430,0,0.5366725581697657
2014-09-25 05:00:00,2534,0,0.5375414477654605
2014-09-25 05:30:00,4193,0,0.5355713065757773
2014-09-25 06:00:00,6274,0,0.5338083880677799
2014-09-25 06:30:00,11614,0,0.542647457918454
2014-09-25 07:00:00,14471,0,0.49162215584482966
2014-09-25 07:30:00,17184,0,0.4343511167615874
2014-09-25 08:00:00,18428,0,0.43629806161809226
2014-09-25 08:30:00,18257,0,0.4394340880380941
2014-09-25 09:00:00,17375,0,0.4258441025056229
2014-09-25 09:30:00,18079,0,0.4340393415583714
2014-09-25 10:00:00,17902,0,0.43441900980290066
2014-09-25 10:30:00,17934,0,0.43368827860828946
2014-09-25 11:00:00,16311,0,0.4559557175040562
2014-09-25 11:30:00,16460,0,0.4516155915243657
2014-09-25 12:00:00,17383,0,0.42980488667829886
2014-09-25 12:30:00,16931,0,0.4389085123904477
2014-09-25 13:00:00,17236,0,0.43522086448125197
2014-09-25 13:30:00,17120,0,0.43741801644804756
2014-09-25 14:00:00,16635,0,0.45650291840975266
2014-09-25 14:30:00,16048,0,0.4580199345811589
2014-09-25 15:00:00,15553,0,0.4638034366088853
2014-09-25 15:30:00,14421,0,0.4933195492251641
2014-09-25 16:00:00,13456,0,0.501945402294411
2014-09-25 16:30:00,12820,0,0.524514737136571
2014-09-25 17:00:00,16109,0,0.45990804745207353
2014-09-25 17:30:00,19198,0,0.4437795626664637
2014-09-25 18:00:00,21302,0,0.47939789483208156
2014-09-25 18:30:00,22657,0,0.49666867444898705
2014-09-25 19:00:00,23276,0,0.5077448997847215
2014-09-25 19:30:00,23723,0,0.5089651939702274
2014-09-25 20:00:00,23021,0,0.5034739788769049
2014-09-25 20:30:00,21823,0,0.5010833942766828
2014-09-25 21:00:00,21666,0,0.5018425863159718
2014-09-25 21:30:00,22491,0,0.49789328814982897
2014-09-25 22:00:00,22004,0,0.49977993889916145
2014-09-25 22:30:00,23595,0,0.5072925336405139
2014-09-25 23:00:00,22090,0,0.5003348697364293
2014-09-25 23:30:00,20296,0,0.4769551980735793
2014-09-26 00:00:00,16288,0,0.4570086813006685
2014-09-26 00:30:00,13049,0,0.5170633661397733
2014-09-26 01:00:00,10504,0,0.5504049963004187
2014-09-26 01:30:00,8423,1,0.5530972807346775
2014-09-26 02:00:00,7090,0,0.5389878745396722
2014-09-26 02:30:00,5920,0,0.5405376135776159
2014-09-26 03:00:00,4849,0,0.5389206825144897
2014-09-26 03:30:00,4102,0,0.5396186080429967
2014-09-26 04:00:00,4093,0,0.5393293057083516
2014-09-26 04:30:00,3162,0,0.5430645939952691
2014-09-26 05:00:00,2939,0,0.5412311972685137
2014-09-26 05:30:00,4012,0,0.5408288619734787
2014-09-26 06:00:00,6627,0,0.5255468889633
2014-09-26 06:30:00,10911,0,0.5406948311143821
2014-09-26 07:00:00,13043,0,0.5160667103262373
2014-09-26 07:30:00,16141,0,0.46057448521928696
2014-09-26 08:00:00,16551,0,0.4583251499726726
2014-09-26 08:30:00,17566,0,0.42988273552774686
2014-09-26 09:00:00,16839,0,0.44837224295009975
2014-09-26 09:30:00,16706,0,0.4474775353755558
2014-09-26 10:00:00,15946,0,0.45887119854124137
2014-09-26 10:30:00,16319,0,0.45450947548419257
2014-09-26 11:00:00,15319,0,0.46077912085675515
2014-09-26 11:30:00,16456,0,0.4516155915243657
2014-09-26 12:00:00,16719,0,0.44717488059640503
2014-09-26 12:30:00,16157,0,0.4586551839892316
2014-09-26 13:00:00,15798,0,0.466047736116944
2014-09-26 13:30:00,16747,0,0.45188581163507824
2014-09-26 14:00:00,16855,0,0.4479707872144421
2014-09-26 14:30:00,17441,0,0.42783845935889414
2014-09-26 15:00:00,16769,0,0.45212875816259246
2014-09-26 15:30:00,15274,0,0.4608366914865177
2014-09-26 16:00:00,14150,0,0.49194142049365536
2014-09-26 16:30:00,13382,0,0.5065395064612621
2014-09-26 17:00:00,16018,0,0.456950458028051
2014-09-26 17:30:00,19412,0,0.4507941040552224
2014-09-26 18:00:00,22047,0,0.5002155869735918
2014-09-26 18:30:00,23843,0,0.5161267213514366
2014-09-26 19:00:00,24816,0,0.5431403133989249
2014-09-26 19:30:00,25433,1,0.562773661165084
2014-09-26 20:00:00,25249,1,0.5577551707857554
2014-09-26 20:30:00,24492,0,0.5411766220031368
2014-09-26 21:00:00,24332,0,0.5381427149798615
2014-09-26 21:30:00,24473,0,0.539348951705518
2014-09-26 22:00:00,25932,1,0.5667644905544456
2014-09-26 22:30:00,25931,1,0.5667644905544456
2014-09-26 23:00:00,26479,1,0.6025911790500278
2014-09-26 23:30:00,25878,1,0.5635146784725845
2014-09-27 00:00:00,25100,1,0.5577261344394767
2014-09-27 00:30:00,23886,0,0.5162577148623574
2014-09-27 01:00:00,22982,0,0.501662629750239
2014-09-27 01:30:00,20541,0,0.4850871427097059
2014-09-27 02:00:00,18970,0,0.4406578644088883
2014-09-27 02:30:00,17433,0,0.42664078152208984
2014-09-27 03:00:00,14547,0,0.4859151664223364
2014-09-27 03:30:00,12694,0,0.5265085024771877
2014-09-27 04:00:00,10374,0,0.5488635419545658
2014-09-27 04:30:00,6339,0,0.5314832163121287
2014-09-27 05:00:00,4313,0,0.5322037207271256
2014-09-27 05:30:00,3538,0,0.5429146053523142
2014-09-27 06:00:00,3709,0,0.5373117373908398
2014-09-27 06:30:00,5311,0,0.5424984445604771
2014-09-27 07:00:00,5974,0,0.5419713831914815
2014-09-27 07:30:00,8183,0,0.5508943253534861
2014-09-27 08:00:00,8942,0,0.5524985456704586
2014-09-27 08:30:00,11805,0,0.5441795701926279
2014-09-27 09:00:00,12261,0,0.5320350431373797
2014-09-27 09:30:00,15226,0,0.46426722824968303
2014-09-27 10:00:00,15802,0,0.46694779259470565
2014-09-27 10:30:00,17334,0,0.430327660397524
2014-09-27 11:00:00,18070,0,0.436089570611483
2014-09-27 11:30:00,20105,0,0.4681775018178612
2014-09-27 12:00:00,20138,0,0.4709075864979154
2014-09-27 12:30:00,19968,0,0.47303473868502915
2014-09-27 13:00:00,20411,0,0.4774660071207302
2014-09-27 13:30:00,20317,0,0.47697048080963267
2014-09-27 14:00:00,19930,0,0.47172932429215525
2014-09-27 14:30:00,20502,0,0.48529527127341615
2014-09-27 15:00:00,19916,0,0.4704603005147151
2014-09-27 15:30:00,19259,0,0.4483061584383396
2014-09-27 16:00:00,17572,0,0.4308697058963833
2014-09-27 16:30:00,15629,0,0.46577214562321384
2014-09-27 17:00:00,17721,0,0.43347847120810734
2014-09-27 17:30:00,21308,0,0.47939789483208156
2014-09-27 18:00:00,23297,0,0.5087254840697334
2014-09-27 18:30:00,24024,0,0.5258956346031196
2014-09-27 19:00:00,24925,0,0.5504336252874769
2014-09-27 19:30:00,25418,1,0.562773661165084
2014-09-27 20:00:00,23601,0,0.5082223773790865
2014-09-27 20:30:00,23219,0,0.5082882936109705
2014-09-27 21:00:00,22544,0,0.4956005880243582
2014-09-27 21:30:00,23273,0,0.5084324313557471
2014-09-27 22:00:00,25131,1,0.5626125255934636
2014-09-27 22:30:00,26895,1,0.6400012540269537
2014-09-27 23:00:00,27936,1,0.6991150122153025
2014-09-27 23:30:00,28113,1,0.7032455086046058
2014-09-28 00:00:00,27269,1,0.6688602786456413
2014-09-28 00:30:00,26320,1,0.5985721879119774
2014-09-28 01:00:00,24571,0,0.5395437639740276
2014-09-28 01:30:00,22698,0,0.4958338110013898
2014-09-28 02:00:00,20948,0,0.49221678153584
2014-09-28 02:30:00,18561,0,0.43428229070549934
2014-09-28 03:00:00,16218,0,0.45574827233350007
2014-09-28 03:30:00,13873,0,0.4927808147504757
2014-09-28 04:00:00,11926,0,0.5325588201063651
2014-09-28 04:30:00,7361,0,0.545957490293759
2014-09-28 05:00:00,4330,0,0.5298820542757363
2014-09-28 05:30:00,3681,0,0.536971013545825
2014-09-28 06:00:00,3886,0,0.5370495464196346
2014-09-28 06:30:00,4600,0,0.5272810803663812
2014-09-28 07:00:00,4930,0,0.5436376815229051
2014-09-28 07:30:00,6204,0,0.540141949135285
2014-09-28 08:00:00,7212,0,0.5396234360791794
2014-09-28 08:30:00,9136,0,0.5507301093047096
2014-09-28 09:00:00,10287,0,0.5477676609722737
2014-09-28 09:30:00,12808,0,0.524514737136571
2014-09-28 10:00:00,13952,0,0.49310314032853314
2014-09-28 10:30:00,16763,0,0.45368623678709746
2014-09-28 11:00:00,17356,0,0.42807797384837554
2014-09-28 11:30:00,19238,0,0.44797920497950633
2014-09-28 12:00:00,19607,0,0.46057565142664086
2014-09-28 12:30:00,20310,0,0.4778794403545405
2014-09-28 13:00:00,20033,0,0.47318159852838554
2014-09-28 13:30:00,19595,0,0.46026413763869667
2014-09-28 14:00:00,19871,0,0.4690521479096749
2014-09-28 14:30:00,19819,0,0.4659864563395372
2014-09-28 15:00:00,18620,0,0.43856422040351534
2014-09-28 15:30:00,18657,0,0.4368431117929942
2014-09-28 16:00:00,17688,0,0.4316591261588896
2014-09-28 16:30:00,16927,0,0.4394854142079324
2014-09-28 17:00:00,17637,0,0.4312322418037577
2014-09-28 17:30:00,19283,0,0.4485729293833439
2014-09-28 18:00:00,20448,0,0.47820827600544025
2014-09-28 18:30:00,19638,0,0.4594003692674923
2014-09-28 19:00:00,19509,0,0.454356800849042
2014-09-28 19:30:00,18936,0,0.439349958322324
2014-09-28 20:00:00,18188,0,0.4358596178726031
2014-09-28 20:30:00,16594,0,0.45934603074230346
2014-09-28 21:00:00,16330,0,0.45567945954332983
2014-09-28 21:30:00,16075,0,0.4569421969928329
2014-09-28 22:00:00,14977,0,0.4725572754242442
2014-09-28 22:30:00,13503,0,0.4988407592070674
2014-09-28 23:00:00,12052,0,0.5306559976442234
2014-09-28 23:30:00,10779,0,0.5392580136417443
2014-09-29 00:00:00,8332,0,0.5513425011280629
2014-09-29 00:30:00,6357,0,0.5314832163121287
2014-09-29 01:00:00,4958,0,0.5429876551069792
2014-09-29 01:30:00,3461,0,0.5449489253327034
2014-09-29 02:00:00,3253,0,0.5453764970494276
2014-09-29 02:30:00,2493,0,0.5359033829917768
2014-09-29 03:00:00,1993,1,0.5761123076113924
2014-09-29 03:30:00,1839,1,0.6255925178414332
2014-09-29 04:00:00,2275,0,0.5411718146716653
2014-09-29 04:30:00,2280,0,0.5401816866376352
2014-09-29 05:00:00,2986,0,0.545276467595128
2014-09-29 05:30:00,4608,0,0.5248118485099164
2014-09-29 06:00:00,7253,0,0.5403978712141639
2014-09-29 06:30:00,11360,0,0.5478482657543771
2014-09-29 07:00:00,14157,0,0.4926075527538277
2014-09-29 07:30:00,16864,0,0.4476677988207195
2014-09-29 08:00:00,17399,0,0.42802422047482785
2014-09-29 08:30:00,16671,0,0.45074624448833855
2014-09-29 09:00:00,15478,0,0.4590602824218722
2014-09-29 09:30:00,14677,0,0.4747927946701335
2014-09-29 10:00:00,14935,0,0.4749254777967243
2014-09-29 10:30:00,15392,0,0.45933142311990993
2014-09-29 11:00:00,15147,0,0.47145243328325565
2014-09-29 11:30:00,16345,0,0.45555295155995984
2014-09-29 12:00:00,16382,0,0.45682882067351355
2014-09-29 12:30:00,15798,0,0.466047736116944
2014-09-29 13:00:00,15584,0,0.4647737436533724
2014-09-29 13:30:00,16544,0,0.45792336306276576
2014-09-29 14:00:00,17377,0,0.42737279737668804
2014-09-29 14:30:00,18345,0,0.44067903626071425
2014-09-29 15:00:00,18004,0,0.43444347078500123
2014-09-29 15:30:00,16863,0,0.4476677988207195
2014-09-29 16:00:00,15714,0,0.4660510805873978
2014-09-29 16:30:00,14743,0,0.4744386495861359
2014-09-29 17:00:00,17579,0,0.43199400704728247
2014-09-29 17:30:00,21604,0,0.4932582768794675
2014-09-29 18:00:00,23120,0,0.5064053193779096
2014-09-29 18:30:00,22717,0,0.4961292413243877
2014-09-29 19:00:00,22757,0,0.49607287498520963
2014-09-29 19:30:00,22311,0,0.4988017879774373
2014-09-29 20:00:00,21642,0,0.4999770489417149
2014-09-29 20:30:00,20568,0,0.4857234940634041
2014-09-29 21:00:00,19969,0,0.47303473868502915
2014-09-29 21:30:00,19484,0,0.4542372904825089
2014-09-29 22:00:00,17993,0,0.43677266605901566
2014-09-29 22:30:00,17446,0,0.4271832454954109
2014-09-29 23:00:00,13722,0,0.49860637339409797
2014-09-29 23:30:00,11549,0,0.5433708126714208
2014-09-30 00:00:00,9459,1,0.5606258655507451
2014-09-30 00:30:00,6800,0,0.5290196174087295
2014-09-30 01:00:00,5323,0,0.5432885722703207
2014-09-30 01:30:00,3976,0,0.5424050972406468
2014-09-30 02:00:00,3279,0,0.5482850489628055
2014-09-30 02:30:00,2617,0,0.5306396608250477
2014-09-30 03:00:00,2010,1,0.5734811385779158
2014-09-30 03:30:00,1853,1,0.6194707253421755
2014-09-30 04:00:00,2150,0,0.5492311045649226
2014-09-30 04:30:00,2019,1,0.5715443689529756
2014-09-30 05:00:00,2414,0,0.536018176964948
2014-09-30 05:30:00,4193,0,0.5355713065757773
2014-09-30 06:00:00,6473,0,0.522473724844372
2014-09-30 06:30:00,11500,0,0.5440186636972643
2014-09-30 07:00:00,14892,0,0.4713613689664983
2014-09-30 07:30:00,19148,0,0.4413522420151594
2014-09-30 08:00:00,19942,0,0.47200932952245833
2014-09-30 08:30:00,19874,0,0.4690521479096749
2014-09-30 09:00:00,18453,0,0.434045819502594
2014-09-30 09:30:00,18316,0,0.43862160927450833
2014-09-30 10:00:00,16768,0,0.45274098055131007
2014-09-30 10:30:00,16430,0,0.44970291507801213
2014-09-30 11:00:00,16035,0,0.45735466780089346
2014-09-30 11:30:00,17493,0,0.4284561278140591
2014-09-30 12:00:00,17298,0,0.435241395021496
2014-09-30 12:30:00,16790,0,0.4529264669072444
2014-09-30 13:00:00,15966,0,0.46046478457713885
2014-09-30 13:30:00,17428,0,0.42664078152208984
2014-09-30 14:00:00,18268,0,0.43848334492072655
2014-09-30 14:30:00,18462,0,0.43162471475590897
2014-09-30 15:00:00,18361,0,0.4410289624819759
2014-09-30 15:30:00,16495,0,0.45020191073852045
2014-09-30 16:00:00,14614,0,0.48413019926538575
2014-09-30 16:30:00,14124,0,0.4878721213601221
2014-09-30 17:00:00,17230,0,0.4360634740212042
2014-09-30 17:30:00,20123,0,0.46690468912275207
2014-09-30 18:00:00,22947,0,0.5038267992813502
2014-09-30 18:30:00,23715,0,0.5086209515531255
2014-09-30 19:00:00,24428,0,0.537851551327303
2014-09-30 19:30:00,24482,0,0.5411766220031368
2014-09-30 20:00:00,24208,0,0.5363247974253939
2014-09-30 20:30:00,23513,0,0.5083055773446735
2014-09-30 21:00:00,24049,0,0.5311703827351938
2014-09-30 21:30:00,23634,0,0.5068238004718592
2014-09-30 22:00:00,22175,0,0.500723488300706
2014-09-30 22:30:00,20697,0,0.48427938686865857
2014-09-30 23:00:00,17890,0,0.4339488634467844
2014-09-30 23:30:00,15516,0,0.4627671217435791
2014-10-01 00:00:00,12751,0,0.5244342780448711
2014-10-01 00:30:00,8767,1,0.5564320915561038
2014-10-01 01:00:00,7005,0,0.5340345219611
2014-10-01 01:30:00,5257,0,0.5440762096938665
2014-10-01 02:00:00,4189,0,0.5374701918357976
2014-10-01 02:30:00,3236,0,0.5448532419355961
2014-10-01 03:00:00,2817,0,0.5365894420807468
2014-10-01 03:30:00,2527,0,0.5393980135919286
2014-10-01 04:00:00,2406,0,0.5344944830196642
2014-10-01 04:30:00,1961,1,0.5873083956448306
2014-10-01 05:00:00,2478,0,0.5378017662755834
2014-10-01 05:30:00,4483,0,0.527531652128422
2014-10-01 06:00:00,7002,0,0.5340345219611
2014-10-01 06:30:00,11917,0,0.5317210032797136
2014-10-01 07:00:00,15929,0,0.46103872340087176
2014-10-01 07:30:00,20327,0,0.4772933017054271
2014-10-01 08:00:00,20974,0,0.4933406128521247
2014-10-01 08:30:00,20999,0,0.4913228638994419
2014-10-01 09:00:00,19639,0,0.4594648363131314
2014-10-01 09:30:00,19221,0,0.44538955388827184
2014-10-01 10:00:00,17308,0,0.4322991116706434
2014-10-01 10:30:00,17140,0,0.4380381214488359
2014-10-01 11:00:00,16773,0,0.4518226138215408
2014-10-01 11:30:00,19397,0,0.4495393624600968
2014-10-01 12:00:00,18697,0,0.43884185695259903
2014-10-01 12:30:00,18042,0,0.43483422819105216
2014-10-01 13:00:00,17332,0,0.430327660397524
2014-10-01 13:30:00,17585,0,0.4322863871796884
2014-10-01 14:00:00,18263,0,0.4386051126395337
2014-10-01 14:30:00,18842,0,0.44588477458608966
2014-10-01 15:00:00,18583,0,0.4339866883151625
2014-10-01 15:30:00,17301,0,0.4338323614368652
2014-10-01 16:00:00,15060,0,0.4730770378307971
2014-10-01 16:30:00,14201,0,0.49857070147205823
2014-10-01 17:00:00,16655,0,0.45736891305171096
2014-10-01 17:30:00,19964,0,0.47303473868502915
2014-10-01 18:00:00,22960,0,0.5041677969430779
2014-10-01 18:30:00,23759,0,0.5111501021570768
2014-10-01 19:00:00,25024,1,0.5531202482142753
2014-10-01 19:30:00,25414,1,0.562773661165084
2014-10-01 20:00:00,24917,0,0.5508061671598565
2014-10-01 20:30:00,24348,0,0.5403001466089936
2014-10-01 21:00:00,24248,0,0.5328912491983466
2014-10-01 21:30:00,24669,0,0.5373879617882555
2014-10-01 22:00:00,23132,0,0.5070910370384026
2014-10-01 22:30:00,22753,0,0.49607287498520963
2014-10-01 23:00:00,20371,0,0.47642329332595745
2014-10-01 23:30:00,17313,0,0.43378894519208844
2014-10-02 00:00:00,13534,0,0.49821507824433137
2014-10-02 00:30:00,10485,0,0.549506473160669
2014-10-02 01:00:00,7944,1,0.5599777589640386
2014-10-02 01:30:00,6030,0,0.5414090208212163
2014-10-02 02:00:00,4867,0,0.5420832364903512
2014-10-02 02:30:00,3812,0,0.5366612117137721
2014-10-02 03:00:00,3251,0,0.5445625898409973
2014-10-02 03:30:00,2738,0,0.5299741971531164
2014-10-02 04:00:00,2755,0,0.5312928674812272
2014-10-02 04:30:00,2221,0,0.5369374014380129
2014-10-02 05:00:00,2363,0,0.5351848346605128
2014-10-02 05:30:00,4351,0,0.5249331300873595
2014-10-02 06:00:00,6835,0,0.5278118395122878
2014-10-02 06:30:00,11982,0,0.5298743538605191
2014-10-02 07:00:00,15844,0,0.4663645847974598
2014-10-02 07:30:00,19853,0,0.46737133686698323
2014-10-02 08:00:00,20187,0,0.4739637920753732
2014-10-02 08:30:00,20480,0,0.486678712057195
2014-10-02 09:00:00,19531,0,0.45651702127357213
2014-10-02 09:30:00,18873,0,0.4436340989944882
2014-10-02 10:00:00,17534,0,0.42963507234296633
2014-10-02 10:30:00,17803,0,0.4336595728871601
2014-10-02 11:00:00,16994,0,0.43654261358169105
2014-10-02 11:30:00,18149,0,0.43351367595304624
2014-10-02 12:00:00,18251,0,0.4410920277251552
2014-10-02 12:30:00,17723,0,0.43347847120810734
2014-10-02 13:00:00,17104,0,0.4370537706702037
2014-10-02 13:30:00,18124,0,0.43478726052261285
2014-10-02 14:00:00,18680,0,0.43762305173244553
2014-10-02 14:30:00,19364,0,0.4471789397965167
2014-10-02 15:00:00,19044,0,0.4391989018161784
2014-10-02 15:30:00,16883,0,0.4454359838172983
2014-10-02 16:00:00,14389,0,0.4974538660592838
2014-10-02 16:30:00,13866,0,0.4927808147504757
2014-10-02 17:00:00,17005,0,0.4368576162331671
2014-10-02 17:30:00,20674,0,0.4836167731283344
2014-10-02 18:00:00,22678,0,0.4960988624536344
2014-10-02 18:30:00,23225,0,0.5082882936109705
2014-10-02 19:00:00,25012,0,0.5504848137367137
2014-10-02 19:30:00,25574,1,0.559308915293946
2014-10-02 20:00:00,25301,1,0.5594042660103022
2014-10-02 20:30:00,25391,1,0.5628749433464576
2014-10-02 21:00:00,25520,1,0.5584302690056242
2014-10-02 21:30:00,25582,1,0.5589306225242467
2014-10-02 22:00:00,24848,0,0.5438975024452268
2014-10-02 22:30:00,24100,0,0.5331654194734844
2014-10-02 23:00:00,23336,0,0.5071780701928221
2014-10-02 23:30:00,21549,0,0.49123979713672294
2014-10-03 00:00:00,18003,0,0.43444347078500123
2014-10-03 00:30:00,15266,0,0.46386735876240176
2014-10-03 01:00:00,12130,0,0.5280416464506336
2014-10-03 01:30:00,9847,1,0.5591397069000347
2014-10-03 02:00:00,8022,1,0.5586070930671513
2014-10-03 02:30:00,6508,0,0.5231987859560089
2014-10-03 03:00:00,5309,0,0.5424984445604771
2014-10-03 03:30:00,4339,0,0.5288074448048102
2014-10-03 04:00:00,4202,0,0.5341238252842291
2014-10-03 04:30:00,3358,0,0.548318801320855
2014-10-03 05:00:00,3083,0,0.54433550188314
2014-10-03 05:30:00,4391,0,0.5225555664948023
2014-10-03 06:00:00,6769,0,0.5294519528210302
2014-10-03 06:30:00,11309,0,0.549491067118595
2014-10-03 07:00:00,14866,0,0.47161421253175656
2014-10-03 07:30:00,18942,0,0.43990072309591377
2014-10-03 08:00:00,19693,0,0.4643302507509679
2014-10-03 08:30:00,19776,0,0.46624123115376914
2014-10-03 09:00:00,19309,0,0.44442572400364366
2014-10-03 09:30:00,18801,0,0.4411758844232477
2014-10-03 10:00:00,17108,0,0.4370537706702037
2014-10-03 10:30:00,16952,0,0.4365708882714202
2014-10-03 11:00:00,17108,0,0.4370537706702037
2014-10-03 11:30:00,17927,0,0.43150807285812764
2014-10-03 12:00:00,18426,0,0.4365933548002738
2014-10-03 12:30:00,17340,0,0.42978888129577525
2014-10-03 13:00:00,17150,0,0.4380381214488359
2014-10-03 13:30:00,17581,0,0.43199400704728247
2014-10-03 14:00:00,18924,0,0.439349958322324
2014-10-03 14:30:00,19602,0,0.46057565142664086
2014-10-03 15:00:00,18893,0,0.44188147670191874
2014-10-03 15:30:00,16691,0,0.45059348979115266
2014-10-03 16:00:00,15332,0,0.4615051566884079
2014-10-03 16:30:00,14661,0,0.4763428063763193
2014-10-03 17:00:00,18110,0,0.43454625731005037
2014-10-03 17:30:00,22624,0,0.5007999707512923
2014-10-03 18:00:00,25209,1,0.561048300233865
2014-10-03 18:30:00,24975,0,0.5517151365729307
2014-10-03 19:00:00,26477,1,0.6034071408847881
2014-10-03 19:30:00,27165,1,0.6688602786456413
2014-10-03 20:00:00,25960,1,0.5677238215025351
2014-10-03 20:30:00,25435,1,0.562773661165084
2014-10-03 21:00:00,24847,0,0.5438975024452268
2014-10-03 21:30:00,25174,1,0.5619887298221707
2014-10-03 22:00:00,25419,1,0.562773661165084
2014-10-03 22:30:00,25904,1,0.5641985540279459
2014-10-03 23:00:00,24543,0,0.5387280942852242
2014-10-03 23:30:00,24513,0,0.5416818501708808
2014-10-04 00:00:00,23316,0,0.5078150072850416
2014-10-04 00:30:00,22311,0,0.4988017879774373
2014-10-04 01:00:00,20470,0,0.4840368064648573
2014-10-04 01:30:00,18629,0,0.4370445011008149
2014-10-04 02:00:00,17120,0,0.43741801644804756
2014-10-04 02:30:00,15544,0,0.4623170753974275
2014-10-04 03:00:00,14012,0,0.48699859400815887
2014-10-04 03:30:00,11425,0,0.548825408024481
2014-10-04 04:00:00,9541,1,0.5606258655507451
2014-10-04 04:30:00,5912,0,0.5401720169182824
2014-10-04 05:00:00,3832,0,0.5385694907062476
2014-10-04 05:30:00,3230,0,0.5471357180849691
2014-10-04 06:00:00,3425,0,0.547101339048729
2014-10-04 06:30:00,4159,0,0.5384553498253336
2014-10-04 07:00:00,4720,0,0.5374742234913029
2014-10-04 07:30:00,5848,0,0.540738821409528
2014-10-04 08:00:00,6901,0,0.527397833725583
2014-10-04 08:30:00,9611,1,0.5614167187963522
2014-10-04 09:00:00,11626,0,0.5419136588209792
2014-10-04 09:30:00,14814,0,0.47249318445818106
2014-10-04 10:00:00,16839,0,0.44837224295009975
2014-10-04 10:30:00,18245,0,0.4379526905298129
2014-10-04 11:00:00,18230,0,0.43443562946327896
2014-10-04 11:30:00,18322,0,0.44020533670760764
2014-10-04 12:00:00,18541,0,0.4332939641015355
2014-10-04 12:30:00,18062,0,0.4359930932875841
2014-10-04 13:00:00,18008,0,0.43444347078500123
2014-10-04 13:30:00,18784,0,0.4394428258862998
2014-10-04 14:00:00,17708,0,0.43139748150311086
2014-10-04 14:30:00,17998,0,0.4364160099174031
2014-10-04 15:00:00,18033,0,0.43478606572092277
2014-10-04 15:30:00,17851,0,0.434772225456033
2014-10-04 16:00:00,17046,0,0.43611078659782465
2014-10-04 16:30:00,17241,0,0.435897554545913
2014-10-04 17:00:00,19295,0,0.44707207021331674
2014-10-04 17:30:00,21740,0,0.5045601643451451
2014-10-04 18:00:00,22729,0,0.4958130706652082
2014-10-04 18:30:00,23854,0,0.515007900626784
2014-10-04 19:00:00,25857,1,0.5636503251233634
2014-10-04 19:30:00,26490,1,0.6029990219502604
2014-10-04 20:00:00,24115,0,0.5335262739608079
2014-10-04 20:30:00,23384,0,0.5079751298208693
2014-10-04 21:00:00,23515,0,0.508720984437576
2014-10-04 21:30:00,24476,0,0.5408105931456737
2014-10-04 22:00:00,24455,0,0.5403191692621675
2014-10-04 22:30:00,25474,1,0.560748969478066
2014-10-04 23:00:00,25811,1,0.5618017201303034
2014-10-04 23:30:00,25847,1,0.5629998595706858
2014-10-05 00:00:00,25224,1,0.5595773969649069
2014-10-05 00:30:00,23248,0,0.5047698892039517
2014-10-05 01:00:00,22772,0,0.49540205671704296
2014-10-05 01:30:00,20671,0,0.48455075987620505
2014-10-05 02:00:00,19208,0,0.44397682659192905
2014-10-05 02:30:00,17300,0,0.4337714908578045
2014-10-05 03:00:00,15260,0,0.4638304595406711
2014-10-05 03:30:00,12970,0,0.5193964500746234
2014-10-05 04:00:00,11168,0,0.5492078270297638
2014-10-05 04:30:00,6678,0,0.5291874781565953
2014-10-05 05:00:00,4321,0,0.5304942569564817
2014-10-05 05:30:00,3259,0,0.545866379736843
2014-10-05 06:00:00,3277,0,0.5482850489628055
2014-10-05 06:30:00,4072,0,0.5424501789897258
2014-10-05 07:00:00,4566,0,0.5315931617357652
2014-10-05 07:30:00,5973,0,0.5419713831914815
2014-10-05 08:00:00,7209,0,0.5396234360791794
2014-10-05 08:30:00,8999,0,0.5521028015087399
2014-10-05 09:00:00,10669,0,0.54988716410086
2014-10-05 09:30:00,12678,0,0.5257965274033293
2014-10-05 10:00:00,14511,0,0.4858454024506337
2014-10-05 10:30:00,16953,0,0.4365708882714202
2014-10-05 11:00:00,17817,0,0.4332703891512213
2014-10-05 11:30:00,18894,0,0.44188147670191874
2014-10-05 12:00:00,18505,0,0.4347562005174239
2014-10-05 12:30:00,19227,0,0.44652341281193536
2014-10-05 13:00:00,18361,0,0.4410289624819759
2014-10-05 13:30:00,18014,0,0.4351280103232316
2014-10-05 14:00:00,17486,0,0.42809702508801495
2014-10-05 14:30:00,17816,0,0.4332703891512213
2014-10-05 15:00:00,17364,0,0.4274045253651876
2014-10-05 15:30:00,16871,0,0.44427488106251345
2014-10-05 16:00:00,15497,0,0.46353566508836336
2014-10-05 16:30:00,15185,0,0.46813828280550646
2014-10-05 17:00:00,16114,0,0.45953249961575676
2014-10-05 17:30:00,18312,0,0.4372303491634924
2014-10-05 18:00:00,19793,0,0.4647009547035312
2014-10-05 18:30:00,19706,0,0.4652269903285295
2014-10-05 19:00:00,20198,0,0.4736530832862486
2014-10-05 19:30:00,19790,0,0.4650807264024191
2014-10-05 20:00:00,18192,0,0.4358596178726031
2014-10-05 20:30:00,17701,0,0.43066862328382655
2014-10-05 21:00:00,16484,0,0.45151567933513304
2014-10-05 21:30:00,16626,0,0.45885308131907093
2014-10-05 22:00:00,14889,0,0.4712952327304167
2014-10-05 22:30:00,14114,0,0.4865728407609855
2014-10-05 23:00:00,11870,0,0.5348214161663318
2014-10-05 23:30:00,10041,1,0.55451086579674
2014-10-06 00:00:00,7997,1,0.5578517124332715
2014-10-06 00:30:00,5689,0,0.5443773141922679
2014-10-06 01:00:00,4351,0,0.5249331300873595
2014-10-06 01:30:00,3348,0,0.5509306765471327
2014-10-06 02:00:00,2809,0,0.535939032043209
2014-10-06 02:30:00,2193,0,0.5420004429661528
2014-10-06 03:00:00,1752,1,0.6359224374262333
2014-10-06 03:30:00,1731,1,0.6385731231654066
2014-10-06 04:00:00,1994,1,0.5756418706799286
2014-10-06 04:30:00,2178,0,0.5438285721891275
2014-10-06 05:00:00,2787,0,0.5356887671934051
2014-10-06 05:30:00,4578,0,0.5292935541533499
2014-10-06 06:00:00,6816,0,0.5285265434972607
2014-10-06 06:30:00,11243,0,0.5513635143984593
2014-10-06 07:00:00,14265,0,0.4977918126650269
2014-10-06 07:30:00,17395,0,0.4293784533431421
2014-10-06 08:00:00,18327,0,0.44075717377510293
2014-10-06 08:30:00,17729,0,0.43672729415597467
2014-10-06 09:00:00,17870,0,0.43279410048913886
2014-10-06 09:30:00,16982,0,0.43631906853074137
2014-10-06 10:00:00,15335,0,0.4615051566884079
2014-10-06 10:30:00,15998,0,0.45882146516580585
2014-10-06 11:00:00,15414,0,0.45848677142021715
2014-10-06 11:30:00,16233,0,0.4569582583197384
2014-10-06 12:00:00,16499,0,0.45483351460672866
2014-10-06 12:30:00,16380,0,0.45682882067351355
2014-10-06 13:00:00,15414,0,0.45848677142021715
2014-10-06 13:30:00,16720,0,0.44844965083200855
2014-10-06 14:00:00,17137,0,0.4380381214488359
2014-10-06 14:30:00,18046,0,0.435128530628445
2014-10-06 15:00:00,18110,0,0.43454625731005037
2014-10-06 15:30:00,17087,0,0.43592717521848356
2014-10-06 16:00:00,15794,0,0.46669980679251705
2014-10-06 16:30:00,15965,0,0.45955923958447786
2014-10-06 17:00:00,18732,0,0.439029172689285
2014-10-06 17:30:00,21107,0,0.4909121718464439
2014-10-06 18:00:00,23450,0,0.5080246553682508
2014-10-06 18:30:00,24200,0,0.5378105760945932
2014-10-06 19:00:00,24518,0,0.5405076329581924
2014-10-06 19:30:00,23704,0,0.507848626899897
2014-10-06 20:00:00,22112,0,0.49953804166362875
2014-10-06 20:30:00,20986,0,0.49192700445514537
2014-10-06 21:00:00,21032,0,0.49118759368087855
2014-10-06 21:30:00,19963,0,0.47303473868502915
2014-10-06 22:00:00,18986,0,0.44063334435626583
2014-10-06 22:30:00,17125,0,0.43657491685802036
2014-10-06 23:00:00,15528,0,0.4629430936701758
2014-10-06 23:30:00,11610,0,0.5417570526882715
2014-10-07 00:00:00,9469,1,0.5598677550166238
2014-10-07 00:30:00,6605,0,0.5251598573255326
2014-10-07 01:00:00,5283,0,0.5439998709121593
2014-10-07 01:30:00,4152,0,0.538145171140428
2014-10-07 02:00:00,3319,0,0.5480654860278471
2014-10-07 02:30:00,2432,0,0.5366725581697657
2014-10-07 03:00:00,1968,1,0.5869111652170995
2014-10-07 03:30:00,1769,1,0.6354923265276052
2014-10-07 04:00:00,2018,1,0.5715443689529756
2014-10-07 04:30:00,1933,1,0.5966878649750723
2014-10-07 05:00:00,2240,0,0.5367974270981741
2014-10-07 05:30:00,4305,0,0.5311778814064865
2014-10-07 06:00:00,6719,0,0.5295456403125671
2014-10-07 06:30:00,11392,0,0.5467922710837894
2014-10-07 07:00:00,14960,0,0.47419736124511247
2014-10-07 07:30:00,18975,0,0.440956108372091
2014-10-07 08:00:00,19602,0,0.46057565142664086
2014-10-07 08:30:00,19572,0,0.4575291629069223
2014-10-07 09:00:00,18772,0,0.43868960385708006
2014-10-07 09:30:00,17757,0,0.43599874009448547
2014-10-07 10:00:00,16706,0,0.4474775353755558
2014-10-07 10:30:00,16601,0,0.45843203217894773
2014-10-07 11:00:00,15673,0,0.463742445462139
2014-10-07 11:30:00,16929,0,0.4383149950606116
2014-10-07 12:00:00,17435,0,0.4269640949280598
2014-10-07 12:30:00,16953,0,0.4365708882714202
2014-10-07 13:00:00,16417,0,0.4494966617683842
2014-10-07 13:30:00,17022,0,0.43699678295657524
2014-10-07 14:00:00,17540,0,0.4297620242576932
2014-10-07 14:30:00,18417,0,0.4373429776081889
2014-10-07 15:00:00,18698,0,0.43884185695259903
2014-10-07 15:30:00,16193,0,0.45822516437101546
2014-10-07 16:00:00,14544,0,0.4845784637612288
2014-10-07 16:30:00,13864,0,0.4938220243906784
2014-10-07 17:00:00,17041,0,0.43611078659782465
2014-10-07 17:30:00,20434,0,0.4762513185772437
2014-10-07 18:00:00,23029,0,0.5034739788769049
2014-10-07 18:30:00,23711,0,0.5073294080682073
2014-10-07 19:00:00,24817,0,0.5431403133989249
2014-10-07 19:30:00,24933,0,0.5504336252874769
2014-10-07 20:00:00,24002,0,0.5247127672520226
2014-10-07 20:30:00,23651,0,0.5076223875232707
2014-10-07 21:00:00,23764,0,0.5121968680876378
2014-10-07 21:30:00,23224,0,0.5082882936109705
2014-10-07 22:00:00,22020,0,0.49987726241864794
2014-10-07 22:30:00,22214,0,0.50255021472148
2014-10-07 23:00:00,21446,0,0.48436034645630593
2014-10-07 23:30:00,15974,0,0.459110036125228
2014-10-08 00:00:00,12484,0,0.5327104466636416
2014-10-08 00:30:00,9130,0,0.5521543200070399
2014-10-08 01:00:00,6693,0,0.5288295582462774
2014-10-08 01:30:00,5333,0,0.5429211149794924
2014-10-08 02:00:00,3820,0,0.5363581661084647
2014-10-08 02:30:00,3065,0,0.5446811458423163
2014-10-08 03:00:00,2511,0,0.5356105050635459
2014-10-08 03:30:00,2299,0,0.5392171815273175
2014-10-08 04:00:00,2318,0,0.5407543385622123
2014-10-08 04:30:00,2125,0,0.5520969954170424
2014-10-08 05:00:00,2484,0,0.5381657587131325
2014-10-08 05:30:00,4358,0,0.5236388111375642
2014-10-08 06:00:00,6790,0,0.5290196174087295
2014-10-08 06:30:00,11660,0,0.5417990453825061
2014-10-08 07:00:00,15780,0,0.4647770024458522
2014-10-08 07:30:00,19516,0,0.45472811890297143
2014-10-08 08:00:00,20307,0,0.4772780086257849
2014-10-08 08:30:00,19954,0,0.47303473868502915
2014-10-08 09:00:00,18254,0,0.4397315037307849
2014-10-08 09:30:00,18010,0,0.43444347078500123
2014-10-08 10:00:00,17206,0,0.43403997145853124
2014-10-08 10:30:00,17213,0,0.43626030615263856
2014-10-08 11:00:00,16691,0,0.45059348979115266
2014-10-08 11:30:00,18259,0,0.43913687350473235
2014-10-08 12:00:00,18151,0,0.43351367595304624
2014-10-08 12:30:00,17555,0,0.4309621751803253
2014-10-08 13:00:00,16944,0,0.4365708882714202
2014-10-08 13:30:00,17728,0,0.43480829212758393
2014-10-08 14:00:00,18074,0,0.4349281951325938
2014-10-08 14:30:00,18993,0,0.4413276370925096
2014-10-08 15:00:00,18695,0,0.43884185695259903
2014-10-08 15:30:00,17191,0,0.4336246967779969
2014-10-08 16:00:00,15023,0,0.47088115509431533
2014-10-08 16:30:00,14164,0,0.4926075527538277
2014-10-08 17:00:00,17004,0,0.4368576162331671
2014-10-08 17:30:00,20361,0,0.4758598899959405
2014-10-08 18:00:00,23633,0,0.5068238004718592
2014-10-08 18:30:00,24661,0,0.5367365838501365
2014-10-08 19:00:00,25754,1,0.5628642142799986
2014-10-08 19:30:00,25671,1,0.5567228799238793
2014-10-08 20:00:00,25156,1,0.5607704928816384
2014-10-08 20:30:00,24961,0,0.5524622077395096
2014-10-08 21:00:00,24938,0,0.55006133538658
2014-10-08 21:30:00,24851,0,0.544341996643988
2014-10-08 22:00:00,24683,0,0.5395739318234629
2014-10-08 22:30:00,23411,0,0.5093148656308594
2014-10-08 23:00:00,20599,0,0.48938182311081885
2014-10-08 23:30:00,17147,0,0.4380381214488359
2014-10-09 00:00:00,13602,0,0.49249002015731824
2014-10-09 00:30:00,10452,0,0.551291201881899
2014-10-09 01:00:00,7836,1,0.5611677149726713
2014-10-09 01:30:00,6040,0,0.5422508143453946
2014-10-09 02:00:00,4981,0,0.5439502225552999
2014-10-09 02:30:00,3613,0,0.5406485207274753
2014-10-09 03:00:00,2923,0,0.538372873385776
2014-10-09 03:30:00,2632,0,0.5313371341620129
2014-10-09 04:00:00,2912,0,0.5360731459704143
2014-10-09 04:30:00,2577,0,0.5312717626246237
2014-10-09 05:00:00,2921,0,0.538372873385776
2014-10-09 05:30:00,4679,0,0.533115976546061
2014-10-09 06:00:00,6693,0,0.5288295582462774
2014-10-09 06:30:00,12140,0,0.5281828034794468
2014-10-09 07:00:00,15534,0,0.4629430936701758
2014-10-09 07:30:00,19974,0,0.47303473868502915
2014-10-09 08:00:00,20533,0,0.48227949493208283
2014-10-09 08:30:00,19988,0,0.4726010357616017
2014-10-09 09:00:00,19239,0,0.44797920497950633
2014-10-09 09:30:00,18788,0,0.4400378703989787
2014-10-09 10:00:00,17934,0,0.43368827860828946
2014-10-09 10:30:00,18048,0,0.43581414959491044
2014-10-09 11:00:00,17415,0,0.42664078152208984
2014-10-09 11:30:00,18292,0,0.4372569857863009
2014-10-09 12:00:00,18506,0,0.4347562005174239
2014-10-09 12:30:00,18180,0,0.4358596178726031
2014-10-09 13:00:00,17401,0,0.42706181460663173
2014-10-09 13:30:00,18973,0,0.4406578644088883
2014-10-09 14:00:00,19361,0,0.44792403270391346
2014-10-09 14:30:00,19722,0,0.46580254745313043
2014-10-09 15:00:00,19572,0,0.4575291629069223
2014-10-09 15:30:00,17500,0,0.4279367881768606
2014-10-09 16:00:00,15213,0,0.4648958872021404
2014-10-09 16:30:00,14457,0,0.49114791707911615
2014-10-09 17:00:00,17736,0,0.43604023863856023
2014-10-09 17:30:00,21319,0,0.4784738403927807
2014-10-09 18:00:00,23270,0,0.5084324313557471
2014-10-09 18:30:00,24892,0,0.5459222726315026
2014-10-09 19:00:00,26555,1,0.6051031103932804
2014-10-09 19:30:00,26743,1,0.6236517858827666
2014-10-09 20:00:00,26376,1,0.5953410543561688
2014-10-09 20:30:00,26311,1,0.5988447972603218
2014-10-09 21:00:00,26179,1,0.5850810579156053
2014-10-09 21:30:00,26774,1,0.6232470260116937
2014-10-09 22:00:00,26449,1,0.600471835115599
2014-10-09 22:30:00,25459,1,0.563388703816183
2014-10-09 23:00:00,23927,0,0.5171547367116509
2014-10-09 23:30:00,21851,0,0.5022703136141267
2014-10-10 00:00:00,18756,0,0.4402922428540823
2014-10-10 00:30:00,14990,0,0.47287710939532696
2014-10-10 01:00:00,13865,0,0.4934880241696253
2014-10-10 01:30:00,10263,0,0.5505671347510491
2014-10-10 02:00:00,7873,1,0.5609913959727375
2014-10-10 02:30:00,6480,0,0.5215050025308049
2014-10-10 03:00:00,5094,0,0.5489785372489352
2014-10-10 03:30:00,4217,0,0.5363792563923527
2014-10-10 04:00:00,4289,0,0.5324163971249082
2014-10-10 04:30:00,3640,0,0.53841954346018
2014-10-10 05:00:00,3376,0,0.5475773331067015
2014-10-10 05:30:00,5145,0,0.5478653732616822
2014-10-10 06:00:00,7144,0,0.5419978826623972
2014-10-10 06:30:00,11739,0,0.5444274073641644
2014-10-10 07:00:00,15197,0,0.46615576003946374
2014-10-10 07:30:00,19716,0,0.4644675182691259
2014-10-10 08:00:00,20851,0,0.49118532328018244
2014-10-10 08:30:00,20463,0,0.4830225884720472
2014-10-10 09:00:00,19658,0,0.458518492861477
2014-10-10 09:30:00,19287,0,0.44802387393970045
2014-10-10 10:00:00,17986,0,0.4365738360576301
2014-10-10 10:30:00,17776,0,0.4345435008429349
2014-10-10 11:00:00,17735,0,0.43604023863856023
2014-10-10 11:30:00,18716,0,0.4397335047461996
2014-10-10 12:00:00,19032,0,0.43809883146826245
2014-10-10 12:30:00,17702,0,0.43066862328382655
2014-10-10 13:00:00,17023,0,0.43699678295657524
2014-10-10 13:30:00,18352,0,0.4408928169479382
2014-10-10 14:00:00,19791,0,0.4650807264024191
2014-10-10 14:30:00,20131,0,0.4709075864979154
2014-10-10 15:00:00,18645,0,0.4377516372259601
2014-10-10 15:30:00,16572,0,0.460215303432096
2014-10-10 16:00:00,14736,0,0.47376831213959947
2014-10-10 16:30:00,13731,0,0.49860637339409797
2014-10-10 17:00:00,17166,0,0.43727375232189136
2014-10-10 17:30:00,20392,0,0.4747558430904841
2014-10-10 18:00:00,22838,0,0.500612234864921
2014-10-10 18:30:00,23791,0,0.514234999665399
2014-10-10 19:00:00,25914,1,0.5666849684030393
2014-10-10 19:30:00,26355,1,0.5993827076767291
2014-10-10 20:00:00,25656,1,0.5583099407978261
2014-10-10 20:30:00,25449,1,0.562773661165084
2014-10-10 21:00:00,25448,1,0.562773661165084
2014-10-10 21:30:00,25823,1,0.5624946006017162
2014-10-10 22:00:00,25813,1,0.5617228943001868
2014-10-10 22:30:00,26407,1,0.5965270367985498
2014-10-10 23:00:00,26898,1,0.6400012540269537
2014-10-10 23:30:00,26587,1,0.6094925226065235
2014-10-11 00:00:00,25257,1,0.5580266649782548
2014-10-11 00:30:00,23717,0,0.5089651939702274
2014-10-11 01:00:00,22541,0,0.4956005880243582
2014-10-11 01:30:00,19773,0,0.46786652688770775
2014-10-11 02:00:00,19652,0,0.4588288251704128
2014-10-11 02:30:00,16294,0,0.456390687881584
2014-10-11 03:00:00,13968,0,0.4911249020768727
2014-10-11 03:30:00,12000,0,0.5296331416082442
2014-10-11 04:00:00,10432,0,0.5497924317835224
2014-10-11 04:30:00,6402,0,0.531255623922086
2014-10-11 05:00:00,4443,0,0.5249599533834957
2014-10-11 05:30:00,3481,0,0.5435011295802473
2014-10-11 06:00:00,3971,0,0.5417259948775653
2014-10-11 06:30:00,5191,0,0.5460699185744908
2014-10-11 07:00:00,6434,0,0.5274126867183127
2014-10-11 07:30:00,8435,1,0.5530972807346775
2014-10-11 08:00:00,10255,0,0.5511906829708916
2014-10-11 08:30:00,13847,0,0.49451045907038643
2014-10-11 09:00:00,14970,0,0.47489584267914786
2014-10-11 09:30:00,18403,0,0.43818596649914604
2014-10-11 10:00:00,19338,0,0.44646477834042364
2014-10-11 10:30:00,21107,0,0.4909121718464439
2014-10-11 11:00:00,20821,0,0.49121073068879617
2014-10-11 11:30:00,21854,0,0.502431882221867
2014-10-11 12:00:00,21813,0,0.5025412460141406
2014-10-11 12:30:00,22250,0,0.5022817164959873
2014-10-11 13:00:00,21450,0,0.48436034645630593
2014-10-11 13:30:00,21271,0,0.48215883191170095
2014-10-11 14:00:00,20595,0,0.48741670408007604
2014-10-11 14:30:00,20863,0,0.4918504317177517
2014-10-11 15:00:00,20262,0,0.4817645125288774
2014-10-11 15:30:00,21024,0,0.4919387813947533
2014-10-11 16:00:00,19141,0,0.4413522420151594
2014-10-11 16:30:00,17903,0,0.43441900980290066
2014-10-11 17:00:00,19903,0,0.4699173784125763
2014-10-11 17:30:00,22820,0,0.5015052488408911
2014-10-11 18:00:00,24243,0,0.5328912491983466
2014-10-11 18:30:00,25880,1,0.5635146784725845
2014-10-11 19:00:00,26756,1,0.6257822508776546
2014-10-11 19:30:00,26593,1,0.6103178294717894
2014-10-11 20:00:00,25248,1,0.5577551707857554
2014-10-11 20:30:00,23934,0,0.517090454382149
2014-10-11 21:00:00,23401,0,0.5092649564461856
2014-10-11 21:30:00,24145,0,0.5374001477125644
2014-10-11 22:00:00,25308,1,0.5590259087494327
2014-10-11 22:30:00,26284,1,0.5974646023007242
2014-10-11 23:00:00,27136,1,0.6656999763348954
2014-10-11 23:30:00,27099,1,0.6647997785458974
2014-10-12 00:00:00,26610,1,0.613889068118929
2014-10-12 00:30:00,25400,1,0.5635357065535394
2014-10-12 01:00:00,23992,0,0.5232212102473666
2014-10-12 01:30:00,22359,0,0.5020687478674507
2014-10-12 02:00:00,21054,0,0.4913540371463968
2014-10-12 02:30:00,18812,0,0.4445823113842209
2014-10-12 03:00:00,16584,0,0.46189154872588883
2014-10-12 03:30:00,14204,0,0.49925380391116814
2014-10-12 04:00:00,11990,0,0.5298743538605191
2014-10-12 04:30:00,7092,0,0.5389878745396722
2014-10-12 05:00:00,4311,0,0.531537390697734
2014-10-12 05:30:00,3844,0,0.5389340027514001
2014-10-12 06:00:00,3796,0,0.5342018871228751
2014-10-12 06:30:00,4755,0,0.5390829845056054
2014-10-12 07:00:00,4491,0,0.5268837851429107
2014-10-12 07:30:00,5559,0,0.5465041948828607
2014-10-12 08:00:00,6959,0,0.5310027268583825
2014-10-12 08:30:00,9127,0,0.5521543200070399
2014-10-12 09:00:00,11015,0,0.5457002860887913
2014-10-12 09:30:00,13961,0,0.4911249020768727
2014-10-12 10:00:00,15445,0,0.458964372589176
2014-10-12 10:30:00,17923,0,0.43135108292246654
2014-10-12 11:00:00,18438,0,0.4356643455180405
2014-10-12 11:30:00,19592,0,0.46108040056599103
2014-10-12 12:00:00,19733,0,0.46696941901851063
2014-10-12 12:30:00,19766,0,0.4685000596093517
2014-10-12 13:00:00,19809,0,0.46360637402461474
2014-10-12 13:30:00,19242,0,0.4476762108923653
2014-10-12 14:00:00,18990,0,0.4413276370925096
2014-10-12 14:30:00,18676,0,0.4373270621070396
2014-10-12 15:00:00,18037,0,0.4361352320049552
2014-10-12 15:30:00,16660,0,0.4558194543289132
2014-10-12 16:00:00,15948,0,0.45887119854124137
2014-10-12 16:30:00,15261,0,0.4638304595406711
2014-10-12 17:00:00,17141,0,0.4380381214488359
2014-10-12 17:30:00,19085,0,0.4395451721182221
2014-10-12 18:00:00,20188,0,0.4739637920753732
2014-10-12 18:30:00,20512,0,0.4849670381856324
2014-10-12 19:00:00,20723,0,0.4858855628401783
2014-10-12 19:30:00,20415,0,0.4774660071207302
2014-10-12 20:00:00,19483,0,0.4542372904825089
2014-10-12 20:30:00,19008,0,0.4403355351815361
2014-10-12 21:00:00,17958,0,0.43305481463791917
2014-10-12 21:30:00,18341,0,0.44174124680112703
2014-10-12 22:00:00,18181,0,0.43615461430937086
2014-10-12 22:30:00,17069,0,0.43761460278529724
2014-10-12 23:00:00,15057,0,0.47275706863662104
2014-10-12 23:30:00,13867,0,0.4927808147504757
2014-10-13 00:00:00,11544,0,0.5430032997566819
2014-10-13 00:30:00,9016,0,0.5517293826480167
2014-10-13 01:00:00,6739,0,0.5288404149359869
2014-10-13 01:30:00,5420,0,0.5489673837253809
2014-10-13 02:00:00,4584,0,0.5276379522432537
2014-10-13 02:30:00,3787,0,0.5348613786906901
2014-10-13 03:00:00,3018,0,0.5448229945042414
2014-10-13 03:30:00,2667,0,0.5336378633924566
2014-10-13 04:00:00,2981,0,0.5489271939270971
2014-10-13 04:30:00,2756,0,0.5312928674812272
2014-10-13 05:00:00,2712,0,0.5339732708383806
2014-10-13 05:30:00,3798,0,0.5345634431073112
2014-10-13 06:00:00,5117,0,0.5479422544842167
2014-10-13 06:30:00,7727,1,0.5572864938609715
2014-10-13 07:00:00,9655,1,0.559498340218463
2014-10-13 07:30:00,12109,0,0.5267604267086821
2014-10-13 08:00:00,13484,0,0.49994051653054833
2014-10-13 08:30:00,15506,0,0.46229794230410487
2014-10-13 09:00:00,15325,0,0.4615051566884079
2014-10-13 09:30:00,15924,0,0.46103872340087176
2014-10-13 10:00:00,14830,0,0.4704789846070929
2014-10-13 10:30:00,14907,0,0.4729993646289991
2014-10-13 11:00:00,14796,0,0.4738337113222096
2014-10-13 11:30:00,15699,0,0.46546757502715574
2014-10-13 12:00:00,15705,0,0.46546757502715574
2014-10-13 12:30:00,15880,0,0.46511848748381895
2014-10-13 13:00:00,15693,0,0.4657455423375761
2014-10-13 13:30:00,16643,0,0.4569034590061629
2014-10-13 14:00:00,16929,0,0.4383149950606116
2014-10-13 14:30:00,17698,0,0.43066862328382655
2014-10-13 15:00:00,17429,0,0.42664078152208984
2014-10-13 15:30:00,17248,0,0.4352433788748915
2014-10-13 16:00:00,16219,0,0.45668158284713883
2014-10-13 16:30:00,15918,0,0.4619754712383261
2014-10-13 17:00:00,17780,0,0.43394861767603077
2014-10-13 17:30:00,19414,0,0.4507941040552224
2014-10-13 18:00:00,21594,0,0.49381227950273787
2014-10-13 18:30:00,24915,0,0.5508061671598565
2014-10-13 19:00:00,24556,0,0.5395117266168826
2014-10-13 19:30:00,22341,0,0.5004911810589165
2014-10-13 20:00:00,22343,0,0.5023008035163073
2014-10-13 20:30:00,21619,0,0.49602500122201115
2014-10-13 21:00:00,21315,0,0.4784738403927807
2014-10-13 21:30:00,19821,0,0.46605184760205604
2014-10-13 22:00:00,17669,0,0.43315433494865135
2014-10-13 22:30:00,15504,0,0.4619852636318392
2014-10-13 23:00:00,14525,0,0.4843964035916899
2014-10-13 23:30:00,10738,0,0.5418020237535003
2014-10-14 00:00:00,8908,0,0.5521248591452107
2014-10-14 00:30:00,6593,0,0.5249951979496249
2014-10-14 01:00:00,5560,0,0.5465041948828607
2014-10-14 01:30:00,4014,0,0.5422400879279496
2014-10-14 02:00:00,3046,0,0.544604722182631
2014-10-14 02:30:00,2349,0,0.5388468317874784
2014-10-14 03:00:00,1876,1,0.6115952582514803
2014-10-14 03:30:00,1691,1,0.6420388929640787
2014-10-14 04:00:00,1941,1,0.5924624619524845
2014-10-14 04:30:00,1850,1,0.6203095435778279
2014-10-14 05:00:00,2318,0,0.5407543385622123
2014-10-14 05:30:00,4337,0,0.5295025098750814
2014-10-14 06:00:00,6669,0,0.5300105937418658
2014-10-14 06:30:00,11585,0,0.5425667667204632
2014-10-14 07:00:00,15170,0,0.47112601959002104
2014-10-14 07:30:00,19136,0,0.4410537301240033
2014-10-14 08:00:00,20085,0,0.46824320054689145
2014-10-14 08:30:00,19758,0,0.4685000596093517
2014-10-14 09:00:00,18842,0,0.44588477458608966
2014-10-14 09:30:00,18530,0,0.43274925089860194
2014-10-14 10:00:00,16617,0,0.4595760823480292
2014-10-14 10:30:00,17458,0,0.42695422242541087
2014-10-14 11:00:00,16359,0,0.45573511920519827
2014-10-14 11:30:00,17483,0,0.42809702508801495
2014-10-14 12:00:00,17600,0,0.43273550873940914
2014-10-14 12:30:00,17552,0,0.4295598313063106
2014-10-14 13:00:00,17058,0,0.4369968853472367
2014-10-14 13:30:00,17658,0,0.431339299800509
2014-10-14 14:00:00,18319,0,0.4395128095644054
2014-10-14 14:30:00,18818,0,0.4445823113842209
2014-10-14 15:00:00,18735,0,0.43972093778037813
2014-10-14 15:30:00,17254,0,0.4352433788748915
2014-10-14 16:00:00,15022,0,0.4703956691399169
2014-10-14 16:30:00,14365,0,0.4938541787844488
2014-10-14 17:00:00,16300,0,0.45669958005965766
2014-10-14 17:30:00,19687,0,0.46308992932121834
2014-10-14 18:00:00,22620,0,0.5022682622621101
2014-10-14 18:30:00,23309,0,0.507865978007872
2014-10-14 19:00:00,23636,0,0.5068238004718592
2014-10-14 19:30:00,23752,0,0.5094255791181274
2014-10-14 20:00:00,23095,0,0.5062095629752487
2014-10-14 20:30:00,23108,0,0.5065521733277845
2014-10-14 21:00:00,23221,0,0.5082882936109705
2014-10-14 21:30:00,23581,0,0.505229275458682
2014-10-14 22:00:00,22249,0,0.5022817164959873
2014-10-14 22:30:00,19533,0,0.45620825257049924
2014-10-14 23:00:00,17226,0,0.4366801954382291
2014-10-14 23:30:00,13935,0,0.49666249421473246
2014-10-15 00:00:00,11429,0,0.548825408024481
2014-10-15 00:30:00,8486,1,0.5550091988808606
2014-10-15 01:00:00,6484,0,0.5215050025308049
2014-10-15 01:30:00,5093,0,0.5489785372489352
2014-10-15 02:00:00,4018,0,0.5422400879279496
2014-10-15 02:30:00,3218,0,0.5450502834790103
2014-10-15 03:00:00,2536,0,0.5382153044215626
2014-10-15 03:30:00,2219,0,0.5381793739606654
2014-10-15 04:00:00,2171,0,0.5464957368109372
2014-10-15 04:30:00,2268,0,0.541248168288539
2014-10-15 05:00:00,2437,0,0.5363095756695764
2014-10-15 05:30:00,4569,0,0.5302616696214584
2014-10-15 06:00:00,6862,0,0.526610757456433
2014-10-15 06:30:00,11924,0,0.5313613698007226
2014-10-15 07:00:00,15860,0,0.46606352466875767
2014-10-15 07:30:00,19821,0,0.46605184760205604
2014-10-15 08:00:00,20508,0,0.4849670381856324
2014-10-15 08:30:00,20540,0,0.4850871427097059
2014-10-15 09:00:00,19590,0,0.4592272489043612
2014-10-15 09:30:00,18480,0,0.4326873370441484
2014-10-15 10:00:00,17330,0,0.43186714379380686
2014-10-15 10:30:00,18508,0,0.4347562005174239
2014-10-15 11:00:00,17354,0,0.42789832996581495
2014-10-15 11:30:00,18552,0,0.43399389324349213
2014-10-15 12:00:00,18241,0,0.435853890900292
2014-10-15 12:30:00,18475,0,0.4320733726514528
2014-10-15 13:00:00,17939,0,0.4348463431759448
2014-10-15 13:30:00,18398,0,0.43946153191809784
2014-10-15 14:00:00,18875,0,0.4436340989944882
2014-10-15 14:30:00,19559,0,0.458931411021736
2014-10-15 15:00:00,19133,0,0.44203846526767626
2014-10-15 15:30:00,16816,0,0.4487452936801098
2014-10-15 16:00:00,14757,0,0.4741177594556613
2014-10-15 16:30:00,14470,0,0.49162215584482966
2014-10-15 17:00:00,17800,0,0.4329773434817195
2014-10-15 17:30:00,21127,0,0.4899567530369903
2014-10-15 18:00:00,22269,0,0.5016643018538589
2014-10-15 18:30:00,22819,0,0.5015052488408911
2014-10-15 19:00:00,23582,0,0.505229275458682
2014-10-15 19:30:00,26273,1,0.5965729600146605
2014-10-15 20:00:00,25338,1,0.5625898168230106
2014-10-15 20:30:00,24021,0,0.5255399411558193
2014-10-15 21:00:00,26163,1,0.5829761108721686
2014-10-15 21:30:00,23839,0,0.5161267213514366
2014-10-15 22:00:00,22608,0,0.5019365858641208
2014-10-15 22:30:00,24886,0,0.5443491222008028
2014-10-15 23:00:00,20128,0,0.47052305675073186
2014-10-15 23:30:00,16180,0,0.4568492811402247
2014-10-16 00:00:00,13302,0,0.5076545060311507
2014-10-16 00:30:00,10509,0,0.5504049963004187
2014-10-16 01:00:00,8241,0,0.5516961055550673
2014-10-16 01:30:00,5536,0,0.5468740772568139
2014-10-16 02:00:00,4664,0,0.5327657506367702
2014-10-16 02:30:00,3460,0,0.5449489253327034
2014-10-16 03:00:00,2799,0,0.5358852438371877
2014-10-16 03:30:00,2730,0,0.5299741971531164
2014-10-16 04:00:00,2801,0,0.5358100543216004
2014-10-16 04:30:00,2511,0,0.5356105050635459
2014-10-16 05:00:00,2670,0,0.5343604563298403
2014-10-16 05:30:00,4767,0,0.5386427846666423
2014-10-16 06:00:00,7096,0,0.5411890176195516
2014-10-16 06:30:00,12556,0,0.5284969776559958
2014-10-16 07:00:00,16431,0,0.44970291507801213
2014-10-16 07:30:00,21581,0,0.4931940163491743
2014-10-16 08:00:00,21355,0,0.4784738403927807
2014-10-16 08:30:00,21573,0,0.4931940163491743
2014-10-16 09:00:00,20390,0,0.4765924352418372
2014-10-16 09:30:00,20452,0,0.4773593786325515
2014-10-16 10:00:00,19678,0,0.46294101202956855
2014-10-16 10:30:00,18801,0,0.4411758844232477
2014-10-16 11:00:00,17223,0,0.4366801954382291
2014-10-16 11:30:00,18249,0,0.43734918164875575
2014-10-16 12:00:00,17691,0,0.4316591261588896
2014-10-16 12:30:00,17052,0,0.43611078659782465
2014-10-16 13:00:00,16783,0,0.45387401862158283
2014-10-16 13:30:00,18392,0,0.43946153191809784
2014-10-16 14:00:00,18593,0,0.4352858569527922
2014-10-16 14:30:00,19364,0,0.4471789397965167
2014-10-16 15:00:00,19176,0,0.4448407189101581
2014-10-16 15:30:00,16795,0,0.45349425105806473
2014-10-16 16:00:00,15293,0,0.45968592004015424
2014-10-16 16:30:00,14922,0,0.4751644744147333
2014-10-16 17:00:00,17899,0,0.43441900980290066
2014-10-16 17:30:00,21758,0,0.503281998821083
2014-10-16 18:00:00,24169,0,0.5377964970881801
2014-10-16 18:30:00,24615,0,0.5374106418567758
2014-10-16 19:00:00,26370,1,0.5953410543561688
2014-10-16 19:30:00,26990,1,0.6545037969697302
2014-10-16 20:00:00,26168,1,0.5841606135688591
2014-10-16 20:30:00,25449,1,0.562773661165084
2014-10-16 21:00:00,25994,1,0.5680001684002512
2014-10-16 21:30:00,27115,1,0.6639007980561156
2014-10-16 22:00:00,26191,1,0.5842898776640751
2014-10-16 22:30:00,25146,1,0.5598999492937455
2014-10-16 23:00:00,24371,0,0.5418688142288606
2014-10-16 23:30:00,23771,0,0.5102892481425462
2014-10-17 00:00:00,19268,0,0.44891320468841966
2014-10-17 00:30:00,15623,0,0.4650490780582502
2014-10-17 01:00:00,12595,0,0.5277944702712577
2014-10-17 01:30:00,10224,0,0.5511906829708916
2014-10-17 02:00:00,7941,1,0.5614389515943521
2014-10-17 02:30:00,6678,0,0.5291874781565953
2014-10-17 03:00:00,5182,0,0.5460699185744908
2014-10-17 03:30:00,4502,0,0.5265274233525993
2014-10-17 04:00:00,4316,0,0.5314975416105985
2014-10-17 04:30:00,3512,0,0.5404566454062336
2014-10-17 05:00:00,3174,0,0.5392906108056998
2014-10-17 05:30:00,4771,0,0.5386427846666423
2014-10-17 06:00:00,6557,0,0.5219627308302451
2014-10-17 06:30:00,11929,0,0.5311194806210562
2014-10-17 07:00:00,14950,0,0.4731152760608271
2014-10-17 07:30:00,19835,0,0.46471457136165645
2014-10-17 08:00:00,20149,0,0.4724592621758736
2014-10-17 08:30:00,19998,0,0.47348447144154526
2014-10-17 09:00:00,19310,0,0.44442572400364366
2014-10-17 09:30:00,18601,0,0.4352858569527922
2014-10-17 10:00:00,17567,0,0.42988273552774686
2014-10-17 10:30:00,17890,0,0.4339488634467844
2014-10-17 11:00:00,17470,0,0.42826542847359583
2014-10-17 11:30:00,18557,0,0.43399389324349213
2014-10-17 12:00:00,18944,0,0.439541512671856
2014-10-17 12:30:00,17922,0,0.43135108292246654
2014-10-17 13:00:00,17627,0,0.4323676272001333
2014-10-17 13:30:00,18361,0,0.4410289624819759
2014-10-17 14:00:00,19557,0,0.458931411021736
2014-10-17 14:30:00,19811,0,0.463292810384765
2014-10-17 15:00:00,19277,0,0.4482066374821836
2014-10-17 15:30:00,16741,0,0.4522551103004908
2014-10-17 16:00:00,14948,0,0.4731152760608271
2014-10-17 16:30:00,14244,0,0.49857361399357897
2014-10-17 17:00:00,17563,0,0.4309621751803253
2014-10-17 17:30:00,21246,0,0.48347322839692214
2014-10-17 18:00:00,23115,0,0.5062095629752487
2014-10-17 18:30:00,24785,0,0.5440818071515313
2014-10-17 19:00:00,26396,1,0.5965270367985498
2014-10-17 19:30:00,26837,1,0.6343967286311595
2014-10-17 20:00:00,26621,1,0.6155527140735263
2014-10-17 20:30:00,26144,1,0.5806143060583192
2014-10-17 21:00:00,26019,1,0.5687465683534663
2014-10-17 21:30:00,26816,1,0.63311036214499
2014-10-17 22:00:00,26701,1,0.6184128786959989
2014-10-17 22:30:00,26519,1,0.601345279714532
2014-10-17 23:00:00,26740,1,0.6232299743311209
2014-10-17 23:30:00,26173,1,0.5850810579156053
2014-10-18 00:00:00,25059,1,0.5529215132040897
2014-10-18 00:30:00,24437,0,0.5386554281687483
2014-10-18 01:00:00,22718,0,0.4954583468344159
2014-10-18 01:30:00,20700,0,0.4849351440565896
2014-10-18 02:00:00,19623,0,0.4608777816312247
2014-10-18 02:30:00,16675,0,0.4507987048013065
2014-10-18 03:00:00,14447,0,0.48907421370229165
2014-10-18 03:30:00,12377,0,0.5324245896254473
2014-10-18 04:00:00,10609,0,0.5505224798154679
2014-10-18 04:30:00,6436,0,0.5274126867183127
2014-10-18 05:00:00,4562,0,0.5302383590945671
2014-10-18 05:30:00,3783,0,0.5345965379927317
2014-10-18 06:00:00,3923,0,0.5368908281983052
2014-10-18 06:30:00,5060,0,0.5489920161033586
2014-10-18 07:00:00,5992,0,0.5406768964096006
2014-10-18 07:30:00,8639,1,0.5598835192462388
2014-10-18 08:00:00,10309,0,0.54819841617322
2014-10-18 08:30:00,13563,0,0.49663720273491485
2014-10-18 09:00:00,14136,0,0.48833495440114033
2014-10-18 09:30:00,16945,0,0.4365708882714202
2014-10-18 10:00:00,17004,0,0.4368576162331671
2014-10-18 10:30:00,19045,0,0.4391989018161784
2014-10-18 11:00:00,19859,0,0.4683284498369083
2014-10-18 11:30:00,21198,0,0.4886108841365503
2014-10-18 12:00:00,21550,0,0.49108938167096283
2014-10-18 12:30:00,21583,0,0.4931940163491743
2014-10-18 13:00:00,21455,0,0.4846395243869856
2014-10-18 13:30:00,21869,0,0.5028750412994236
2014-10-18 14:00:00,21426,0,0.48400139162675865
2014-10-18 14:30:00,21650,0,0.5000974011077651
2014-10-18 15:00:00,21611,0,0.4940930610497011
2014-10-18 15:30:00,20904,0,0.49103005730153365
2014-10-18 16:00:00,18820,0,0.4445823113842209
2014-10-18 16:30:00,17255,0,0.435929178804292
2014-10-18 17:00:00,19029,0,0.43839534343894254
2014-10-18 17:30:00,22812,0,0.5004803331469624
2014-10-18 18:00:00,24455,0,0.5403191692621675
2014-10-18 18:30:00,26373,1,0.5953410543561688
2014-10-18 19:00:00,27460,1,0.6779726267256646
2014-10-18 19:30:00,27222,1,0.6688602786456413
2014-10-18 20:00:00,25204,1,0.5619323272021449
2014-10-18 20:30:00,24329,0,0.5381427149798615
2014-10-18 21:00:00,24526,0,0.5384177584851224
2014-10-18 21:30:00,25203,1,0.5623915601613233
2014-10-18 22:00:00,25975,1,0.5674194512963444
2014-10-18 22:30:00,27073,1,0.6600920458123
2014-10-18 23:00:00,27881,1,0.6986421605458987
2014-10-18 23:30:00,28626,1,0.7123441851432795
2014-10-19 00:00:00,28093,1,0.7032455086046058
2014-10-19 00:30:00,26200,1,0.5838946888335653
2014-10-19 01:00:00,25610,1,0.5587322589134404
2014-10-19 01:30:00,23483,0,0.5121855051315172
2014-10-19 02:00:00,21850,0,0.5022703136141267
2014-10-19 02:30:00,19297,0,0.44591890559241393
2014-10-19 03:00:00,16574,0,0.460215303432096
2014-10-19 03:30:00,14355,0,0.4945229010887816
2014-10-19 04:00:00,12112,0,0.5263302891200842
2014-10-19 04:30:00,7284,0,0.5421616968713711
2014-10-19 05:00:00,4845,0,0.5396504288569237
2014-10-19 05:30:00,3667,0,0.5402008991846224
2014-10-19 06:00:00,3718,0,0.5352745627543901
2014-10-19 06:30:00,4573,0,0.5306950200871481
2014-10-19 07:00:00,5167,0,0.5464395070236154
2014-10-19 07:30:00,6844,0,0.5270098292868526
2014-10-19 08:00:00,7279,0,0.5421616968713711
2014-10-19 08:30:00,9761,1,0.5615394875269801
2014-10-19 09:00:00,11712,0,0.5437457730271197
2014-10-19 09:30:00,14210,0,0.5003788981578778
2014-10-19 10:00:00,15394,0,0.4580899943252323
2014-10-19 10:30:00,18387,0,0.43990753501771834
2014-10-19 11:00:00,19168,0,0.4435097345038223
2014-10-19 11:30:00,20891,0,0.4904393392143237
2014-10-19 12:00:00,21806,0,0.5033560416307578
2014-10-19 12:30:00,22188,0,0.5014015122586164
2014-10-19 13:00:00,22153,0,0.5014015122586164
2014-10-19 13:30:00,21713,0,0.5040789175597326
2014-10-19 14:00:00,21838,0,0.5023124622086858
2014-10-19 14:30:00,21082,0,0.4905588697468712
2014-10-19 15:00:00,20448,0,0.47820827600544025
2014-10-19 15:30:00,20113,0,0.46627331375282177
2014-10-19 16:00:00,18645,0,0.4377516372259601
2014-10-19 16:30:00,17210,0,0.43368554675763876
2014-10-19 17:00:00,18326,0,0.44075717377510293
2014-10-19 17:30:00,20498,0,0.4860205971163498
2014-10-19 18:00:00,20924,0,0.4921078870309929
2014-10-19 18:30:00,21579,0,0.4931940163491743
2014-10-19 19:00:00,22026,0,0.5002155869735918
2014-10-19 19:30:00,22197,0,0.5020804543210261
2014-10-19 20:00:00,19709,0,0.4648470991946779
2014-10-19 20:30:00,18780,0,0.4394428258862998
2014-10-19 21:00:00,18060,0,0.4359930932875841
2014-10-19 21:30:00,17973,0,0.43390289458903936
2014-10-19 22:00:00,16572,0,0.460215303432096
2014-10-19 22:30:00,14957,0,0.47483946647727004
2014-10-19 23:00:00,12461,0,0.5327236051844974
2014-10-19 23:30:00,10448,0,0.5497924317835224
2014-10-20 00:00:00,8295,0,0.5505881284936331
2014-10-20 00:30:00,6837,0,0.5278118395122878
2014-10-20 01:00:00,4747,0,0.5382784695890204
2014-10-20 01:30:00,3283,0,0.5482850489628055
2014-10-20 02:00:00,2904,0,0.5360731459704143
2014-10-20 02:30:00,2345,0,0.5392871983816869
2014-10-20 03:00:00,1917,1,0.6012296085333299
2014-10-20 03:30:00,1783,1,0.6359224374262333
2014-10-20 04:00:00,2174,0,0.5464957368109372
2014-10-20 04:30:00,2157,0,0.5490989280070159
2014-10-20 05:00:00,2989,0,0.5460148202335651
2014-10-20 05:30:00,4841,0,0.5396504288569237
2014-10-20 06:00:00,7228,0,0.5404737045320221
2014-10-20 06:30:00,11726,0,0.5445038061414958
2014-10-20 07:00:00,14557,0,0.48578717130144505
2014-10-20 07:30:00,17848,0,0.434772225456033
2014-10-20 08:00:00,18436,0,0.43595920979150055
2014-10-20 08:30:00,18059,0,0.4359930932875841
2014-10-20 09:00:00,18028,0,0.43484707867393085
2014-10-20 09:30:00,17353,0,0.42789832996581495
2014-10-20 10:00:00,16350,0,0.45555295155995984
2014-10-20 10:30:00,16376,0,0.45501578186813935
2014-10-20 11:00:00,16099,0,0.4587997991611966
2014-10-20 11:30:00,16817,0,0.4487452936801098
2014-10-20 12:00:00,16898,0,0.44448808342558693
2014-10-20 12:30:00,16809,0,0.45009033778946134
2014-10-20 13:00:00,16199,0,0.45828946650170715
2014-10-20 13:30:00,16758,0,0.4543096728365458
2014-10-20 14:00:00,17679,0,0.430858410054163
2014-10-20 14:30:00,18148,0,0.43351367595304624
2014-10-20 15:00:00,18644,0,0.4377516372259601
2014-10-20 15:30:00,17183,0,0.43602033029941245
2014-10-20 16:00:00,16196,0,0.45822516437101546
2014-10-20 16:30:00,15534,0,0.4629430936701758
2014-10-20 17:00:00,18451,0,0.43375224936497214
2014-10-20 17:30:00,20950,0,0.4925499213604906
2014-10-20 18:00:00,23192,0,0.5068555591259145
2014-10-20 18:30:00,24655,0,0.5359893639048091
2014-10-20 19:00:00,24094,0,0.533887372679952
2014-10-20 19:30:00,23285,0,0.5087254840697334
2014-10-20 20:00:00,22083,0,0.5003348697364293
2014-10-20 20:30:00,21485,0,0.4858067464565779
2014-10-20 21:00:00,21579,0,0.4931940163491743
2014-10-20 21:30:00,21118,0,0.49039685511728465
2014-10-20 22:00:00,20204,0,0.4752657420855349
2014-10-20 22:30:00,16909,0,0.4421295643897748
2014-10-20 23:00:00,13785,0,0.49623487287342627
2014-10-20 23:30:00,11695,0,0.5440171267779215
2014-10-21 00:00:00,9214,0,0.550007353422403
2014-10-21 00:30:00,6931,0,0.5312370177516582
2014-10-21 01:00:00,5413,0,0.5489673837253809
2014-10-21 01:30:00,4130,0,0.5421346250824425
2014-10-21 02:00:00,3276,0,0.5482850489628055
2014-10-21 02:30:00,2475,0,0.5374919640892788
2014-10-21 03:00:00,2080,1,0.5628080173396203
2014-10-21 03:30:00,1917,1,0.6012296085333299
2014-10-21 04:00:00,2123,0,0.5520969954170424
2014-10-21 04:30:00,1984,1,0.580093543853335
2014-10-21 05:00:00,2458,0,0.5382338732024806
2014-10-21 05:30:00,4338,0,0.5288074448048102
2014-10-21 06:00:00,6470,0,0.5238688704780396
2014-10-21 06:30:00,11775,0,0.5449164375348173
2014-10-21 07:00:00,15088,0,0.47462225345651277
2014-10-21 07:30:00,19429,0,0.4513487100053469
2014-10-21 08:00:00,20482,0,0.486678712057195
2014-10-21 08:30:00,19886,0,0.4693696095569984
2014-10-21 09:00:00,19170,0,0.44514179389308084
2014-10-21 09:30:00,18277,0,0.43793744277493274
2014-10-21 10:00:00,17064,0,0.4372572591420905
2014-10-21 10:30:00,16386,0,0.456772221956283
2014-10-21 11:00:00,16633,0,0.45712838287468377
2014-10-21 11:30:00,17681,0,0.43185863855441553
2014-10-21 12:00:00,18233,0,0.43443562946327896
2014-10-21 12:30:00,17996,0,0.43677266605901566
2014-10-21 13:00:00,16695,0,0.44869768699497853
2014-10-21 13:30:00,16912,0,0.44219160784622946
2014-10-21 14:00:00,18124,0,0.43478726052261285
2014-10-21 14:30:00,18411,0,0.4376389780054488
2014-10-21 15:00:00,19013,0,0.4397400881494211
2014-10-21 15:30:00,17590,0,0.43302839073146904
2014-10-21 16:00:00,15673,0,0.463742445462139
2014-10-21 16:30:00,14923,0,0.4751644744147333
2014-10-21 17:00:00,17981,0,0.43539391388421644
2014-10-21 17:30:00,21208,0,0.48762012766230567
2014-10-21 18:00:00,23458,0,0.5091589156586077
2014-10-21 18:30:00,24028,0,0.5258956346031196
2014-10-21 19:00:00,24934,0,0.5508061671598565
2014-10-21 19:30:00,25135,1,0.5611617127630442
2014-10-21 20:00:00,24613,0,0.5377743695753533
2014-10-21 20:30:00,24617,0,0.5374106418567758
2014-10-21 21:00:00,25841,1,0.5622385387853344
2014-10-21 21:30:00,24141,0,0.5374001477125644
2014-10-21 22:00:00,23069,0,0.5050308641679478
2014-10-21 22:30:00,21243,0,0.4838683415281879
2014-10-21 23:00:00,18077,0,0.4349281951325938
2014-10-21 23:30:00,15745,0,0.46516073659542534
2014-10-22 00:00:00,12115,0,0.5283990330902315
2014-10-22 00:30:00,9035,0,0.5517293826480167
2014-10-22 01:00:00,7015,0,0.5336733237164386
2014-10-22 01:30:00,5113,0,0.5486072315077204
2014-10-22 02:00:00,4220,0,0.5352916399716495
2014-10-22 02:30:00,3331,0,0.5498135542062875
2014-10-22 03:00:00,2870,0,0.5370817870145704
2014-10-22 03:30:00,2516,0,0.5377892448155772
2014-10-22 04:00:00,2656,0,0.5322490254590873
2014-10-22 04:30:00,2336,0,0.5409917137081541
2014-10-22 05:00:00,2494,0,0.5359033829917768
2014-10-22 05:30:00,5081,0,0.5486842168342405
2014-10-22 06:00:00,8091,0,0.5515240391045925
2014-10-22 06:30:00,13037,0,0.5160667103262373
2014-10-22 07:00:00,16579,0,0.4601507310891759
2014-10-22 07:30:00,19657,0,0.4588288251704128
2014-10-22 08:00:00,20914,0,0.49263307728298733
2014-10-22 08:30:00,20612,0,0.4888376953017113
2014-10-22 09:00:00,20015,0,0.4764047849740905
2014-10-22 09:30:00,19001,0,0.4414538380443581
2014-10-22 10:00:00,17533,0,0.42963507234296633
2014-10-22 10:30:00,17877,0,0.4330445316942807
2014-10-22 11:00:00,16470,0,0.45192125184439874
2014-10-22 11:30:00,18266,0,0.43848334492072655
2014-10-22 12:00:00,17992,0,0.43677266605901566
2014-10-22 12:30:00,17419,0,0.42664078152208984
2014-10-22 13:00:00,16775,0,0.45201960618549814
2014-10-22 13:30:00,17378,0,0.4283963377244381
2014-10-22 14:00:00,18067,0,0.43638472268377154
2014-10-22 14:30:00,19841,0,0.46502508139259013
2014-10-22 15:00:00,18552,0,0.43399389324349213
2014-10-22 15:30:00,16825,0,0.4484615625804251
2014-10-22 16:00:00,14712,0,0.4722065123801705
2014-10-22 16:30:00,14439,0,0.4921529752853797
2014-10-22 17:00:00,17305,0,0.4331844014905984
2014-10-22 17:30:00,20949,0,0.4925499213604906
2014-10-22 18:00:00,22182,0,0.500723488300706
2014-10-22 18:30:00,23886,0,0.5162577148623574
2014-10-22 19:00:00,25234,1,0.5572546186137823
2014-10-22 19:30:00,24731,0,0.5426299758903823
2014-10-22 20:00:00,25195,1,0.5619323272021448
2014-10-22 20:30:00,25551,1,0.557895832398819
2014-10-22 21:00:00,26110,1,0.5771926840200453
2014-10-22 21:30:00,24842,0,0.5446339878427003
2014-10-22 22:00:00,23178,0,0.5071986066984974
2014-10-22 22:30:00,23408,0,0.508383023075616
2014-10-22 23:00:00,21749,0,0.5045601643451451
2014-10-22 23:30:00,17918,0,0.43135108292246654
2014-10-23 00:00:00,13496,0,0.49816619804668905
2014-10-23 00:30:00,10416,0,0.5494976750206634
2014-10-23 01:00:00,8090,0,0.5515240391045925
2014-10-23 01:30:00,5946,0,0.5423272589909287
2014-10-23 02:00:00,4330,0,0.5298820542757363
2014-10-23 02:30:00,3282,0,0.5482850489628055
2014-10-23 03:00:00,2732,0,0.5299741971531164
2014-10-23 03:30:00,2524,0,0.5400526214135134
2014-10-23 04:00:00,2700,0,0.5335847120010391
2014-10-23 04:30:00,2290,0,0.5398391132682173
2014-10-23 05:00:00,2743,0,0.5294985767566243
2014-10-23 05:30:00,4732,0,0.5359870752712134
2014-10-23 06:00:00,7570,1,0.5575537441159544
2014-10-23 06:30:00,12751,0,0.5244342780448711
2014-10-23 07:00:00,16887,0,0.44595283038764927
2014-10-23 07:30:00,20268,0,0.48209836854157684
2014-10-23 08:00:00,21992,0,0.49944190899805235
2014-10-23 08:30:00,21301,0,0.4787496254309707
2014-10-23 09:00:00,20526,0,0.48344197900958435
2014-10-23 09:30:00,19251,0,0.44759365417112773
2014-10-23 10:00:00,18228,0,0.4341843937813102
2014-10-23 10:30:00,18603,0,0.43558046505941883
2014-10-23 11:00:00,18762,0,0.43994745719116696
2014-10-23 11:30:00,19645,0,0.4594648363131314
2014-10-23 12:00:00,20453,0,0.4773593786325515
2014-10-23 12:30:00,19400,0,0.4508573633950576
2014-10-23 13:00:00,18448,0,0.434045819502594
2014-10-23 13:30:00,18199,0,0.4358596178726031
2014-10-23 14:00:00,18845,0,0.44588477458608966
2014-10-23 14:30:00,18973,0,0.4406578644088883
2014-10-23 15:00:00,17968,0,0.43246921301480024
2014-10-23 15:30:00,15112,0,0.473950116754909
2014-10-23 16:00:00,13580,0,0.49380146309070017
2014-10-23 16:30:00,12751,0,0.5244342780448711
2014-10-23 17:00:00,15901,0,0.4626010269487832
2014-10-23 17:30:00,19774,0,0.46786652688770775
2014-10-23 18:00:00,21960,0,0.5014111901052536
2014-10-23 18:30:00,23790,0,0.5138456014204745
2014-10-23 19:00:00,24998,0,0.5511426638529001
2014-10-23 19:30:00,25414,1,0.562773661165084
2014-10-23 20:00:00,26075,1,0.5734386608977999
2014-10-23 20:30:00,25616,1,0.5587322589134404
2014-10-23 21:00:00,25916,1,0.5666849684030393
2014-10-23 21:30:00,25589,1,0.5589306225242467
2014-10-23 22:00:00,25041,0,0.5509437357542261
2014-10-23 22:30:00,24891,0,0.5459222726315026
2014-10-23 23:00:00,23888,0,0.516607125957337
2014-10-23 23:30:00,22464,0,0.5012045224498454
2014-10-24 00:00:00,19061,0,0.4407426315841992
2014-10-24 00:30:00,16689,0,0.4499769666730271
2014-10-24 01:00:00,13006,0,0.5161084816619603
2014-10-24 01:30:00,9512,1,0.5591106696431616
2014-10-24 02:00:00,7745,1,0.5593351838452431
2014-10-24 02:30:00,6037,0,0.5406768964096006
2014-10-24 03:00:00,5194,0,0.5453862277795515
2014-10-24 03:30:00,4419,0,0.5219374294631242
2014-10-24 04:00:00,4267,0,0.5349665342531882
2014-10-24 04:30:00,3366,0,0.5468368675485052
2014-10-24 05:00:00,3096,0,0.5435664067204468
2014-10-24 05:30:00,4532,0,0.5284476296724642
2014-10-24 06:00:00,6877,0,0.526610757456433
2014-10-24 06:30:00,11826,0,0.5397986537704256
2014-10-24 07:00:00,15333,0,0.4615051566884079
2014-10-24 07:30:00,19013,0,0.4397400881494211
2014-10-24 08:00:00,20131,0,0.4709075864979154
2014-10-24 08:30:00,19779,0,0.4656574875210981
2014-10-24 09:00:00,19227,0,0.44652341281193536
2014-10-24 09:30:00,18824,0,0.4442816148114791
2014-10-24 10:00:00,17705,0,0.430377337338136
2014-10-24 10:30:00,18111,0,0.43454625731005037
2014-10-24 11:00:00,17408,0,0.4285916374690667
2014-10-24 11:30:00,18509,0,0.4347562005174239
2014-10-24 12:00:00,18510,0,0.4347562005174239
2014-10-24 12:30:00,17910,0,0.4330790683637057
2014-10-24 13:00:00,17690,0,0.4316591261588896
2014-10-24 13:30:00,18149,0,0.43351367595304624
2014-10-24 14:00:00,19632,0,0.4591696235832244
2014-10-24 14:30:00,19426,0,0.4513487100053469
2014-10-24 15:00:00,18760,0,0.44188115803529404
2014-10-24 15:30:00,16379,0,0.45682882067351355
2014-10-24 16:00:00,15083,0,0.4747086742213294
2014-10-24 16:30:00,14553,0,0.4874613408580188
2014-10-24 17:00:00,17509,0,0.4288054841359749
2014-10-24 17:30:00,20911,0,0.49103005730153365
2014-10-24 18:00:00,22958,0,0.5041677969430779
2014-10-24 18:30:00,25257,1,0.5580266649782548
2014-10-24 19:00:00,26659,1,0.6184128786959989
2014-10-24 19:30:00,27104,1,0.664350136241538
2014-10-24 20:00:00,26439,1,0.5991216834415637
2014-10-24 20:30:00,25840,1,0.5622385387853344
2014-10-24 21:00:00,25694,1,0.5602018634435175
2014-10-24 21:30:00,26093,1,0.5769411406141222
2014-10-24 22:00:00,26821,1,0.633538860893796
2014-10-24 22:30:00,26870,1,0.637408423867294
2014-10-24 23:00:00,26889,1,0.6400012540269537
2014-10-24 23:30:00,27283,1,0.669312973483165
2014-10-25 00:00:00,25739,1,0.5636829549421661
2014-10-25 00:30:00,23889,0,0.516607125957337
2014-10-25 01:00:00,22278,0,0.5006390611066439
2014-10-25 01:30:00,20337,0,0.4750251386880688
2014-10-25 02:00:00,19179,0,0.4456062966097014
2014-10-25 02:30:00,16566,0,0.4603020405473564
2014-10-25 03:00:00,14146,0,0.4909931880162424
2014-10-25 03:30:00,12015,0,0.529991605396037
2014-10-25 04:00:00,10285,0,0.5485863585033335
2014-10-25 04:30:00,6316,0,0.5314832163121287
2014-10-25 05:00:00,4106,0,0.5396186080429967
2014-10-25 05:30:00,3465,0,0.5449489253327034
2014-10-25 06:00:00,3657,0,0.5406639721442663
2014-10-25 06:30:00,4756,0,0.5390829845056054
2014-10-25 07:00:00,6003,0,0.5414090208212163
2014-10-25 07:30:00,7853,1,0.5607881649899016
2014-10-25 08:00:00,9091,0,0.549173579395082
2014-10-25 08:30:00,12209,0,0.5309695410519245
2014-10-25 09:00:00,13433,0,0.5046253186594316
2014-10-25 09:30:00,16768,0,0.45274098055131007
2014-10-25 10:00:00,16390,0,0.4555560441004372
2014-10-25 10:30:00,18666,0,0.4365476496858019
2014-10-25 11:00:00,19740,0,0.46985054352114647
2014-10-25 11:30:00,21266,0,0.48215883191170095
2014-10-25 12:00:00,21452,0,0.48436034645630593
2014-10-25 12:30:00,21613,0,0.4933260279201425
2014-10-25 13:00:00,21773,0,0.5049767032447338
2014-10-25 13:30:00,21440,0,0.48436034645630593
2014-10-25 14:00:00,20362,0,0.4758598899959405
2014-10-25 14:30:00,20601,0,0.48938182311081885
2014-10-25 15:00:00,20989,0,0.49192700445514537
2014-10-25 15:30:00,20210,0,0.47885292381687944
2014-10-25 16:00:00,18243,0,0.4364137279629897
2014-10-25 16:30:00,16875,0,0.4450497357176177
2014-10-25 17:00:00,19078,0,0.43966723470860664
2014-10-25 17:30:00,22244,0,0.5019419944988819
2014-10-25 18:00:00,23703,0,0.507848626899897
2014-10-25 18:30:00,25544,1,0.5586512727750403
2014-10-25 19:00:00,27125,1,0.6666013930714404
2014-10-25 19:30:00,26539,1,0.6051031103932804
2014-10-25 20:00:00,24964,0,0.5524622077395096
2014-10-25 20:30:00,23665,0,0.5081201009565136
2014-10-25 21:00:00,23200,0,0.5075418864509091
2014-10-25 21:30:00,24238,0,0.5327280802411187
2014-10-25 22:00:00,25202,1,0.5623915601613233
2014-10-25 22:30:00,26140,1,0.5798291660055106
2014-10-25 23:00:00,27417,1,0.6761402793214663
2014-10-25 23:30:00,27692,1,0.686210958171879
2014-10-26 00:00:00,26866,1,0.6382715313356946
2014-10-26 00:30:00,26254,1,0.5912657669824377
2014-10-26 01:00:00,24482,0,0.5411766220031368
2014-10-26 01:30:00,22425,0,0.5002108946317722
2014-10-26 02:00:00,20865,0,0.4918504317177517
2014-10-26 02:30:00,18801,0,0.4411758844232477
2014-10-26 03:00:00,16066,0,0.4569421969928329
2014-10-26 03:30:00,14093,0,0.48849889188472095
2014-10-26 04:00:00,11863,0,0.5346494319538301
2014-10-26 04:30:00,7194,0,0.5402345899452825
2014-10-26 05:00:00,4661,0,0.532001848306127
2014-10-26 05:30:00,3656,0,0.5406639721442663
2014-10-26 06:00:00,3780,0,0.5345965379927317
2014-10-26 06:30:00,4116,0,0.5410266759896795
2014-10-26 07:00:00,4530,0,0.527733032399303
2014-10-26 07:30:00,6287,0,0.5343593210200768
2014-10-26 08:00:00,7318,0,0.5444111473748837
2014-10-26 08:30:00,9260,1,0.5543067937740817
2014-10-26 09:00:00,10911,0,0.5406948311143821
2014-10-26 09:30:00,14136,0,0.48833495440114033
2014-10-26 10:00:00,15466,0,0.45926043037256525
2014-10-26 10:30:00,18611,0,0.43767575470013387
2014-10-26 11:00:00,18437,0,0.4356643455180405
2014-10-26 11:30:00,20375,0,0.4760625275391421
2014-10-26 12:00:00,20658,0,0.4833676288653489
2014-10-26 12:30:00,21283,0,0.4825335926627785
2014-10-26 13:00:00,20200,0,0.4752657420855349
2014-10-26 13:30:00,20135,0,0.4709075864979154
2014-10-26 14:00:00,20306,0,0.4772780086257849
2014-10-26 14:30:00,20404,0,0.4774660071207302
2014-10-26 15:00:00,19931,0,0.47172932429215525
2014-10-26 15:30:00,19772,0,0.46786652688770775
2014-10-26 16:00:00,18406,0,0.43880595828492963
2014-10-26 16:30:00,16957,0,0.43686636610684165
2014-10-26 17:00:00,17972,0,0.43390289458903936
2014-10-26 17:30:00,19563,0,0.458931411021736
2014-10-26 18:00:00,20106,0,0.4681775018178612
2014-10-26 18:30:00,20449,0,0.47820827600544025
2014-10-26 19:00:00,19860,0,0.4683284498369083
2014-10-26 19:30:00,19343,0,0.44646477834042364
2014-10-26 20:00:00,18128,0,0.4356616006274127
2014-10-26 20:30:00,17298,0,0.435241395021496
2014-10-26 21:00:00,16004,0,0.4580689857078311
2014-10-26 21:30:00,16422,0,0.4503226333156613
2014-10-26 22:00:00,14618,0,0.4834755305700897
2014-10-26 22:30:00,13017,0,0.5157594078287807
2014-10-26 23:00:00,11532,0,0.5430032997566819
2014-10-26 23:30:00,10089,1,0.5540580679885309
2014-10-27 00:00:00,8326,0,0.5513425011280629
2014-10-27 00:30:00,6579,0,0.5238571528077824
2014-10-27 01:00:00,4385,0,0.523754682861144
2014-10-27 01:30:00,3470,0,0.5448380458521788
2014-10-27 02:00:00,2854,0,0.5377023079534032
2014-10-27 02:30:00,2128,1,0.5527348642746465
2014-10-27 03:00:00,1785,1,0.634632977259764
2014-10-27 03:30:00,1707,1,0.640303663173757
2014-10-27 04:00:00,2138,0,0.5491540425051391
2014-10-27 04:30:00,2406,0,0.5344944830196642
2014-10-27 05:00:00,2847,0,0.5381731205919065
2014-10-27 05:30:00,4951,0,0.5415201297510482
2014-10-27 06:00:00,7094,0,0.5389878745396722
2014-10-27 06:30:00,11090,0,0.5473958374543242
2014-10-27 07:00:00,14205,0,0.49963214432018865
2014-10-27 07:30:00,17506,0,0.42828651476859136
2014-10-27 08:00:00,18105,0,0.43219629826216216
2014-10-27 08:30:00,17656,0,0.43104756023773827
2014-10-27 09:00:00,17751,0,0.4362938306912948
2014-10-27 09:30:00,17096,0,0.4366615408431457
2014-10-27 10:00:00,15784,0,0.46753634954094003
2014-10-27 10:30:00,16086,0,0.4564753745112684
2014-10-27 11:00:00,14843,0,0.4704242340620837
2014-10-27 11:30:00,16446,0,0.45140796833515845
2014-10-27 12:00:00,16614,0,0.4592652446261103
2014-10-27 12:30:00,16155,0,0.45896560881280735
2014-10-27 13:00:00,15502,0,0.46229794230410487
2014-10-27 13:30:00,16293,0,0.456390687881584
2014-10-27 14:00:00,16885,0,0.4457587386623295
2014-10-27 14:30:00,17759,0,0.43599874009448547
2014-10-27 15:00:00,18533,0,0.43274925089860194
2014-10-27 15:30:00,17617,0,0.4330007493718264
2014-10-27 16:00:00,16279,0,0.4566851750857167
2014-10-27 16:30:00,15551,0,0.4638034366088853
2014-10-27 17:00:00,18199,0,0.4358596178726031
2014-10-27 17:30:00,20618,0,0.4888376953017113
2014-10-27 18:00:00,22703,0,0.4954583468344159
2014-10-27 18:30:00,23897,0,0.5154872638476776
2014-10-27 19:00:00,24329,0,0.5381427149798615
2014-10-27 19:30:00,23182,0,0.5071986066984974
2014-10-27 20:00:00,21778,0,0.5049767032447338
2014-10-27 20:30:00,21251,0,0.48347322839692214
2014-10-27 21:00:00,21189,0,0.4890101959599616
2014-10-27 21:30:00,20884,0,0.49110343752338753
2014-10-27 22:00:00,19670,0,0.4622685974613961
2014-10-27 22:30:00,18163,0,0.43550489945274395
2014-10-27 23:00:00,15613,0,0.46567879570460574
2014-10-27 23:30:00,13371,0,0.5068823401245813
2014-10-28 00:00:00,10910,0,0.5406948311143821
2014-10-28 00:30:00,7638,1,0.5565901813491138
2014-10-28 01:00:00,5589,0,0.5462770633656673
2014-10-28 01:30:00,4215,0,0.5352916399716495
2014-10-28 02:00:00,3386,0,0.5482418672654152
2014-10-28 02:30:00,2753,0,0.5312928674812272
2014-10-28 03:00:00,2181,0,0.5428348058870793
2014-10-28 03:30:00,2034,1,0.5680655563870177
2014-10-28 04:00:00,2094,1,0.561060829855564
2014-10-28 04:30:00,1896,1,0.6037962843098691
2014-10-28 05:00:00,2632,0,0.5313371341620129
2014-10-28 05:30:00,4581,0,0.5283524207694613
2014-10-28 06:00:00,6612,0,0.5251598573255326
2014-10-28 06:30:00,11609,0,0.5417570526882715
2014-10-28 07:00:00,15127,0,0.47302105966527264
2014-10-28 07:30:00,19097,0,0.4395451721182221
2014-10-28 08:00:00,19516,0,0.45472811890297143
2014-10-28 08:30:00,19422,0,0.45195987613976196
2014-10-28 09:00:00,18088,0,0.43342897051867857
2014-10-28 09:30:00,17669,0,0.43315433494865135
2014-10-28 10:00:00,16744,0,0.4522551103004908
2014-10-28 10:30:00,17075,0,0.43592717521848356
2014-10-28 11:00:00,16035,0,0.45735466780089346
2014-10-28 11:30:00,17421,0,0.42664078152208984
2014-10-28 12:00:00,17756,0,0.43599874009448547
2014-10-28 12:30:00,17057,0,0.4369968853472367
2014-10-28 13:00:00,16101,0,0.4587997991611966
2014-10-28 13:30:00,17443,0,0.42783845935889414
2014-10-28 14:00:00,17890,0,0.4339488634467844
2014-10-28 14:30:00,18651,0,0.4377516372259601
2014-10-28 15:00:00,18762,0,0.43994745719116696
2014-10-28 15:30:00,17135,0,0.4380381214488359
2014-10-28 16:00:00,15175,0,0.47038484830192373
2014-10-28 16:30:00,13958,0,0.4911249020768727
2014-10-28 17:00:00,16881,0,0.4444479138724483
2014-10-28 17:30:00,19615,0,0.46129176361881874
2014-10-28 18:00:00,22196,0,0.5020804543210261
2014-10-28 18:30:00,22906,0,0.5034572365903346
2014-10-28 19:00:00,23482,0,0.5125321600928447
2014-10-28 19:30:00,23088,0,0.5057228178148836
2014-10-28 20:00:00,23728,0,0.507247451008323
2014-10-28 20:30:00,23210,0,0.5082882936109705
2014-10-28 21:00:00,23685,0,0.5076355070837355
2014-10-28 21:30:00,23843,0,0.5161267213514366
2014-10-28 22:00:00,22597,0,0.4998870878476269
2014-10-28 22:30:00,20923,0,0.4921078870309929
2014-10-28 23:00:00,19229,0,0.44681229470842726
2014-10-28 23:30:00,15963,0,0.45821580026947756
2014-10-29 00:00:00,12292,0,0.5349592509495954
2014-10-29 00:30:00,9190,0,0.5491865352315531
2014-10-29 01:00:00,6864,0,0.526610757456433
2014-10-29 01:30:00,5693,0,0.5447457570609322
2014-10-29 02:00:00,4499,0,0.5268837851429107
2014-10-29 02:30:00,3304,1,0.5525484796083356
2014-10-29 03:00:00,2560,0,0.5348249496954641
2014-10-29 03:30:00,2485,0,0.5369557012923792
2014-10-29 04:00:00,2560,0,0.5348249496954641
2014-10-29 04:30:00,2248,0,0.5375770403894328
2014-10-29 05:00:00,2389,0,0.5319573254382227
2014-10-29 05:30:00,4313,0,0.5322037207271256
2014-10-29 06:00:00,6649,0,0.5266147058010827
2014-10-29 06:30:00,11289,0,0.5489656981017433
2014-10-29 07:00:00,15103,0,0.4729810677221999
2014-10-29 07:30:00,19437,0,0.45071387839610216
2014-10-29 08:00:00,19443,0,0.4511187306902488
2014-10-29 08:30:00,19707,0,0.4652269903285295
2014-10-29 09:00:00,18912,0,0.44020998456191046
2014-10-29 09:30:00,18203,0,0.436593647710892
2014-10-29 10:00:00,16492,0,0.44994257068987914
2014-10-29 10:30:00,16837,0,0.44837224295009975
2014-10-29 11:00:00,16075,0,0.4569421969928329
2014-10-29 11:30:00,17160,0,0.4378658597168246
2014-10-29 12:00:00,17606,0,0.43411572915429236
2014-10-29 12:30:00,17267,0,0.43587726349823663
2014-10-29 13:00:00,16875,0,0.4450497357176177
2014-10-29 13:30:00,17940,0,0.43318162400469745
2014-10-29 14:00:00,18339,0,0.4410554849523992
2014-10-29 14:30:00,18971,0,0.4406578644088883
2014-10-29 15:00:00,19298,0,0.4453200649496689
2014-10-29 15:30:00,16665,0,0.452430897403763
2014-10-29 16:00:00,15008,0,0.4708851064362264
2014-10-29 16:30:00,13873,0,0.4927808147504757
2014-10-29 17:00:00,17894,0,0.433509847052091
2014-10-29 17:30:00,21574,0,0.4931940163491743
2014-10-29 18:00:00,22116,0,0.49953804166362875
2014-10-29 18:30:00,23582,0,0.505229275458682
2014-10-29 19:00:00,25553,1,0.557895832398819
2014-10-29 19:30:00,25299,1,0.5594042660103022
2014-10-29 20:00:00,24778,0,0.5451107889369912
2014-10-29 20:30:00,24729,0,0.5426299758903823
2014-10-29 21:00:00,24907,0,0.5499841568379511
2014-10-29 21:30:00,24810,0,0.5431403133989249
2014-10-29 22:00:00,24246,0,0.5328912491983466
2014-10-29 22:30:00,23250,0,0.5047698892039517
2014-10-29 23:00:00,20700,0,0.4849351440565896
2014-10-29 23:30:00,18631,0,0.4378862399755017
2014-10-30 00:00:00,14048,0,0.4859916904128909
2014-10-30 00:30:00,10691,0,0.5462188396511014
2014-10-30 01:00:00,8363,1,0.5528454968167709
2014-10-30 01:30:00,6405,0,0.5316151858306537
2014-10-30 02:00:00,5251,0,0.5441525591880939
2014-10-30 02:30:00,3714,0,0.5358595522605811
2014-10-30 03:00:00,3232,0,0.5448532419355961
2014-10-30 03:30:00,3057,0,0.5446811458423163
2014-10-30 04:00:00,3005,0,0.5455165780407865
2014-10-30 04:30:00,2506,0,0.5376881023200393
2014-10-30 05:00:00,2821,0,0.5362265157967462
2014-10-30 05:30:00,5287,0,0.5444444487704141
2014-10-30 06:00:00,7427,0,0.5513719296024161
2014-10-30 06:30:00,12248,0,0.5323204327471479
2014-10-30 07:00:00,15618,0,0.4653638303668466
2014-10-30 07:30:00,19528,0,0.45651702127357213
2014-10-30 08:00:00,19813,0,0.4630749515685557
2014-10-30 08:30:00,19680,0,0.46308992932121834
2014-10-30 09:00:00,19351,0,0.4468031146045188
2014-10-30 09:30:00,18967,0,0.44059603615042137
2014-10-30 10:00:00,17899,0,0.43441900980290066
2014-10-30 10:30:00,17994,0,0.43677266605901566
2014-10-30 11:00:00,17167,0,0.43727375232189136
2014-10-30 11:30:00,18094,0,0.43230093475327996
2014-10-30 12:00:00,18575,0,0.4346705081149643
2014-10-30 12:30:00,18022,0,0.43320262484190714
2014-10-30 13:00:00,17359,0,0.42807797384837554
2014-10-30 13:30:00,18035,0,0.4361352320049552
2014-10-30 14:00:00,18733,0,0.439029172689285
2014-10-30 14:30:00,19410,0,0.4507941040552224
2014-10-30 15:00:00,18991,0,0.4413276370925096
2014-10-30 15:30:00,16749,0,0.45188581163507824
2014-10-30 16:00:00,14604,0,0.4841793571736367
2014-10-30 16:30:00,13367,0,0.5068823401245813
2014-10-30 17:00:00,16382,0,0.45682882067351355
2014-10-30 17:30:00,19879,0,0.4693696095569984
2014-10-30 18:00:00,21735,0,0.5042189013027891
2014-10-30 18:30:00,23802,0,0.5131840684483426
2014-10-30 19:00:00,24832,0,0.5438975024452268
2014-10-30 19:30:00,24964,0,0.5524622077395096
2014-10-30 20:00:00,25791,1,0.5609633003007061
2014-10-30 20:30:00,25810,1,0.5610420195380021
2014-10-30 21:00:00,25816,1,0.5617228943001868
2014-10-30 21:30:00,25849,1,0.5629998595706858
2014-10-30 22:00:00,24877,0,0.5429111606366581
2014-10-30 22:30:00,25072,0,0.5525475406015855
2014-10-30 23:00:00,24763,0,0.5447420991762862
2014-10-30 23:30:00,22241,0,0.50255021472148
2014-10-31 00:00:00,19957,0,0.47303473868502915
2014-10-31 00:30:00,16881,0,0.4444479138724483
2014-10-31 01:00:00,13588,0,0.4934674767764361
2014-10-31 01:30:00,10958,0,0.5421913836587083
2014-10-31 02:00:00,9119,0,0.5525280264718485
2014-10-31 02:30:00,7589,1,0.5583870679980738
2014-10-31 03:00:00,6221,0,0.5397766200865577
2014-10-31 03:30:00,4936,0,0.5433139613256891
2014-10-31 04:00:00,4796,0,0.5380102406880787
2014-10-31 04:30:00,3555,0,0.5429146053523142
2014-10-31 05:00:00,3337,0,0.5490700647013268
2014-10-31 05:30:00,4665,0,0.5327657506367702
2014-10-31 06:00:00,7084,0,0.5373368360372067
2014-10-31 06:30:00,11681,0,0.5423723505881715
2014-10-31 07:00:00,14822,0,0.47216341178421395
2014-10-31 07:30:00,19004,0,0.4414538380443581
2014-10-31 08:00:00,20306,0,0.4772780086257849
2014-10-31 08:30:00,20687,0,0.48328967530532985
2014-10-31 09:00:00,19585,0,0.45819468350726555
2014-10-31 09:30:00,18702,0,0.43884185695259903
2014-10-31 10:00:00,18099,0,0.4330235409170857
2014-10-31 10:30:00,18335,0,0.44075717377510293
2014-10-31 11:00:00,17653,0,0.43104756023773827
2014-10-31 11:30:00,18889,0,0.44322596807396364
2014-10-31 12:00:00,19146,0,0.4413522420151594
2014-10-31 12:30:00,18833,0,0.44544091267814323
2014-10-31 13:00:00,18315,0,0.43862160927450833
2014-10-31 13:30:00,18917,0,0.4392557304348674
2014-10-31 14:00:00,20430,0,0.47689620504957125
2014-10-31 14:30:00,20608,0,0.4888376953017113
2014-10-31 15:00:00,19915,0,0.4704603005147151
2014-10-31 15:30:00,16981,0,0.43631906853074137
2014-10-31 16:00:00,15045,0,0.4724373158560035
2014-10-31 16:30:00,13978,0,0.49178992869878047
2014-10-31 17:00:00,16891,0,0.44595283038764927
2014-10-31 17:30:00,20025,0,0.47414301850602864
2014-10-31 18:00:00,21438,0,0.4844283161025004
2014-10-31 18:30:00,23813,0,0.5154205325963725
2014-10-31 19:00:00,25517,1,0.5588082231284309
2014-10-31 19:30:00,25493,1,0.5588082231284309
2014-10-31 20:00:00,25475,1,0.560748969478066
2014-10-31 20:30:00,26996,1,0.6545037969697302
2014-10-31 21:00:00,27015,1,0.6562775092748437
2014-10-31 21:30:00,27264,1,0.6688602786456413
2014-10-31 22:00:00,26977,1,0.6545037969697302
2014-10-31 22:30:00,26343,1,0.5985721879119774
2014-10-31 23:00:00,26333,1,0.5985721879119774
2014-10-31 23:30:00,26524,1,0.601345279714532
2014-11-01 00:00:00,25425,1,0.562773661165084
2014-11-01 00:30:00,24937,0,0.5508061671598565
2014-11-01 01:00:00,24946,0,0.55006133538658
2014-11-01 01:30:00,23736,0,0.5069142192021486
2014-11-01 02:00:00,23245,0,0.5051115251633224
2014-11-01 02:30:00,21459,0,0.4855754863271469
2014-11-01 03:00:00,19849,0,0.46705522676634503
2014-11-01 03:30:00,17679,0,0.430858410054163
2014-11-01 04:00:00,15018,0,0.4704639314037617
2014-11-01 04:30:00,10600,0,0.5501501298171461
2014-11-01 05:00:00,7758,1,0.561723010470821
2014-11-01 05:30:00,5907,0,0.5394957104177982
2014-11-01 06:00:00,5743,0,0.5448091575512365
2014-11-01 06:30:00,6223,0,0.5397766200865577
2014-11-01 07:00:00,6386,0,0.5318859805492199
2014-11-01 07:30:00,9098,0,0.549173579395082
2014-11-01 08:00:00,9864,1,0.5591958292174437
2014-11-01 08:30:00,12903,0,0.5231465649033675
2014-11-01 09:00:00,14185,0,0.496894876343599
2014-11-01 09:30:00,18584,0,0.4339866883151625
2014-11-01 10:00:00,19066,0,0.4405278166130856
2014-11-01 10:30:00,22683,0,0.4964346297298566
2014-11-01 11:00:00,23292,0,0.5087254840697334
2014-11-01 11:30:00,24154,0,0.5358413576644416
2014-11-01 12:00:00,25310,1,0.5590259087494327
2014-11-01 12:30:00,26625,1,0.6155527140735263
2014-11-01 13:00:00,25584,1,0.5589306225242467
2014-11-01 13:30:00,25115,1,0.5592828439025596
2014-11-01 14:00:00,23935,0,0.5162168921066935
2014-11-01 14:30:00,23341,0,0.5078648342263699
2014-11-01 15:00:00,23337,0,0.5075213360458136
2014-11-01 15:30:00,22199,0,0.5017196937339189
2014-11-01 16:00:00,20008,0,0.47348447144154526
2014-11-01 16:30:00,18443,0,0.43508534146505895
2014-11-01 17:00:00,20865,0,0.4918504317177517
2014-11-01 17:30:00,23719,0,0.5089651939702274
2014-11-01 18:00:00,25241,1,0.5568777152830134
2014-11-01 18:30:00,27383,1,0.6761402793214663
2014-11-01 19:00:00,28398,1,0.7070622790829686
2014-11-01 19:30:00,27426,1,0.6775140748668774
2014-11-01 20:00:00,26537,1,0.6051031103932804
2014-11-01 20:30:00,25980,1,0.5674194512963444
2014-11-01 21:00:00,24601,0,0.538565237581845
2014-11-01 21:30:00,24838,0,0.5446339878427003
2014-11-01 22:00:00,26372,1,0.5953410543561688
2014-11-01 22:30:00,26567,1,0.6059224736055895
2014-11-01 23:00:00,25879,1,0.5635146784725845
2014-11-01 23:30:00,26125,1,0.5787683104756294
2014-11-02 00:00:00,25110,1,0.5581036119932702
2014-11-02 00:30:00,23109,0,0.5065521733277845
2014-11-02 01:00:00,39197,1,0.7271561845532348
2014-11-02 01:30:00,35212,1,0.7271561845532348
2014-11-02 02:00:00,13259,0,0.5095630620786055
2014-11-02 02:30:00,12250,0,0.5323204327471479
2014-11-02 03:00:00,10013,1,0.5547859829835529
2014-11-02 03:30:00,7898,1,0.5611155331424474
2014-11-02 04:00:00,6375,0,0.5318859805492199
2014-11-02 04:30:00,4532,0,0.5284476296724642
2014-11-02 05:00:00,5116,0,0.5486072315077204
2014-11-02 05:30:00,5232,0,0.5437409089247535
2014-11-02 06:00:00,4542,0,0.5303556911778079
2014-11-02 06:30:00,5298,0,0.5443680583214552
2014-11-02 07:00:00,5155,0,0.5468093456158389
2014-11-02 07:30:00,6029,0,0.5414090208212163
2014-11-02 08:00:00,6280,0,0.534839307564497
2014-11-02 08:30:00,8771,1,0.5564320915561038
2014-11-02 09:00:00,10151,0,0.5505845439791592
2014-11-02 09:30:00,12501,0,0.5319154419744199
2014-11-02 10:00:00,13990,0,0.49006979995092304
2014-11-02 10:30:00,16534,0,0.45761364316990133
2014-11-02 11:00:00,17133,0,0.4367486289771741
2014-11-02 11:30:00,18775,0,0.43868960385708006
2014-11-02 12:00:00,18985,0,0.44063334435626583
2014-11-02 12:30:00,19911,0,0.47055368816885207
2014-11-02 13:00:00,19123,0,0.4409786962013291
2014-11-02 13:30:00,19524,0,0.45678015073545236
2014-11-02 14:00:00,19640,0,0.4594648363131314
2014-11-02 14:30:00,18364,0,0.4410289624819759
2014-11-02 15:00:00,17940,0,0.43318162400469745
2014-11-02 15:30:00,17949,0,0.43305481463791917
2014-11-02 16:00:00,17288,0,0.43382481799513684
2014-11-02 16:30:00,16326,0,0.45598787035121713
2014-11-02 17:00:00,17522,0,0.42889060319533173
2014-11-02 17:30:00,19243,0,0.4476762108923653
2014-11-02 18:00:00,20291,0,0.4771039333249016
2014-11-02 18:30:00,21649,0,0.5000974011077651
2014-11-02 19:00:00,22839,0,0.500612234864921
2014-11-02 19:30:00,21772,0,0.5035720829041571
2014-11-02 20:00:00,20994,0,0.4913228638994419
2014-11-02 20:30:00,19774,0,0.46786652688770775
2014-11-02 21:00:00,18398,0,0.43946153191809784
2014-11-02 21:30:00,17764,0,0.4345435008429349
2014-11-02 22:00:00,17334,0,0.430327660397524
2014-11-02 22:30:00,15431,0,0.45948837977808654
2014-11-02 23:00:00,12958,0,0.5192714534486326
2014-11-02 23:30:00,10224,0,0.5511906829708916
2014-11-03 00:00:00,8771,1,0.5564320915561038
2014-11-03 00:30:00,6045,0,0.5415719051476784
2014-11-03 01:00:00,4413,0,0.5213993036784378
2014-11-03 01:30:00,3235,0,0.5448532419355961
2014-11-03 02:00:00,2688,0,0.5347893261538401
2014-11-03 02:30:00,1983,1,0.580093543853335
2014-11-03 03:00:00,1756,1,0.6354923265276052
2014-11-03 03:30:00,1683,1,0.6450868681318026
2014-11-03 04:00:00,2140,0,0.5492311045649226
2014-11-03 04:30:00,2288,0,0.5409359693374799
2014-11-03 05:00:00,2948,0,0.5436926798236136
2014-11-03 05:30:00,4813,0,0.5388684369163512
2014-11-03 06:00:00,8044,1,0.5580414745312374
2014-11-03 06:30:00,12885,0,0.5225991535976365
2014-11-03 07:00:00,14627,0,0.4838706455827808
2014-11-03 07:30:00,18111,0,0.43454625731005037
2014-11-03 08:00:00,18266,0,0.43848334492072655
2014-11-03 08:30:00,18384,0,0.43990753501771834
2014-11-03 09:00:00,18104,0,0.43219629826216216
2014-11-03 09:30:00,17357,0,0.42807797384837554
2014-11-03 10:00:00,16008,0,0.4565326133408343
2014-11-03 10:30:00,16379,0,0.45682882067351355
2014-11-03 11:00:00,15351,0,0.4622752818033332
2014-11-03 11:30:00,16770,0,0.45212875816259246
2014-11-03 12:00:00,16711,0,0.4474775353755558
2014-11-03 12:30:00,17011,0,0.43645557426794623
2014-11-03 13:00:00,16373,0,0.4549519390648216
2014-11-03 13:30:00,17097,0,0.4366615408431457
2014-11-03 14:00:00,17364,0,0.4274045253651876
2014-11-03 14:30:00,18333,0,0.44075717377510293
2014-11-03 15:00:00,18428,0,0.43629806161809226
2014-11-03 15:30:00,16974,0,0.4370068957949942
2014-11-03 16:00:00,16139,0,0.46057448521928696
2014-11-03 16:30:00,15205,0,0.465210535828829
2014-11-03 17:00:00,17392,0,0.4283192880787337
2014-11-03 17:30:00,20141,0,0.4721363615410929
2014-11-03 18:00:00,22581,0,0.4969344748487068
2014-11-03 18:30:00,23098,0,0.5062095629752487
2014-11-03 19:00:00,23154,0,0.5062030252450305
2014-11-03 19:30:00,22688,0,0.4958338110013898
2014-11-03 20:00:00,22047,0,0.5002155869735918
2014-11-03 20:30:00,21283,0,0.4825335926627785
2014-11-03 21:00:00,21070,0,0.49108675411808206
2014-11-03 21:30:00,19910,0,0.47055368816885207
2014-11-03 22:00:00,20541,0,0.4850871427097059
2014-11-03 22:30:00,18105,0,0.43219629826216216
2014-11-03 23:00:00,14554,0,0.4874613408580188
2014-11-03 23:30:00,12695,0,0.5265085024771877
2014-11-04 00:00:00,10667,0,0.54988716410086
2014-11-04 00:30:00,8479,1,0.5553848375712315
2014-11-04 01:00:00,6005,0,0.5414090208212163
2014-11-04 01:30:00,3899,0,0.5356518292909723
2014-11-04 02:00:00,3111,0,0.5431225458463671
2014-11-04 02:30:00,2526,0,0.5397630863940063
2014-11-04 03:00:00,2112,1,0.5564459138514448
2014-11-04 03:30:00,1885,1,0.6066018227017561
2014-11-04 04:00:00,1921,1,0.5987098373629225
2014-11-04 04:30:00,2267,0,0.541248168288539
2014-11-04 05:00:00,2413,0,0.536018176964948
2014-11-04 05:30:00,4413,0,0.5213993036784378
2014-11-04 06:00:00,7168,0,0.5408988733510849
2014-11-04 06:30:00,12160,0,0.5286911657963629
2014-11-04 07:00:00,14845,0,0.4704242340620837
2014-11-04 07:30:00,18403,0,0.43818596649914604
2014-11-04 08:00:00,18445,0,0.43479106823897984
2014-11-04 08:30:00,19018,0,0.44019991427047295
2014-11-04 09:00:00,18105,0,0.43219629826216216
2014-11-04 09:30:00,17459,0,0.42695422242541087
2014-11-04 10:00:00,16381,0,0.45682882067351355
2014-11-04 10:30:00,16623,0,0.45885308131907093
2014-11-04 11:00:00,16144,0,0.46026297222011586
2014-11-04 11:30:00,17318,0,0.43346617105285506
2014-11-04 12:00:00,17658,0,0.431339299800509
2014-11-04 12:30:00,17108,0,0.4370537706702037
2014-11-04 13:00:00,16178,0,0.45784690951948676
2014-11-04 13:30:00,17973,0,0.43390289458903936
2014-11-04 14:00:00,18152,0,0.43351367595304624
2014-11-04 14:30:00,18445,0,0.43479106823897984
2014-11-04 15:00:00,18556,0,0.43399389324349213
2014-11-04 15:30:00,16865,0,0.44507598619628386
2014-11-04 16:00:00,14505,0,0.4859135804927699
2014-11-04 16:30:00,13471,0,0.50078284572584
2014-11-04 17:00:00,15853,0,0.4669177975418086
2014-11-04 17:30:00,18369,0,0.4407289753503739
2014-11-04 18:00:00,20968,0,0.49200726788256294
2014-11-04 18:30:00,22239,0,0.50255021472148
2014-11-04 19:00:00,22626,0,0.5001227602323997
2014-11-04 19:30:00,22924,0,0.5033516931199201
2014-11-04 20:00:00,22853,0,0.5011403197023252
2014-11-04 20:30:00,22393,0,0.5034515662403735
2014-11-04 21:00:00,23088,0,0.5057228178148836
2014-11-04 21:30:00,22431,0,0.49793829636672154
2014-11-04 22:00:00,22239,0,0.50255021472148
2014-11-04 22:30:00,19918,0,0.4704603005147151
2014-11-04 23:00:00,17675,0,0.4311500215972047
2014-11-04 23:30:00,14953,0,0.4741023227472282
2014-11-05 00:00:00,12025,0,0.5283065587958838
2014-11-05 00:30:00,8767,1,0.5564320915561038
2014-11-05 01:00:00,6670,0,0.5300105937418658
2014-11-05 01:30:00,5197,0,0.5446487251599779
2014-11-05 02:00:00,4289,0,0.5324163971249082
2014-11-05 02:30:00,3186,0,0.5384550141771125
2014-11-05 03:00:00,2747,0,0.530574422713886
2014-11-05 03:30:00,2257,0,0.5375770403894328
2014-11-05 04:00:00,2397,0,0.5326887319077821
2014-11-05 04:30:00,2205,0,0.5401225737949815
2014-11-05 05:00:00,2625,0,0.5313371341620129
2014-11-05 05:30:00,4404,0,0.5217757167127224
2014-11-05 06:00:00,7007,0,0.5340345219611
2014-11-05 06:30:00,12065,0,0.5280745936372112
2014-11-05 07:00:00,15803,0,0.46694779259470565
2014-11-05 07:30:00,19844,0,0.46502508139259013
2014-11-05 08:00:00,19937,0,0.47177561049683037
2014-11-05 08:30:00,20299,0,0.47760103766109546
2014-11-05 09:00:00,19584,0,0.45664726113252696
2014-11-05 09:30:00,19313,0,0.4447889259952169
2014-11-05 10:00:00,16887,0,0.44595283038764927
2014-11-05 10:30:00,17118,0,0.43741801644804756
2014-11-05 11:00:00,16847,0,0.44730224602344354
2014-11-05 11:30:00,18356,0,0.44162615476410744
2014-11-05 12:00:00,18124,0,0.43478726052261285
2014-11-05 12:30:00,17783,0,0.43510737741914923
2014-11-05 13:00:00,17223,0,0.4366801954382291
2014-11-05 13:30:00,17852,0,0.434772225456033
2014-11-05 14:00:00,18374,0,0.4407289753503739
2014-11-05 14:30:00,18641,0,0.4378862399755017
2014-11-05 15:00:00,18913,0,0.44020998456191046
2014-11-05 15:30:00,16314,0,0.4559557175040562
2014-11-05 16:00:00,13917,0,0.4959212866519106
2014-11-05 16:30:00,13151,0,0.5123637783474624
2014-11-05 17:00:00,16100,0,0.4587997991611966
2014-11-05 17:30:00,19136,0,0.4410537301240033
2014-11-05 18:00:00,21762,0,0.503281998821083
2014-11-05 18:30:00,22829,0,0.5018446752418744
2014-11-05 19:00:00,23705,0,0.507848626899897
2014-11-05 19:30:00,23740,0,0.5077560986427372
2014-11-05 20:00:00,23789,0,0.5138456014204745
2014-11-05 20:30:00,23389,0,0.5075192522820167
2014-11-05 21:00:00,24122,0,0.535214414858142
2014-11-05 21:30:00,24156,0,0.5372934934871497
2014-11-05 22:00:00,23679,0,0.5072921640103082
2014-11-05 22:30:00,22803,0,0.49862359937021583
2014-11-05 23:00:00,20814,0,0.49094738096535645
2014-11-05 23:30:00,17376,0,0.42737279737668804
2014-11-06 00:00:00,13846,0,0.49451045907038643
2014-11-06 00:30:00,10387,0,0.5481213371108021
2014-11-06 01:00:00,8384,0,0.5519757651697031
2014-11-06 01:30:00,6455,0,0.5276034210331861
2014-11-06 02:00:00,5043,0,0.5481946137997262
2014-11-06 02:30:00,3738,0,0.5336545523357508
2014-11-06 03:00:00,3155,0,0.5435084075088414
2014-11-06 03:30:00,2758,0,0.5316524545968037
2014-11-06 04:00:00,3122,0,0.5445397568849198
2014-11-06 04:30:00,2625,0,0.5313371341620129
2014-11-06 05:00:00,2760,0,0.5327326768467856
2014-11-06 05:30:00,4995,0,0.5446867793404725
2014-11-06 06:00:00,8021,1,0.5586070930671513
2014-11-06 06:30:00,13803,0,0.49623487287342627
2014-11-06 07:00:00,17405,0,0.42779955912927226
2014-11-06 07:30:00,20841,0,0.4908531064116536
2014-11-06 08:00:00,21338,0,0.4784738403927807
2014-11-06 08:30:00,21281,0,0.4831384920143733
2014-11-06 09:00:00,20108,0,0.46627331375282177
2014-11-06 09:30:00,20198,0,0.4736530832862486
2014-11-06 10:00:00,19035,0,0.43839534343894254
2014-11-06 10:30:00,19155,0,0.44159182818212694
2014-11-06 11:00:00,17964,0,0.43246921301480024
2014-11-06 11:30:00,18680,0,0.43762305173244553
2014-11-06 12:00:00,18600,0,0.4352858569527922
2014-11-06 12:30:00,17556,0,0.4309621751803253
2014-11-06 13:00:00,17373,0,0.4274045253651876
2014-11-06 13:30:00,17832,0,0.43452579512593426
2014-11-06 14:00:00,18087,0,0.43342897051867857
2014-11-06 14:30:00,18057,0,0.4356736720728215
2014-11-06 15:00:00,17634,0,0.4312322418037577
2014-11-06 15:30:00,15492,0,0.4618979909339633
2014-11-06 16:00:00,13677,0,0.49818198516827167
2014-11-06 16:30:00,12574,0,0.5283819610714313
2014-11-06 17:00:00,15818,0,0.46663350295519646
2014-11-06 17:30:00,19350,0,0.4468031146045188
2014-11-06 18:00:00,21754,0,0.5045601643451451
2014-11-06 18:30:00,23740,0,0.5077560986427372
2014-11-06 19:00:00,24666,0,0.5367365838501365
2014-11-06 19:30:00,25142,1,0.5607821668399139
2014-11-06 20:00:00,25597,1,0.5589867238553092
2014-11-06 20:30:00,25126,1,0.5629933103313135
2014-11-06 21:00:00,25312,1,0.5610326995784463
2014-11-06 21:30:00,26067,1,0.5715593978858011
2014-11-06 22:00:00,25613,1,0.5587322589134404
2014-11-06 22:30:00,23971,0,0.5220447554136936
2014-11-06 23:00:00,22859,0,0.5014794991137017
2014-11-06 23:30:00,21287,0,0.4814586459691461
2014-11-07 00:00:00,18308,0,0.4378838368241717
2014-11-07 00:30:00,14352,0,0.4945229010887816
2014-11-07 01:00:00,11746,0,0.5444274073641644
2014-11-07 01:30:00,9042,0,0.5517293826480167
2014-11-07 02:00:00,7318,0,0.5444111473748837
2014-11-07 02:30:00,6009,0,0.5414090208212163
2014-11-07 03:00:00,5364,0,0.5456833918595813
2014-11-07 03:30:00,4336,0,0.5295025098750814
2014-11-07 04:00:00,4008,0,0.5400975220860188
2014-11-07 04:30:00,3263,0,0.5479780628752455
2014-11-07 05:00:00,3183,0,0.538636926631338
2014-11-07 05:30:00,4813,0,0.5388684369163512
2014-11-07 06:00:00,7519,1,0.5564414653512137
2014-11-07 06:30:00,12074,0,0.5277174264346648
2014-11-07 07:00:00,15249,0,0.46321433060138956
2014-11-07 07:30:00,19300,0,0.4453200649496689
2014-11-07 08:00:00,19564,0,0.458931411021736
2014-11-07 08:30:00,19132,0,0.44203846526767626
2014-11-07 09:00:00,18454,0,0.43463355599055536
2014-11-07 09:30:00,17950,0,0.43305481463791917
2014-11-07 10:00:00,17374,0,0.427640847174135
2014-11-07 10:30:00,17674,0,0.4311500215972047
2014-11-07 11:00:00,17016,0,0.43634691506491025
2014-11-07 11:30:00,18484,0,0.4323946857263017
2014-11-07 12:00:00,18460,0,0.43045127644601366
2014-11-07 12:30:00,17693,0,0.4316591261588896
2014-11-07 13:00:00,18093,0,0.43313581759148234
2014-11-07 13:30:00,19918,0,0.4704603005147151
2014-11-07 14:00:00,19945,0,0.47200932952245833
2014-11-07 14:30:00,19077,0,0.43966723470860664
2014-11-07 15:00:00,18186,0,0.4358596178726031
2014-11-07 15:30:00,16030,0,0.4571955714178215
2014-11-07 16:00:00,14092,0,0.48849889188472095
2014-11-07 16:30:00,13270,0,0.5099079421304794
2014-11-07 17:00:00,15935,0,0.4589440952866775
2014-11-07 17:30:00,19419,0,0.45195987613976196
2014-11-07 18:00:00,21778,0,0.5049767032447338
2014-11-07 18:30:00,24460,0,0.5409835566684129
2014-11-07 19:00:00,26246,1,0.5912408140934095
2014-11-07 19:30:00,27224,1,0.6688602786456413
2014-11-07 20:00:00,26862,1,0.637408423867294
2014-11-07 20:30:00,27340,1,0.6729455796878525
2014-11-07 21:00:00,27335,1,0.6729455796878525
2014-11-07 21:30:00,26727,1,0.6188935436959061
2014-11-07 22:00:00,27181,1,0.6702192825378928
2014-11-07 22:30:00,27761,1,0.688536293897823
2014-11-07 23:00:00,27193,1,0.6702192825378928
2014-11-07 23:30:00,26857,1,0.6365464835424451
2014-11-08 00:00:00,25692,1,0.5602018634435175
2014-11-08 00:30:00,24162,0,0.5377964970881801
2014-11-08 01:00:00,22219,0,0.5022103111235908
2014-11-08 01:30:00,20748,0,0.4884632875027971
2014-11-08 02:00:00,19471,0,0.45454472520838096
2014-11-08 02:30:00,16940,0,0.4365708882714202
2014-11-08 03:00:00,14431,0,0.4933887761044224
2014-11-08 03:30:00,11898,0,0.5304260736189834
2014-11-08 04:00:00,10264,0,0.5505671347510491
2014-11-08 04:30:00,5942,0,0.5423272589909287
2014-11-08 05:00:00,4063,0,0.5399185556043616
2014-11-08 05:30:00,3498,0,0.5409787706684291
2014-11-08 06:00:00,3726,0,0.5333599077185127
2014-11-08 06:30:00,5242,0,0.542896802168517
2014-11-08 07:00:00,5655,0,0.5453385930280681
2014-11-08 07:30:00,8191,0,0.5520911069709115
2014-11-08 08:00:00,9371,1,0.5562544375084257
2014-11-08 08:30:00,13050,0,0.5170633661397733
2014-11-08 09:00:00,13820,0,0.49647218112011837
2014-11-08 09:30:00,17437,0,0.4269640949280598
2014-11-08 10:00:00,17281,0,0.4347581569922687
2014-11-08 10:30:00,19718,0,0.46557989895429325
2014-11-08 11:00:00,19999,0,0.47348447144154526
2014-11-08 11:30:00,22047,0,0.5002155869735918
2014-11-08 12:00:00,22352,0,0.502640768360828
2014-11-08 12:30:00,22898,0,0.502846639655142
2014-11-08 13:00:00,22660,0,0.49666867444898705
2014-11-08 13:30:00,23047,0,0.5018062184345758
2014-11-08 14:00:00,21976,0,0.5020901452723249
2014-11-08 14:30:00,22746,0,0.49691242254625567
2014-11-08 15:00:00,22382,0,0.501998303110149
2014-11-08 15:30:00,21956,0,0.50175055284585
2014-11-08 16:00:00,18619,0,0.43856422040351534
2014-11-08 16:30:00,15861,0,0.46606352466875767
2014-11-08 17:00:00,18326,0,0.44075717377510293
2014-11-08 17:30:00,22332,0,0.5015080892007393
2014-11-08 18:00:00,25097,1,0.5569719450885128
2014-11-08 18:30:00,27236,1,0.6688602786456413
2014-11-08 19:00:00,27898,1,0.6981696286932594
2014-11-08 19:30:00,26790,1,0.6228254882224152
2014-11-08 20:00:00,25561,1,0.5582734248067794
2014-11-08 20:30:00,24344,0,0.5380854952925808
2014-11-08 21:00:00,23890,0,0.516607125957337
2014-11-08 21:30:00,24609,0,0.5382009749537741
2014-11-08 22:00:00,26595,1,0.6094925226065235
2014-11-08 22:30:00,27260,1,0.6688602786456413
2014-11-08 23:00:00,27998,1,0.6986421605458987
2014-11-08 23:30:00,27854,1,0.6962826951263326
2014-11-09 00:00:00,26931,1,0.645681087388392
2014-11-09 00:30:00,25208,1,0.561048300233865
2014-11-09 01:00:00,23782,0,0.512211889160013
2014-11-09 01:30:00,22472,0,0.5004565364696523
2014-11-09 02:00:00,21183,0,0.4896232143175584
2014-11-09 02:30:00,18443,0,0.43508534146505895
2014-11-09 03:00:00,16105,0,0.45990804745207353
2014-11-09 03:30:00,13801,0,0.49623487287342627
2014-11-09 04:00:00,11997,0,0.5303503117975884
2014-11-09 04:30:00,7112,0,0.5412649619579374
2014-11-09 05:00:00,4627,0,0.5274918463331744
2014-11-09 05:30:00,3683,0,0.5385453546536365
2014-11-09 06:00:00,3587,0,0.5407786631423704
2014-11-09 06:30:00,4158,0,0.5384553498253336
2014-11-09 07:00:00,4351,0,0.5249331300873595
2014-11-09 07:30:00,5823,0,0.5422042294114789
2014-11-09 08:00:00,6850,0,0.5270098292868526
2014-11-09 08:30:00,9839,1,0.5591397069000347
2014-11-09 09:00:00,11422,0,0.5484542058533629
2014-11-09 09:30:00,14897,0,0.47204026363875423
2014-11-09 10:00:00,15815,0,0.4662147270734945
2014-11-09 10:30:00,18787,0,0.4394428258862998
2014-11-09 11:00:00,18880,0,0.4436340989944882
2014-11-09 11:30:00,19871,0,0.4690521479096749
2014-11-09 12:00:00,20722,0,0.4846547043242909
2014-11-09 12:30:00,21774,0,0.5049767032447338
2014-11-09 13:00:00,21318,0,0.4784738403927807
2014-11-09 13:30:00,20699,0,0.48427938686865857
2014-11-09 14:00:00,20831,0,0.49288876206870236
2014-11-09 14:30:00,20467,0,0.4830225884720472
2014-11-09 15:00:00,20249,0,0.48143866749618813
2014-11-09 15:30:00,20100,0,0.4672281781206591
2014-11-09 16:00:00,18688,0,0.43884185695259903
2014-11-09 16:30:00,17249,0,0.4352433788748915
2014-11-09 17:00:00,18573,0,0.4346705081149643
2014-11-09 17:30:00,19937,0,0.47177561049683037
2014-11-09 18:00:00,20564,0,0.4857234940634041
2014-11-09 18:30:00,20132,0,0.4709075864979154
2014-11-09 19:00:00,19654,0,0.4588288251704128
2014-11-09 19:30:00,18449,0,0.43375224936497214
2014-11-09 20:00:00,17176,0,0.4397304583046856
2014-11-09 20:30:00,17596,0,0.43273550873940914
2014-11-09 21:00:00,16431,0,0.44970291507801213
2014-11-09 21:30:00,15860,0,0.46606352466875767
2014-11-09 22:00:00,15253,0,0.46321433060138956
2014-11-09 22:30:00,13845,0,0.49451045907038643
2014-11-09 23:00:00,11656,0,0.5425326892832326
2014-11-09 23:30:00,9818,1,0.5600207265550798
2014-11-10 00:00:00,7870,1,0.5596510546160193
2014-11-10 00:30:00,6079,0,0.5422605550845719
2014-11-10 01:00:00,4644,0,0.5304466359698163
2014-11-10 01:30:00,3501,0,0.5400911035103287
2014-11-10 02:00:00,2989,0,0.5460148202335651
2014-11-10 02:30:00,2247,0,0.5381981335224761
2014-11-10 03:00:00,1853,1,0.6194707253421755
2014-11-10 03:30:00,1791,1,0.6324896846723389
2014-11-10 04:00:00,2189,0,0.5416338569112173
2014-11-10 04:30:00,2328,0,0.5433758558938565
2014-11-10 05:00:00,2827,0,0.533618013711235
2014-11-10 05:30:00,4738,0,0.5361289304495428
2014-11-10 06:00:00,6803,0,0.528884258322575
2014-11-10 06:30:00,11738,0,0.5444274073641644
2014-11-10 07:00:00,14296,0,0.49580309657626837
2014-11-10 07:30:00,17240,0,0.435897554545913
2014-11-10 08:00:00,17657,0,0.43104756023773827
2014-11-10 08:30:00,17904,0,0.43441900980290066
2014-11-10 09:00:00,17705,0,0.430377337338136
2014-11-10 09:30:00,16814,0,0.45009033778946134
2014-11-10 10:00:00,15908,0,0.4626010269487832
2014-11-10 10:30:00,15545,0,0.4623170753974275
2014-11-10 11:00:00,15119,0,0.473774624754046
2014-11-10 11:30:00,16241,0,0.45603168388681337
2014-11-10 12:00:00,16354,0,0.4557704917510183
2014-11-10 12:30:00,16002,0,0.4580689857078311
2014-11-10 13:00:00,15560,0,0.4628629822053589
2014-11-10 13:30:00,16855,0,0.4479707872144421
2014-11-10 14:00:00,17292,0,0.435241395021496
2014-11-10 14:30:00,17780,0,0.43394861767603077
2014-11-10 15:00:00,18467,0,0.43162471475590897
2014-11-10 15:30:00,17048,0,0.43611078659782465
2014-11-10 16:00:00,15386,0,0.45933142311990993
2014-11-10 16:30:00,15329,0,0.4615051566884079
2014-11-10 17:00:00,17444,0,0.42783845935889414
2014-11-10 17:30:00,19765,0,0.4685000596093517
2014-11-10 18:00:00,22418,0,0.5002108946317722
2014-11-10 18:30:00,22794,0,0.4972759761447907
2014-11-10 19:00:00,23094,0,0.5062095629752487
2014-11-10 19:30:00,22197,0,0.5020804543210261
2014-11-10 20:00:00,21796,0,0.5051735051457575
2014-11-10 20:30:00,20849,0,0.49118532328018244
2014-11-10 21:00:00,21169,0,0.4917631007441651
2014-11-10 21:30:00,20613,0,0.4888376953017113
2014-11-10 22:00:00,20734,0,0.48724860031167777
2014-11-10 22:30:00,17540,0,0.4297620242576932
2014-11-10 23:00:00,15189,0,0.46813828280550646
2014-11-10 23:30:00,12879,0,0.5223189757961932
2014-11-11 00:00:00,10511,0,0.5504049963004187
2014-11-11 00:30:00,7509,1,0.5564414653512137
2014-11-11 01:00:00,6277,0,0.5347642648031685
2014-11-11 01:30:00,4622,0,0.5254591086872512
2014-11-11 02:00:00,3785,0,0.534191721218742
2014-11-11 02:30:00,2970,0,0.5482483681443289
2014-11-11 03:00:00,2332,0,0.5415407583085535
2014-11-11 03:30:00,2166,0,0.5464957368109372
2014-11-11 04:00:00,2179,0,0.5438285721891275
2014-11-11 04:30:00,2040,1,0.5684500318192741
2014-11-11 05:00:00,2278,0,0.5415380880093663
2014-11-11 05:30:00,3860,0,0.5380229111549091
2014-11-11 06:00:00,5517,0,0.5453960481205575
2014-11-11 06:30:00,9569,1,0.5626501127474264
2014-11-11 07:00:00,12272,0,0.5326078938647628
2014-11-11 07:30:00,16460,0,0.4516155915243657
2014-11-11 08:00:00,16976,0,0.4370068957949942
2014-11-11 08:30:00,17823,0,0.4329643170082493
2014-11-11 09:00:00,17655,0,0.43104756023773827
2014-11-11 09:30:00,16946,0,0.4365708882714202
2014-11-11 10:00:00,15846,0,0.465780686723484
2014-11-11 10:30:00,15835,0,0.46851309049219286
2014-11-11 11:00:00,15442,0,0.45949464006473667
2014-11-11 11:30:00,16069,0,0.4569421969928329
2014-11-11 12:00:00,15966,0,0.46046478457713885
2014-11-11 12:30:00,15584,0,0.4647737436533724
2014-11-11 13:00:00,15384,0,0.45933142311990993
2014-11-11 13:30:00,15909,0,0.4626010269487832
2014-11-11 14:00:00,16140,0,0.46057448521928696
2014-11-11 14:30:00,16337,0,0.4549095762368952
2014-11-11 15:00:00,16381,0,0.45682882067351355
2014-11-11 15:30:00,15196,0,0.46615576003946374
2014-11-11 16:00:00,13003,0,0.5161084816619603
2014-11-11 16:30:00,12213,0,0.5334275273506389
2014-11-11 17:00:00,15103,0,0.4729810677221999
2014-11-11 17:30:00,18301,0,0.437353069685628
2014-11-11 18:00:00,20626,0,0.48817666085957084
2014-11-11 18:30:00,22533,0,0.4962716751215011
2014-11-11 19:00:00,22905,0,0.5041389622855882
2014-11-11 19:30:00,22181,0,0.500723488300706
2014-11-11 20:00:00,21899,0,0.502124562275726
2014-11-11 20:30:00,21789,0,0.5043646115955961
2014-11-11 21:00:00,22253,0,0.5022817164959873
2014-11-11 21:30:00,22515,0,0.49660755935997264
2014-11-11 22:00:00,21410,0,0.4830480771102098
2014-11-11 22:30:00,19812,0,0.4641499700746438
2014-11-11 23:00:00,17135,0,0.4380381214488359
2014-11-11 23:30:00,13567,0,0.49692345685867295
2014-11-12 00:00:00,10829,0,0.5405162558481064
2014-11-12 00:30:00,7850,1,0.5607881649899016
2014-11-12 01:00:00,6572,0,0.5236789221085612
2014-11-12 01:30:00,4748,0,0.5382784695890204
2014-11-12 02:00:00,3777,0,0.5345965379927317
2014-11-12 02:30:00,3255,0,0.5453764970494276
2014-11-12 03:00:00,2415,0,0.536018176964948
2014-11-12 03:30:00,2279,0,0.5415380880093663
2014-11-12 04:00:00,2353,0,0.5394693919822793
2014-11-12 04:30:00,2142,0,0.5496028325529374
2014-11-12 05:00:00,2540,0,0.5382153044215626
2014-11-12 05:30:00,4177,0,0.5367433937352378
2014-11-12 06:00:00,6843,0,0.5278118395122878
2014-11-12 06:30:00,11818,0,0.5395634068665036
2014-11-12 07:00:00,15665,0,0.463742445462139
2014-11-12 07:30:00,19785,0,0.4647661655733073
2014-11-12 08:00:00,19813,0,0.4630749515685557
2014-11-12 08:30:00,19623,0,0.4608777816312247
2014-11-12 09:00:00,18444,0,0.43479106823897984
2014-11-12 09:30:00,17937,0,0.43368827860828946
2014-11-12 10:00:00,16552,0,0.4583251499726726
2014-11-12 10:30:00,17394,0,0.4293784533431421
2014-11-12 11:00:00,16960,0,0.43686636610684165
2014-11-12 11:30:00,18105,0,0.43219629826216216
2014-11-12 12:00:00,17724,0,0.4333055812374602
2014-11-12 12:30:00,16327,0,0.45598787035121713
2014-11-12 13:00:00,16527,0,0.45723996887889123
2014-11-12 13:30:00,17290,0,0.433292033325363
2014-11-12 14:00:00,18042,0,0.43483422819105216
2014-11-12 14:30:00,18250,0,0.4376451862450049
2014-11-12 15:00:00,17656,0,0.43104756023773827
2014-11-12 15:30:00,16288,0,0.4570086813006685
2014-11-12 16:00:00,13992,0,0.48907608523253077
2014-11-12 16:30:00,12912,0,0.5231465649033675
2014-11-12 17:00:00,16032,0,0.45704533254932445
2014-11-12 17:30:00,18814,0,0.4445823113842209
2014-11-12 18:00:00,21296,0,0.48163312774305606
2014-11-12 18:30:00,23115,0,0.5062095629752487
2014-11-12 19:00:00,23859,0,0.515007900626784
2014-11-12 19:30:00,24749,0,0.5443736587816596
2014-11-12 20:00:00,23879,0,0.5155596014929821
2014-11-12 20:30:00,23815,0,0.5157693770736266
2014-11-12 21:00:00,24595,0,0.5389297467484182
2014-11-12 21:30:00,24494,0,0.5410025941270156
2014-11-12 22:00:00,24213,0,0.5382613009554843
2014-11-12 22:30:00,22931,0,0.5024164020206843
2014-11-12 23:00:00,20785,0,0.4908286076440891
2014-11-12 23:30:00,17464,0,0.4276269613797713
2014-11-13 00:00:00,13303,0,0.5076545060311507
2014-11-13 00:30:00,10350,0,0.5474350778975666
2014-11-13 01:00:00,7850,1,0.5607881649899016
2014-11-13 01:30:00,5961,0,0.5427814175636027
2014-11-13 02:00:00,5051,0,0.5478788247850273
2014-11-13 02:30:00,3833,0,0.5385694907062476
2014-11-13 03:00:00,3006,0,0.5455165780407865
2014-11-13 03:30:00,2515,0,0.5366987693608158
2014-11-13 04:00:00,2816,0,0.5365894420807468
2014-11-13 04:30:00,2248,0,0.5375770403894328
2014-11-13 05:00:00,2621,0,0.5324167157375341
2014-11-13 05:30:00,4392,0,0.5225555664948023
2014-11-13 06:00:00,7062,0,0.5373368360372067
2014-11-13 06:30:00,12333,0,0.5350629597287128
2014-11-13 07:00:00,15661,0,0.4625355162995851
2014-11-13 07:30:00,19597,0,0.46026413763869667
2014-11-13 08:00:00,20200,0,0.4752657420855349
2014-11-13 08:30:00,19843,0,0.46502508139259013
2014-11-13 09:00:00,19031,0,0.43809883146826245
2014-11-13 09:30:00,18253,0,0.4397315037307849
2014-11-13 10:00:00,17244,0,0.4352433788748915
2014-11-13 10:30:00,17402,0,0.4279295274710547
2014-11-13 11:00:00,17286,0,0.43382481799513684
2014-11-13 11:30:00,18936,0,0.439349958322324
2014-11-13 12:00:00,18516,0,0.4347562005174239
2014-11-13 12:30:00,17635,0,0.4312322418037577
2014-11-13 13:00:00,17343,0,0.43088039923598415
2014-11-13 13:30:00,19090,0,0.4395451721182221
2014-11-13 14:00:00,19197,0,0.4437795626664637
2014-11-13 14:30:00,19207,0,0.44397682659192905
2014-11-13 15:00:00,18412,0,0.4376389780054488
2014-11-13 15:30:00,16391,0,0.4555560441004372
2014-11-13 16:00:00,13472,0,0.50078284572584
2014-11-13 16:30:00,12807,0,0.524514737136571
2014-11-13 17:00:00,16097,0,0.4587997991611966
2014-11-13 17:30:00,19322,0,0.4447889259952169
2014-11-13 18:00:00,21645,0,0.5003154410336994
2014-11-13 18:30:00,22745,0,0.49691242254625567
2014-11-13 19:00:00,24219,0,0.5361452895657403
2014-11-13 19:30:00,25443,1,0.562773661165084
2014-11-13 20:00:00,25695,1,0.5602018634435175
2014-11-13 20:30:00,25994,1,0.5680001684002512
2014-11-13 21:00:00,26424,1,0.5991216834415637
2014-11-13 21:30:00,25450,1,0.562773661165084
2014-11-13 22:00:00,24621,0,0.5374106418567758
2014-11-13 22:30:00,23727,0,0.5085710504286464
2014-11-13 23:00:00,22503,0,0.4965780714948494
2014-11-13 23:30:00,20709,0,0.4846071545435434
2014-11-14 00:00:00,17932,0,0.4331018203787625
2014-11-14 00:30:00,14668,0,0.4757930957259337
2014-11-14 01:00:00,11986,0,0.5298743538605191
2014-11-14 01:30:00,9213,0,0.550007353422403
2014-11-14 02:00:00,7202,0,0.5392584577306371
2014-11-14 02:30:00,5552,0,0.5465041948828607
2014-11-14 03:00:00,5023,0,0.5486775023206935
2014-11-14 03:30:00,3900,0,0.5356518292909723
2014-11-14 04:00:00,4039,0,0.5399969170853587
2014-11-14 04:30:00,2987,0,0.545276467595128
2014-11-14 05:00:00,3090,0,0.5435664067204468
2014-11-14 05:30:00,4737,0,0.5353288240945722
2014-11-14 06:00:00,7102,0,0.5416312983391425
2014-11-14 06:30:00,12268,0,0.5320350431373797
2014-11-14 07:00:00,15903,0,0.4626010269487832
2014-11-14 07:30:00,20015,0,0.4764047849740905
2014-11-14 08:00:00,20432,0,0.47689620504957125
2014-11-14 08:30:00,20735,0,0.48691904607518377
2014-11-14 09:00:00,19149,0,0.4413522420151594
2014-11-14 09:30:00,18665,0,0.4365476496858019
2014-11-14 10:00:00,17992,0,0.43677266605901566
2014-11-14 10:30:00,17773,0,0.4345435008429349
2014-11-14 11:00:00,17786,0,0.4343550705953845
2014-11-14 11:30:00,18128,0,0.4356616006274127
2014-11-14 12:00:00,18355,0,0.4420947195796041
2014-11-14 12:30:00,17629,0,0.43153422507294154
2014-11-14 13:00:00,17104,0,0.4370537706702037
2014-11-14 13:30:00,18151,0,0.43351367595304624
2014-11-14 14:00:00,18892,0,0.44188147670191874
2014-11-14 14:30:00,19540,0,0.4560094347738797
2014-11-14 15:00:00,18557,0,0.43399389324349213
2014-11-14 15:30:00,16263,0,0.4560234496248406
2014-11-14 16:00:00,14668,0,0.4757930957259337
2014-11-14 16:30:00,13473,0,0.50078284572584
2014-11-14 17:00:00,16747,0,0.45188581163507824
2014-11-14 17:30:00,20594,0,0.48741670408007604
2014-11-14 18:00:00,23151,0,0.5062030252450305
2014-11-14 18:30:00,25446,1,0.562773661165084
2014-11-14 19:00:00,27196,1,0.6702192825378928
2014-11-14 19:30:00,26881,1,0.6395683843901993
2014-11-14 20:00:00,25994,1,0.5680001684002512
2014-11-14 20:30:00,25879,1,0.5635146784725845
2014-11-14 21:00:00,26301,1,0.6001818305449108
2014-11-14 21:30:00,27136,1,0.6656999763348954
2014-11-14 22:00:00,26940,1,0.6474567562446142
2014-11-14 22:30:00,26834,1,0.6339676496570904
2014-11-14 23:00:00,26960,1,0.6536187392983047
2014-11-14 23:30:00,26107,1,0.5771926840200453
2014-11-15 00:00:00,25034,1,0.5526370036111686
2014-11-15 00:30:00,24103,0,0.5331654194734844
2014-11-15 01:00:00,22682,0,0.4964346297298566
2014-11-15 01:30:00,20630,0,0.48850706626893103
2014-11-15 02:00:00,19226,0,0.44652341281193536
2014-11-15 02:30:00,16555,0,0.4583251499726726
2014-11-15 03:00:00,14088,0,0.48849889188472095
2014-11-15 03:30:00,12491,0,0.5319900849642123
2014-11-15 04:00:00,10208,0,0.5511906829708916
2014-11-15 04:30:00,5853,0,0.540738821409528
2014-11-15 05:00:00,4019,0,0.5429743290393507
2014-11-15 05:30:00,3477,0,0.5438689794338034
2014-11-15 06:00:00,3582,0,0.5403370786604408
2014-11-15 06:30:00,4936,0,0.5433139613256891
2014-11-15 07:00:00,5272,0,0.5462893859758625
2014-11-15 07:30:00,7427,0,0.5513719296024161
2014-11-15 08:00:00,8646,1,0.5576152691991272
2014-11-15 08:30:00,12313,0,0.5339030904493798
2014-11-15 09:00:00,13426,0,0.5046253186594316
2014-11-15 09:30:00,17040,0,0.43726559843927426
2014-11-15 10:00:00,16811,0,0.45009033778946134
2014-11-15 10:30:00,19069,0,0.4405278166130856
2014-11-15 11:00:00,19423,0,0.45195987613976196
2014-11-15 11:30:00,21552,0,0.49108938167096283
2014-11-15 12:00:00,21685,0,0.5027837701016993
2014-11-15 12:30:00,22380,0,0.501998303110149
2014-11-15 13:00:00,21954,0,0.50175055284585
2014-11-15 13:30:00,21926,0,0.5018009148634988
2014-11-15 14:00:00,21851,0,0.5022703136141267
2014-11-15 14:30:00,22014,0,0.4995391666920483
2014-11-15 15:00:00,22075,0,0.5011816302443608
2014-11-15 15:30:00,20936,0,0.49288328665925535
2014-11-15 16:00:00,18358,0,0.44162615476410744
2014-11-15 16:30:00,15289,0,0.4614170065889345
2014-11-15 17:00:00,17742,0,0.4362824092282122
2014-11-15 17:30:00,21769,0,0.5035720829041571
2014-11-15 18:00:00,24058,0,0.5307177668461396
2014-11-15 18:30:00,26029,1,0.5667003879288506
2014-11-15 19:00:00,27266,1,0.6688602786456413
2014-11-15 19:30:00,26817,1,0.63311036214499
2014-11-15 20:00:00,25049,0,0.5521738209382493
2014-11-15 20:30:00,23713,0,0.5086209515531255
2014-11-15 21:00:00,23324,0,0.5078150072850416
2014-11-15 21:30:00,23970,0,0.5220447554136936
2014-11-15 22:00:00,26325,1,0.5985721879119774
2014-11-15 22:30:00,26139,1,0.5798291660055106
2014-11-15 23:00:00,27312,1,0.6702192825378928
2014-11-15 23:30:00,28114,1,0.7032455086046058
2014-11-16 00:00:00,26651,1,0.615969329538342
2014-11-16 00:30:00,25212,1,0.561048300233865
2014-11-16 01:00:00,24273,0,0.5375964489370395
2014-11-16 01:30:00,22665,0,0.4964346297298566
2014-11-16 02:00:00,21069,0,0.49000334780346505
2014-11-16 02:30:00,18803,0,0.4425317922880125
2014-11-16 03:00:00,16590,0,0.4604145560262355
2014-11-16 03:30:00,14414,0,0.4943218858998403
2014-11-16 04:00:00,12228,0,0.5318857550156907
2014-11-16 04:30:00,7230,0,0.5404737045320221
2014-11-16 05:00:00,4624,0,0.5254591086872512
2014-11-16 05:30:00,3594,0,0.5407786631423704
2014-11-16 06:00:00,3332,0,0.5498135542062875
2014-11-16 06:30:00,4083,0,0.5408451745066167
2014-11-16 07:00:00,4416,0,0.5220529247019537
2014-11-16 07:30:00,5214,0,0.5435443407343323
2014-11-16 08:00:00,6429,0,0.5278437088843373
2014-11-16 08:30:00,8898,0,0.5521248591452107
2014-11-16 09:00:00,10911,0,0.5406948311143821
2014-11-16 09:30:00,13475,0,0.50078284572584
2014-11-16 10:00:00,15157,0,0.4720908216398034
2014-11-16 10:30:00,18595,0,0.4365476160537183
2014-11-16 11:00:00,19233,0,0.44681229470842726
2014-11-16 11:30:00,20372,0,0.47642329332595745
2014-11-16 12:00:00,21847,0,0.501012267028945
2014-11-16 12:30:00,21695,0,0.5040283269159324
2014-11-16 13:00:00,21880,0,0.5046907680704875
2014-11-16 13:30:00,21047,0,0.49192172623174857
2014-11-16 14:00:00,21107,0,0.4909121718464439
2014-11-16 14:30:00,20602,0,0.48938182311081885
2014-11-16 15:00:00,19817,0,0.463590402732145
2014-11-16 15:30:00,19310,0,0.44442572400364366
2014-11-16 16:00:00,18479,0,0.4326873370441484
2014-11-16 16:30:00,16296,0,0.456390687881584
2014-11-16 17:00:00,17751,0,0.4362938306912948
2014-11-16 17:30:00,19230,0,0.44681229470842726
2014-11-16 18:00:00,19883,0,0.4693696095569984
2014-11-16 18:30:00,19768,0,0.4685000596093517
2014-11-16 19:00:00,18931,0,0.439349958322324
2014-11-16 19:30:00,17936,0,0.43368827860828946
2014-11-16 20:00:00,16360,0,0.45573511920519827
2014-11-16 20:30:00,16885,0,0.4457587386623295
2014-11-16 21:00:00,16000,0,0.4596667885495982
2014-11-16 21:30:00,14902,0,0.47267944796967426
2014-11-16 22:00:00,13707,0,0.4977420819412661
2014-11-16 22:30:00,13406,0,0.5045527710746683
2014-11-16 23:00:00,12021,0,0.5290219326745896
2014-11-16 23:30:00,11115,0,0.5477832118253757
2014-11-17 00:00:00,8317,0,0.5513425011280629
2014-11-17 00:30:00,5887,0,0.5387446493435724
2014-11-17 01:00:00,4464,0,0.5271777763836208
2014-11-17 01:30:00,3425,0,0.547101339048729
2014-11-17 02:00:00,2961,0,0.5451591068605528
2014-11-17 02:30:00,2328,0,0.5433758558938565
2014-11-17 03:00:00,2020,1,0.5715443689529756
2014-11-17 03:30:00,1764,1,0.6354923265276052
2014-11-17 04:00:00,2139,0,0.5492311045649226
2014-11-17 04:30:00,2296,0,0.5384556475998582
2014-11-17 05:00:00,2960,0,0.5443014673741975
2014-11-17 05:30:00,5121,0,0.5479422544842167
2014-11-17 06:00:00,7871,1,0.5596510546160193
2014-11-17 06:30:00,11902,0,0.5310540816156383
2014-11-17 07:00:00,14583,0,0.48503422988734046
2014-11-17 07:30:00,17190,0,0.43301229062757474
2014-11-17 08:00:00,18725,0,0.43959209825379225
2014-11-17 08:30:00,18822,0,0.4445823113842209
2014-11-17 09:00:00,17992,0,0.43677266605901566
2014-11-17 09:30:00,17210,0,0.43368554675763876
2014-11-17 10:00:00,15940,0,0.4591817695667604
2014-11-17 10:30:00,17094,0,0.4370183976421827
2014-11-17 11:00:00,15247,0,0.46321433060138956
2014-11-17 11:30:00,16676,0,0.4507987048013065
2014-11-17 12:00:00,16895,0,0.44448808342558693
2014-11-17 12:30:00,17205,0,0.4348782128180402
2014-11-17 13:00:00,17634,0,0.4312322418037577
2014-11-17 13:30:00,18189,0,0.4358596178726031
2014-11-17 14:00:00,19319,0,0.4447889259952169
2014-11-17 14:30:00,18757,0,0.44188115803529404
2014-11-17 15:00:00,17239,0,0.435897554545913
2014-11-17 15:30:00,14885,0,0.4712952327304167
2014-11-17 16:00:00,13577,0,0.49380146309070017
2014-11-17 16:30:00,13513,0,0.4991783822408296
2014-11-17 17:00:00,15864,0,0.4667020883259108
2014-11-17 17:30:00,18502,0,0.43511150019822153
2014-11-17 18:00:00,20313,0,0.47625866114993015
2014-11-17 18:30:00,20674,0,0.4836167731283344
2014-11-17 19:00:00,21079,0,0.4908908874715379
2014-11-17 19:30:00,21433,0,0.4842725369583973
2014-11-17 20:00:00,20590,0,0.48708703614534055
2014-11-17 20:30:00,19515,0,0.45472811890297143
2014-11-17 21:00:00,20194,0,0.4736530832862486
2014-11-17 21:30:00,19251,0,0.44759365417112773
2014-11-17 22:00:00,18436,0,0.43595920979150055
2014-11-17 22:30:00,16099,0,0.4587997991611966
2014-11-17 23:00:00,14985,0,0.47249097139173907
2014-11-17 23:30:00,11612,0,0.542647457918454
2014-11-18 00:00:00,9828,1,0.5600207265550798
2014-11-18 00:30:00,7529,1,0.5560651120027381
2014-11-18 01:00:00,6162,0,0.5392096361468626
2014-11-18 01:30:00,4296,0,0.5320562933110868
2014-11-18 02:00:00,3090,0,0.5435664067204468
2014-11-18 02:30:00,2366,0,0.5341614746077363
2014-11-18 03:00:00,2094,1,0.561060829855564
2014-11-18 03:30:00,1831,1,0.6284376699262341
2014-11-18 04:00:00,1987,1,0.5768924147086911
2014-11-18 04:30:00,1936,1,0.5966878649750723
2014-11-18 05:00:00,2346,0,0.5392871983816869
2014-11-18 05:30:00,4328,0,0.5305995615148813
2014-11-18 06:00:00,6935,0,0.5318283404695343
2014-11-18 06:30:00,12642,0,0.5282480978319806
2014-11-18 07:00:00,16037,0,0.45735466780089346
2014-11-18 07:30:00,20032,0,0.47318159852838554
2014-11-18 08:00:00,20709,0,0.4846071545435434
2014-11-18 08:30:00,20897,0,0.4904393392143237
2014-11-18 09:00:00,20127,0,0.47052305675073186
2014-11-18 09:30:00,19075,0,0.43966723470860664
2014-11-18 10:00:00,17883,0,0.43371250873069034
2014-11-18 10:30:00,17581,0,0.43199400704728247
2014-11-18 11:00:00,16559,0,0.459202269916369
2014-11-18 11:30:00,17870,0,0.43279410048913886
2014-11-18 12:00:00,18097,0,0.4330235409170857
2014-11-18 12:30:00,17714,0,0.43139748150311086
2014-11-18 13:00:00,17104,0,0.4370537706702037
2014-11-18 13:30:00,17999,0,0.43444347078500123
2014-11-18 14:00:00,19071,0,0.4405278166130856
2014-11-18 14:30:00,19197,0,0.4437795626664637
2014-11-18 15:00:00,19000,0,0.4407856381343194
2014-11-18 15:30:00,17013,0,0.4355361273166667
2014-11-18 16:00:00,14962,0,0.47419736124511247
2014-11-18 16:30:00,13727,0,0.49860637339409797
2014-11-18 17:00:00,16826,0,0.4484615625804251
2014-11-18 17:30:00,20320,0,0.47697048080963267
2014-11-18 18:00:00,23167,0,0.505135710617994
2014-11-18 18:30:00,23782,0,0.512211889160013
2014-11-18 19:00:00,24068,0,0.5342706136109553
2014-11-18 19:30:00,24831,0,0.5438975024452268
2014-11-18 20:00:00,25564,1,0.5582734248067794
2014-11-18 20:30:00,25300,1,0.5594042660103022
2014-11-18 21:00:00,25503,1,0.559564898962521
2014-11-18 21:30:00,24598,0,0.5389297467484182
2014-11-18 22:00:00,24120,0,0.5358725253548663
2014-11-18 22:30:00,22641,0,0.49978449846151685
2014-11-18 23:00:00,19722,0,0.46580254745313043
2014-11-18 23:30:00,15507,0,0.46229794230410487
2014-11-19 00:00:00,12079,0,0.5277174264346648
2014-11-19 00:30:00,8561,1,0.5558387196671603
2014-11-19 01:00:00,6632,0,0.5266147058010827
2014-11-19 01:30:00,4846,0,0.5396504288569237
2014-11-19 02:00:00,3996,0,0.5420382374947651
2014-11-19 02:30:00,3339,0,0.5490700647013268
2014-11-19 03:00:00,2594,0,0.5301755174323827
2014-11-19 03:30:00,2315,0,0.5403127739430433
2014-11-19 04:00:00,2462,0,0.5376213466724387
2014-11-19 04:30:00,2077,1,0.5654042548700648
2014-11-19 05:00:00,2448,0,0.5363182422758846
2014-11-19 05:30:00,4656,0,0.532001848306127
2014-11-19 06:00:00,7055,0,0.5380644377112113
2014-11-19 06:30:00,12903,0,0.5231465649033675
2014-11-19 07:00:00,16639,0,0.4561941592452573
2014-11-19 07:30:00,20585,0,0.48708703614534055
2014-11-19 08:00:00,21833,0,0.5027229714947431
2014-11-19 08:30:00,21453,0,0.48496753580843543
2014-11-19 09:00:00,20023,0,0.4747850501533037
2014-11-19 09:30:00,18790,0,0.4400378703989787
2014-11-19 10:00:00,18382,0,0.43990753501771834
2014-11-19 10:30:00,17956,0,0.43305481463791917
2014-11-19 11:00:00,17477,0,0.42800129676863347
2014-11-19 11:30:00,18590,0,0.43442044540911207
2014-11-19 12:00:00,18409,0,0.4379351787402919
2014-11-19 12:30:00,18020,0,0.4337892195696066
2014-11-19 13:00:00,16950,0,0.4365708882714202
2014-11-19 13:30:00,17826,0,0.43360104803458055
2014-11-19 14:00:00,18105,0,0.43219629826216216
2014-11-19 14:30:00,18187,0,0.4358596178726031
2014-11-19 15:00:00,18565,0,0.4339450044317162
2014-11-19 15:30:00,16454,0,0.45105015949400884
2014-11-19 16:00:00,14355,0,0.4945229010887816
2014-11-19 16:30:00,13109,0,0.5145398457817747
2014-11-19 17:00:00,15924,0,0.46103872340087176
2014-11-19 17:30:00,19175,0,0.4448407189101581
2014-11-19 18:00:00,21521,0,0.49084820134140983
2014-11-19 18:30:00,22762,0,0.49540205671704296
2014-11-19 19:00:00,23889,0,0.516607125957337
2014-11-19 19:30:00,24408,0,0.5384502367172834
2014-11-19 20:00:00,24501,0,0.5421789481122936
2014-11-19 20:30:00,24316,0,0.5374254490581098
2014-11-19 21:00:00,24362,0,0.5418688142288607
2014-11-19 21:30:00,24032,0,0.5267022535755882
2014-11-19 22:00:00,23174,0,0.5061620556092604
2014-11-19 22:30:00,22453,0,0.4995142474129534
2014-11-19 23:00:00,20964,0,0.49167449508565236
2014-11-19 23:30:00,18142,0,0.4353170007690983
2014-11-20 00:00:00,14466,0,0.49257160301877373
2014-11-20 00:30:00,10771,0,0.5399882167604059
2014-11-20 01:00:00,8100,1,0.5538498684219407
2014-11-20 01:30:00,5976,0,0.5411625576958304
2014-11-20 02:00:00,5000,0,0.5446867793404725
2014-11-20 02:30:00,3727,0,0.5333599077185127
2014-11-20 03:00:00,2984,0,0.5485559229123221
2014-11-20 03:30:00,2584,0,0.5332899021391452
2014-11-20 04:00:00,2591,0,0.5324509351807043
2014-11-20 04:30:00,2253,0,0.5379408807290749
2014-11-20 05:00:00,2489,0,0.5361671968449658
2014-11-20 05:30:00,4419,0,0.5219374294631242
2014-11-20 06:00:00,7014,0,0.5336733237164386
2014-11-20 06:30:00,12470,0,0.5322881933563021
2014-11-20 07:00:00,16549,0,0.4573041327584037
2014-11-20 07:30:00,19879,0,0.4693696095569984
2014-11-20 08:00:00,20437,0,0.4787534046974155
2014-11-20 08:30:00,19549,0,0.4578853599256549
2014-11-20 09:00:00,18639,0,0.4378862399755017
2014-11-20 09:30:00,18683,0,0.43795201715356624
2014-11-20 10:00:00,18486,0,0.43219092877930565
2014-11-20 10:30:00,18014,0,0.4351280103232316
2014-11-20 11:00:00,16720,0,0.44844965083200855
2014-11-20 11:30:00,18570,0,0.4346705081149643
2014-11-20 12:00:00,18309,0,0.4378838368241717
2014-11-20 12:30:00,17294,0,0.435241395021496
2014-11-20 13:00:00,16699,0,0.4472376320554036
2014-11-20 13:30:00,17819,0,0.4329773434817195
2014-11-20 14:00:00,18227,0,0.4341843937813102
2014-11-20 14:30:00,18586,0,0.4339866883151625
2014-11-20 15:00:00,18078,0,0.4349281951325938
2014-11-20 15:30:00,15656,0,0.4651333733836661
2014-11-20 16:00:00,12989,0,0.5173960740165557
2014-11-20 16:30:00,11740,0,0.5444274073641644
2014-11-20 17:00:00,14934,0,0.4749254777967243
2014-11-20 17:30:00,18494,0,0.43351922232413076
2014-11-20 18:00:00,21215,0,0.4869607396851433
2014-11-20 18:30:00,23643,0,0.5076223875232707
2014-11-20 19:00:00,24623,0,0.5374106418567758
2014-11-20 19:30:00,24564,0,0.5387385614008733
2014-11-20 20:00:00,25305,1,0.5594042660103022
2014-11-20 20:30:00,25039,0,0.5516897623757647
2014-11-20 21:00:00,25351,1,0.562209304991014
2014-11-20 21:30:00,24526,0,0.5384177584851224
2014-11-20 22:00:00,24739,0,0.5438851157227325
2014-11-20 22:30:00,23638,0,0.5068238004718592
2014-11-20 23:00:00,21861,0,0.502431882221867
2014-11-20 23:30:00,21500,0,0.48712328794661464
2014-11-21 00:00:00,19838,0,0.465827543728863
2014-11-21 00:30:00,16307,0,0.45669958005965766
2014-11-21 01:00:00,12324,0,0.5342644442036703
2014-11-21 01:30:00,10006,1,0.5535568803717545
2014-11-21 02:00:00,8077,1,0.5563211083437402
2014-11-21 02:30:00,6355,0,0.5314832163121287
2014-11-21 03:00:00,5091,0,0.5482361769019218
2014-11-21 03:30:00,4247,0,0.5351049353570161
2014-11-21 04:00:00,4440,0,0.5246048927911892
2014-11-21 04:30:00,3089,0,0.5435664067204468
2014-11-21 05:00:00,2930,0,0.5388564650907223
2014-11-21 05:30:00,4782,0,0.5366291959705627
2014-11-21 06:00:00,7250,0,0.5403978712141639
2014-11-21 06:30:00,12167,0,0.5301239245224688
2014-11-21 07:00:00,15235,0,0.4652966344531141
2014-11-21 07:30:00,20053,0,0.46751521060624723
2014-11-21 08:00:00,20654,0,0.4877568389440675
2014-11-21 08:30:00,21158,0,0.4936079633561589
2014-11-21 09:00:00,19863,0,0.467378820062351
2014-11-21 09:30:00,18775,0,0.43868960385708006
2014-11-21 10:00:00,18346,0,0.440083124726687
2014-11-21 10:30:00,18645,0,0.4377516372259601
2014-11-21 11:00:00,17986,0,0.4365738360576301
2014-11-21 11:30:00,19070,0,0.4405278166130856
2014-11-21 12:00:00,18901,0,0.44188147670191874
2014-11-21 12:30:00,17585,0,0.4322863871796884
2014-11-21 13:00:00,17309,0,0.4322991116706434
2014-11-21 13:30:00,18226,0,0.4341843937813102
2014-11-21 14:00:00,18788,0,0.4400378703989787
2014-11-21 14:30:00,19103,0,0.4395451721182221
2014-11-21 15:00:00,18261,0,0.437199360935474
2014-11-21 15:30:00,15945,0,0.45887119854124137
2014-11-21 16:00:00,14181,0,0.496894876343599
2014-11-21 16:30:00,12992,0,0.5173960740165557
2014-11-21 17:00:00,15847,0,0.465780686723484
2014-11-21 17:30:00,19426,0,0.4513487100053469
2014-11-21 18:00:00,22514,0,0.496983894413725
2014-11-21 18:30:00,24457,0,0.539877959989877
2014-11-21 19:00:00,26156,1,0.5825818106176582
2014-11-21 19:30:00,26677,1,0.6192502645135869
2014-11-21 20:00:00,26217,1,0.5884472564990338
2014-11-21 20:30:00,26289,1,0.5986785430084206
2014-11-21 21:00:00,26370,1,0.5953410543561688
2014-11-21 21:30:00,26344,1,0.5985721879119774
2014-11-21 22:00:00,26736,1,0.6218415963809292
2014-11-21 22:30:00,27093,1,0.6647997785458974
2014-11-21 23:00:00,27569,1,0.679741712354277
2014-11-21 23:30:00,27064,1,0.6600920458123
2014-11-22 00:00:00,26220,1,0.5892440662097725
2014-11-22 00:30:00,24289,0,0.5373388572726406
2014-11-22 01:00:00,22849,0,0.5024984153402113
2014-11-22 01:30:00,20731,0,0.48757837759550504
2014-11-22 02:00:00,19081,0,0.4398426629943125
2014-11-22 02:30:00,16573,0,0.460215303432096
2014-11-22 03:00:00,14188,0,0.496894876343599
2014-11-22 03:30:00,12213,0,0.5334275273506389
2014-11-22 04:00:00,10145,0,0.5520766339948056
2014-11-22 04:30:00,5902,0,0.5391849324303125
2014-11-22 05:00:00,3983,0,0.5420382374947651
2014-11-22 05:30:00,3556,0,0.5429146053523142
2014-11-22 06:00:00,3651,0,0.5399328552303155
2014-11-22 06:30:00,5153,0,0.5468093456158389
2014-11-22 07:00:00,5379,0,0.5464222955095184
2014-11-22 07:30:00,7174,0,0.5408988733510849
2014-11-22 08:00:00,9070,0,0.5508614068618901
2014-11-22 08:30:00,12114,0,0.5263302891200842
2014-11-22 09:00:00,13665,0,0.4963642600828037
2014-11-22 09:30:00,17463,0,0.42695422242541087
2014-11-22 10:00:00,17209,0,0.43368554675763876
2014-11-22 10:30:00,20299,0,0.47760103766109546
2014-11-22 11:00:00,20255,0,0.4814386674961882
2014-11-22 11:30:00,22981,0,0.501662629750239
2014-11-22 12:00:00,23368,0,0.5079119885164282
2014-11-22 12:30:00,23444,0,0.5087125657531176
2014-11-22 13:00:00,22610,0,0.5019365858641208
2014-11-22 13:30:00,22258,0,0.5022817164959873
2014-11-22 14:00:00,21160,0,0.4936079633561589
2014-11-22 14:30:00,22960,0,0.5041677969430779
2014-11-22 15:00:00,23007,0,0.5026819180652936
2014-11-22 15:30:00,21145,0,0.4924805663971007
2014-11-22 16:00:00,18440,0,0.43479106823897984
2014-11-22 16:30:00,16028,0,0.4572597290670971
2014-11-22 17:00:00,19101,0,0.4395451721182221
2014-11-22 17:30:00,22361,0,0.5020687478674507
2014-11-22 18:00:00,24256,0,0.5320529093971872
2014-11-22 18:30:00,26410,1,0.5973347872475318
2014-11-22 19:00:00,27377,1,0.6747692694218013
2014-11-22 19:30:00,26255,1,0.5912657669824377
2014-11-22 20:00:00,23977,0,0.5220447554136936
2014-11-22 20:30:00,23565,0,0.5070839982682854
2014-11-22 21:00:00,22703,0,0.4954583468344159
2014-11-22 21:30:00,23078,0,0.5057228178148836
2014-11-22 22:00:00,25755,1,0.5628642142799986
2014-11-22 22:30:00,27028,1,0.6558336310710708
2014-11-22 23:00:00,28126,1,0.7032455086046058
2014-11-22 23:30:00,28472,1,0.7070622790829686
2014-11-23 00:00:00,27424,1,0.6775140748668774
2014-11-23 00:30:00,25493,1,0.5588082231284309
2014-11-23 01:00:00,24876,0,0.5429111606366581
2014-11-23 01:30:00,22639,0,0.5001227602323997
2014-11-23 02:00:00,21013,0,0.4916060549191912
2014-11-23 02:30:00,19100,0,0.4395451721182221
2014-11-23 03:00:00,16662,0,0.45388690818933813
2014-11-23 03:30:00,14489,0,0.4873280816572585
2014-11-23 04:00:00,12023,0,0.5283065587958838
2014-11-23 04:30:00,7069,0,0.5373368360372067
2014-11-23 05:00:00,4453,0,0.5257445623488688
2014-11-23 05:30:00,3483,0,0.5435011295802473
2014-11-23 06:00:00,3479,0,0.5438689794338034
2014-11-23 06:30:00,3968,0,0.5417259948775653
2014-11-23 07:00:00,4092,0,0.5393293057083516
2014-11-23 07:30:00,5877,0,0.5401128779682338
2014-11-23 08:00:00,6845,0,0.5270098292868526
2014-11-23 08:30:00,8283,0,0.5505881284936331
2014-11-23 09:00:00,10231,0,0.5515637372314575
2014-11-23 09:30:00,13189,0,0.5109935216416327
2014-11-23 10:00:00,14458,0,0.49114791707911615
2014-11-23 10:30:00,17284,0,0.4347581569922687
2014-11-23 11:00:00,17800,0,0.4329773434817195
2014-11-23 11:30:00,19509,0,0.454356800849042
2014-11-23 12:00:00,20547,0,0.48387213515926897
2014-11-23 12:30:00,20211,0,0.47885292381687944
2014-11-23 13:00:00,20041,0,0.47219379906659625
2014-11-23 13:30:00,19619,0,0.4611897107427819
2014-11-23 14:00:00,19947,0,0.472328792635398
2014-11-23 14:30:00,19844,0,0.46502508139259013
2014-11-23 15:00:00,19088,0,0.4395451721182221
2014-11-23 15:30:00,19237,0,0.44797920497950633
2014-11-23 16:00:00,18316,0,0.43862160927450833
2014-11-23 16:30:00,16996,0,0.4367329439431799
2014-11-23 17:00:00,18134,0,0.4367179357006009
2014-11-23 17:30:00,19633,0,0.4591696235832244
2014-11-23 18:00:00,20204,0,0.4752657420855349
2014-11-23 18:30:00,19810,0,0.463292810384765
2014-11-23 19:00:00,17925,0,0.43150807285812764
2014-11-23 19:30:00,16938,0,0.4365708882714202
2014-11-23 20:00:00,15096,0,0.4736215259851865
2014-11-23 20:30:00,15539,0,0.4626299786449566
2014-11-23 21:00:00,14806,0,0.47245494313462966
2014-11-23 21:30:00,15035,0,0.4722146896575245
2014-11-23 22:00:00,13285,0,0.5076302236757879
2014-11-23 22:30:00,12090,0,0.5264569849163963
2014-11-23 23:00:00,10552,0,0.5499555512285098
2014-11-23 23:30:00,9136,0,0.5507301093047096
2014-11-24 00:00:00,8106,1,0.5527268268346288
2014-11-24 00:30:00,7020,0,0.5347662141432588
2014-11-24 01:00:00,5562,0,0.5465041948828607
2014-11-24 01:30:00,3917,0,0.5368908281983052
2014-11-24 02:00:00,3592,0,0.5407786631423704
2014-11-24 02:30:00,2637,0,0.531696751237954
2014-11-24 03:00:00,2031,1,0.5680655563870177
2014-11-24 03:30:00,1900,1,0.6037962843098691
2014-11-24 04:00:00,2172,0,0.5464957368109372
2014-11-24 04:30:00,2008,1,0.5734811385779158
2014-11-24 05:00:00,2546,0,0.5382153044215626
2014-11-24 05:30:00,4409,0,0.5213993036784378
2014-11-24 06:00:00,7269,0,0.5414285546479178
2014-11-24 06:30:00,11863,0,0.5346494319538301
2014-11-24 07:00:00,14244,0,0.49857361399357897
2014-11-24 07:30:00,17238,0,0.4358363942016996
2014-11-24 08:00:00,18382,0,0.43990753501771834
2014-11-24 08:30:00,17940,0,0.43318162400469745
2014-11-24 09:00:00,17447,0,0.4271832454954109
2014-11-24 09:30:00,16773,0,0.4518226138215408
2014-11-24 10:00:00,15319,0,0.46077912085675515
2014-11-24 10:30:00,15867,0,0.4663864308765308
2014-11-24 11:00:00,15751,0,0.46620900035313506
2014-11-24 11:30:00,17462,0,0.42695422242541087
2014-11-24 12:00:00,16292,0,0.4570086813006685
2014-11-24 12:30:00,16317,0,0.45450947548419257
2014-11-24 13:00:00,16104,0,0.45990804745207353
2014-11-24 13:30:00,16967,0,0.4370068957949942
2014-11-24 14:00:00,17035,0,0.43726559843927426
2014-11-24 14:30:00,17976,0,0.4346982185154271
2014-11-24 15:00:00,18230,0,0.43443562946327896
2014-11-24 15:30:00,16521,0,0.45673273646377877
2014-11-24 16:00:00,14887,0,0.4712952327304167
2014-11-24 16:30:00,13707,0,0.4977420819412661
2014-11-24 17:00:00,16596,0,0.45934603074230346
2014-11-24 17:30:00,18683,0,0.43795201715356624
2014-11-24 18:00:00,20289,0,0.4771039333249016
2014-11-24 18:30:00,21377,0,0.4778028738969079
2014-11-24 19:00:00,21962,0,0.5020901452723249
2014-11-24 19:30:00,21126,0,0.4899567530369903
2014-11-24 20:00:00,20531,0,0.48321089905630826
2014-11-24 20:30:00,19217,0,0.44538955388827184
2014-11-24 21:00:00,19353,0,0.4468031146045188
2014-11-24 21:30:00,19109,0,0.43901239124428554
2014-11-24 22:00:00,18814,0,0.4445823113842209
2014-11-24 22:30:00,17036,0,0.43726559843927426
2014-11-24 23:00:00,14147,0,0.4909931880162424
2014-11-24 23:30:00,11595,0,0.5425667667204632
2014-11-25 00:00:00,10091,1,0.5540580679885309
2014-11-25 00:30:00,7575,1,0.5575537441159544
2014-11-25 01:00:00,5977,0,0.5411625576958304
2014-11-25 01:30:00,4705,0,0.5371106987787752
2014-11-25 02:00:00,3796,0,0.5342018871228751
2014-11-25 02:30:00,2894,0,0.5353908448909749
2014-11-25 03:00:00,2471,0,0.536765136547026
2014-11-25 03:30:00,2115,1,0.5556154869026572
2014-11-25 04:00:00,2474,0,0.5374919640892788
2014-11-25 04:30:00,2285,0,0.5392161264064743
2014-11-25 05:00:00,2538,0,0.5382153044215626
2014-11-25 05:30:00,4380,0,0.5226926652929565
2014-11-25 06:00:00,6537,0,0.5231987859560089
2014-11-25 06:30:00,11238,0,0.5513635143984593
2014-11-25 07:00:00,14764,0,0.47462795175013417
2014-11-25 07:30:00,18187,0,0.4358596178726031
2014-11-25 08:00:00,18885,0,0.44417960047790855
2014-11-25 08:30:00,19188,0,0.44371729640567725
2014-11-25 09:00:00,18398,0,0.43946153191809784
2014-11-25 09:30:00,18057,0,0.4356736720728215
2014-11-25 10:00:00,16899,0,0.44448808342558693
2014-11-25 10:30:00,17137,0,0.4380381214488359
2014-11-25 11:00:00,16203,0,0.4589100310352397
2014-11-25 11:30:00,17742,0,0.4362824092282122
2014-11-25 12:00:00,17843,0,0.4329133064137465
2014-11-25 12:30:00,17866,0,0.4351187613844419
2014-11-25 13:00:00,17548,0,0.42839886578821385
2014-11-25 13:30:00,18306,0,0.437353069685628
2014-11-25 14:00:00,18577,0,0.4346705081149643
2014-11-25 14:30:00,18506,0,0.4347562005174239
2014-11-25 15:00:00,18691,0,0.43884185695259903
2014-11-25 15:30:00,15729,0,0.4681389878031923
2014-11-25 16:00:00,13396,0,0.5074248323051106
2014-11-25 16:30:00,11923,0,0.5313613698007226
2014-11-25 17:00:00,14463,0,0.4908157255105512
2014-11-25 17:30:00,17026,0,0.43699678295657524
2014-11-25 18:00:00,19078,0,0.43966723470860664
2014-11-25 18:30:00,20439,0,0.477884836259932
2014-11-25 19:00:00,20776,0,0.491473753290231
2014-11-25 19:30:00,20941,0,0.4925499213604906
2014-11-25 20:00:00,20209,0,0.47885292381687944
2014-11-25 20:30:00,19987,0,0.47324097942765
2014-11-25 21:00:00,19952,0,0.47303473868502915
2014-11-25 21:30:00,19234,0,0.4470708373764294
2014-11-25 22:00:00,18455,0,0.43463355599055536
2014-11-25 22:30:00,18097,0,0.4330235409170857
2014-11-25 23:00:00,17461,0,0.42695422242541087
2014-11-25 23:30:00,16002,0,0.4580689857078311
2014-11-26 00:00:00,13400,0,0.5055283290656736
2014-11-26 00:30:00,10978,0,0.5437810303287558
2014-11-26 01:00:00,8613,1,0.5570913309456259
2014-11-26 01:30:00,6446,0,0.5275293935317652
2014-11-26 02:00:00,5205,0,0.543056541939146
2014-11-26 02:30:00,4118,0,0.541392851095307
2014-11-26 03:00:00,3510,0,0.5404566454062336
2014-11-26 03:30:00,3249,0,0.5445625898409973
2014-11-26 04:00:00,3698,0,0.5376753981693663
2014-11-26 04:30:00,3584,0,0.5410687429287226
2014-11-26 05:00:00,3622,0,0.5413262723795914
2014-11-26 05:30:00,4987,0,0.5446867793404725
2014-11-26 06:00:00,7213,0,0.5396234360791794
2014-11-26 06:30:00,10827,0,0.5405162558481064
2014-11-26 07:00:00,14141,0,0.4886654669459836
2014-11-26 07:30:00,16965,0,0.4370068957949942
2014-11-26 08:00:00,19391,0,0.44795053211898755
2014-11-26 08:30:00,19557,0,0.458931411021736
2014-11-26 09:00:00,19067,0,0.4405278166130856
2014-11-26 09:30:00,18807,0,0.44421927810826495
2014-11-26 10:00:00,18232,0,0.43443562946327896
2014-11-26 10:30:00,18999,0,0.44072379194805045
2014-11-26 11:00:00,18896,0,0.44188147670191874
2014-11-26 11:30:00,19764,0,0.4685000596093517
2014-11-26 12:00:00,20227,0,0.48046245412833316
2014-11-26 12:30:00,19602,0,0.46057565142664086
2014-11-26 13:00:00,20456,0,0.4786049888284982
2014-11-26 13:30:00,19580,0,0.45633840434075107
2014-11-26 14:00:00,19156,0,0.44159182818212694
2014-11-26 14:30:00,19572,0,0.4575291629069223
2014-11-26 15:00:00,18925,0,0.439349958322324
2014-11-26 15:30:00,17545,0,0.42839886578821385
2014-11-26 16:00:00,15465,0,0.45926043037256525
2014-11-26 16:30:00,14104,0,0.48756146933644373
2014-11-26 17:00:00,16996,0,0.4367329439431799
2014-11-26 17:30:00,20113,0,0.46627331375282177
2014-11-26 18:00:00,21015,0,0.4916060549191912
2014-11-26 18:30:00,21580,0,0.4931940163491743
2014-11-26 19:00:00,22501,0,0.49695438420235055
2014-11-26 19:30:00,21159,0,0.4936079633561589
2014-11-26 20:00:00,18991,0,0.4413276370925096
2014-11-26 20:30:00,18046,0,0.435128530628445
2014-11-26 21:00:00,18300,0,0.437353069685628
2014-11-26 21:30:00,18538,0,0.4332939641015355
2014-11-26 22:00:00,17170,0,0.43917990670612433
2014-11-26 22:30:00,17081,0,0.43592717521848356
2014-11-26 23:00:00,15613,0,0.46567879570460574
2014-11-26 23:30:00,13718,0,0.4974956211466817
2014-11-27 00:00:00,13522,0,0.5002628143799673
2014-11-27 00:30:00,11323,0,0.5501811427804982
2014-11-27 01:00:00,10315,0,0.54819841617322
2014-11-27 01:30:00,8870,0,0.5510053153598605
2014-11-27 02:00:00,8150,0,0.5497684742461327
2014-11-27 02:30:00,7209,0,0.5396234360791794
2014-11-27 03:00:00,6018,0,0.5414090208212163
2014-11-27 03:30:00,5819,0,0.5422042294114789
2014-11-27 04:00:00,5291,0,0.5443680583214552
2014-11-27 04:30:00,4127,0,0.5425015500649135
2014-11-27 05:00:00,3540,0,0.5422348650745737
2014-11-27 05:30:00,3715,0,0.5358595522605811
2014-11-27 06:00:00,4613,0,0.5247382126912076
2014-11-27 06:30:00,5500,0,0.5464161402995054
2014-11-27 07:00:00,5955,0,0.5430616181396708
2014-11-27 07:30:00,6512,0,0.5228449165424693
2014-11-27 08:00:00,7076,0,0.5373368360372067
2014-11-27 08:30:00,7813,1,0.5611677149726713
2014-11-27 09:00:00,8365,1,0.5528454968167709
2014-11-27 09:30:00,9013,0,0.5517293826480167
2014-11-27 10:00:00,9695,1,0.5623920042120658
2014-11-27 10:30:00,11389,0,0.5471623484321089
2014-11-27 11:00:00,12701,0,0.527578273140829
2014-11-27 11:30:00,13400,0,0.5055283290656736
2014-11-27 12:00:00,13282,0,0.5080756239226368
2014-11-27 12:30:00,13542,0,0.49621698202044323
2014-11-27 13:00:00,13538,0,0.4979979536668141
2014-11-27 13:30:00,13663,0,0.4963642600828037
2014-11-27 14:00:00,13980,0,0.49178992869878047
2014-11-27 14:30:00,14673,0,0.4742448727692194
2014-11-27 15:00:00,14614,0,0.48413019926538575
2014-11-27 15:30:00,15255,0,0.462836082948251
2014-11-27 16:00:00,13560,0,0.49663720273491485
2014-11-27 16:30:00,13120,0,0.5121309268984677
2014-11-27 17:00:00,13273,0,0.5077319831728925
2014-11-27 17:30:00,13334,0,0.5067823258760519
2014-11-27 18:00:00,12930,0,0.51997065993967
2014-11-27 18:30:00,13683,0,0.4988065011903408
2014-11-27 19:00:00,13682,0,0.4988065011903408
2014-11-27 19:30:00,14106,0,0.48756146933644373
2014-11-27 20:00:00,14088,0,0.48849889188472095
2014-11-27 20:30:00,14417,0,0.4933195492251641
2014-11-27 21:00:00,15187,0,0.46813828280550646
2014-11-27 21:30:00,15280,0,0.46162979850018715
2014-11-27 22:00:00,15654,0,0.4651333733836661
2014-11-27 22:30:00,13989,0,0.491174197570113
2014-11-27 23:00:00,12592,0,0.5277944702712577
2014-11-27 23:30:00,11811,0,0.541649487096155
2014-11-28 00:00:00,9653,1,0.559498340218463
2014-11-28 00:30:00,7791,1,0.5639378636741086
2014-11-28 01:00:00,6862,0,0.526610757456433
2014-11-28 01:30:00,5644,0,0.5458083399367265
2014-11-28 02:00:00,4639,0,0.5281449719716563
2014-11-28 02:30:00,3673,0,0.5373344437172567
2014-11-28 03:00:00,2945,0,0.5440606593212958
2014-11-28 03:30:00,2875,0,0.5364093495456287
2014-11-28 04:00:00,2883,0,0.5347658028706612
2014-11-28 04:30:00,2165,0,0.5464957368109372
2014-11-28 05:00:00,1902,1,0.6037962843098691
2014-11-28 05:30:00,2226,0,0.5355772170168187
2014-11-28 06:00:00,2870,0,0.5370817870145704
2014-11-28 06:30:00,4313,0,0.5322037207271256
2014-11-28 07:00:00,4936,0,0.5433139613256891
2014-11-28 07:30:00,6240,0,0.5374344723015495
2014-11-28 08:00:00,7376,0,0.5474153439092271
2014-11-28 08:30:00,8850,0,0.5513782441608002
2014-11-28 09:00:00,9864,1,0.5591958292174437
2014-11-28 09:30:00,10863,0,0.5397853386846255
2014-11-28 10:00:00,11900,0,0.5314135071172991
2014-11-28 10:30:00,12969,0,0.5193964500746234
2014-11-28 11:00:00,14045,0,0.4863206170009293
2014-11-28 11:30:00,15281,0,0.46162979850018715
2014-11-28 12:00:00,16153,0,0.45896560881280735
2014-11-28 12:30:00,17025,0,0.43699678295657524
2014-11-28 13:00:00,17596,0,0.43273550873940914
2014-11-28 13:30:00,18437,0,0.4356643455180405
2014-11-28 14:00:00,17777,0,0.4345435008429349
2014-11-28 14:30:00,18774,0,0.43868960385708006
2014-11-28 15:00:00,18868,0,0.4436340989944882
2014-11-28 15:30:00,19046,0,0.43979361603405925
2014-11-28 16:00:00,17706,0,0.430377337338136
2014-11-28 16:30:00,16591,0,0.46072617161963847
2014-11-28 17:00:00,18951,0,0.44114829750007245
2014-11-28 17:30:00,20519,0,0.48380833703158305
2014-11-28 18:00:00,20626,0,0.48817666085957084
2014-11-28 18:30:00,21227,0,0.4842350226527216
2014-11-28 19:00:00,22716,0,0.4961292413243877
2014-11-28 19:30:00,21044,0,0.49192172623174857
2014-11-28 20:00:00,18862,0,0.44327184000181186
2014-11-28 20:30:00,18821,0,0.4445823113842209
2014-11-28 21:00:00,18485,0,0.43219092877930565
2014-11-28 21:30:00,18416,0,0.4373429776081889
2014-11-28 22:00:00,19806,0,0.46360637402461474
2014-11-28 22:30:00,19671,0,0.4622685974613961
2014-11-28 23:00:00,19234,0,0.4470708373764294
2014-11-28 23:30:00,17725,0,0.4333055812374602
2014-11-29 00:00:00,16089,0,0.45706169905303723
2014-11-29 00:30:00,14561,0,0.48611595946782965
2014-11-29 01:00:00,13292,0,0.5083419152010269
2014-11-29 01:30:00,12000,0,0.5296331416082442
2014-11-29 02:00:00,10967,0,0.5422674686577934
2014-11-29 02:30:00,9747,1,0.5628843516031841
2014-11-29 03:00:00,8556,1,0.5558387196671603
2014-11-29 03:30:00,8342,0,0.5524627300143019
2014-11-29 04:00:00,7178,0,0.5397934497380575
2014-11-29 04:30:00,4441,0,0.5246048927911892
2014-11-29 05:00:00,2747,0,0.530574422713886
2014-11-29 05:30:00,2489,0,0.5361671968449658
2014-11-29 06:00:00,2283,0,0.5398163307121508
2014-11-29 06:30:00,3109,0,0.5435664067204468
2014-11-29 07:00:00,3380,0,0.5479479417969714
2014-11-29 07:30:00,4628,0,0.5278488608596676
2014-11-29 08:00:00,5291,0,0.5443680583214552
2014-11-29 08:30:00,7405,0,0.5487667487614618
2014-11-29 09:00:00,9044,0,0.5521028015087399
2014-11-29 09:30:00,11193,0,0.5499515030771204
2014-11-29 10:00:00,12541,0,0.5293381958108025
2014-11-29 10:30:00,15281,0,0.46162979850018715
2014-11-29 11:00:00,15551,0,0.4638034366088853
2014-11-29 11:30:00,17665,0,0.431339299800509
2014-11-29 12:00:00,18499,0,0.4333487376826325
2014-11-29 12:30:00,18680,0,0.43762305173244553
2014-11-29 13:00:00,19621,0,0.4611897107427819
2014-11-29 13:30:00,19830,0,0.46471457136165645
2014-11-29 14:00:00,19187,0,0.44371729640567725
2014-11-29 14:30:00,19999,0,0.47348447144154526
2014-11-29 15:00:00,19722,0,0.46580254745313043
2014-11-29 15:30:00,20600,0,0.48938182311081885
2014-11-29 16:00:00,19125,0,0.44085380598146445
2014-11-29 16:30:00,16658,0,0.45705956816526006
2014-11-29 17:00:00,18684,0,0.43824842975807904
2014-11-29 17:30:00,20891,0,0.4904393392143237
2014-11-29 18:00:00,21554,0,0.49108938167096283
2014-11-29 18:30:00,22678,0,0.4960988624536344
2014-11-29 19:00:00,24055,0,0.5307177668461396
2014-11-29 19:30:00,23418,0,0.5100045230747104
2014-11-29 20:00:00,20196,0,0.4736530832862486
2014-11-29 20:30:00,19676,0,0.46294101202956855
2014-11-29 21:00:00,19566,0,0.4583677926898019
2014-11-29 21:30:00,19272,0,0.4478406446845759
2014-11-29 22:00:00,20686,0,0.48328967530532985
2014-11-29 22:30:00,21659,0,0.5018425863159718
2014-11-29 23:00:00,21154,0,0.493274107916888
2014-11-29 23:30:00,21170,0,0.4917631007441651
2014-11-30 00:00:00,20149,0,0.4724592621758736
2014-11-30 00:30:00,18555,0,0.43399389324349213
2014-11-30 01:00:00,17768,0,0.4345435008429349
2014-11-30 01:30:00,15608,0,0.465744143793515
2014-11-30 02:00:00,14966,0,0.47483946647727004
2014-11-30 02:30:00,13074,0,0.5177635157396858
2014-11-30 03:00:00,11332,0,0.5491588366417813
2014-11-30 03:30:00,9965,1,0.5547683286019874
2014-11-30 04:00:00,9167,0,0.5488701748177858
2014-11-30 04:30:00,5520,0,0.5453960481205575
2014-11-30 05:00:00,3812,0,0.5366612117137721
2014-11-30 05:30:00,3123,0,0.5445397568849198
2014-11-30 06:00:00,3103,0,0.5435664067204468
2014-11-30 06:30:00,3777,0,0.5345965379927317
2014-11-30 07:00:00,3699,0,0.5376753981693663
2014-11-30 07:30:00,4968,0,0.5443183763618306
2014-11-30 08:00:00,5630,0,0.5463318946258429
2014-11-30 08:30:00,7422,0,0.5487667487614618
2014-11-30 09:00:00,9123,0,0.5521543200070399
2014-11-30 09:30:00,10981,0,0.5437810303287558
2014-11-30 10:00:00,12227,0,0.5318857550156907
2014-11-30 10:30:00,15247,0,0.46321433060138956
2014-11-30 11:00:00,14970,0,0.47489584267914786
2014-11-30 11:30:00,16912,0,0.44219160784622946
2014-11-30 12:00:00,17420,0,0.42664078152208984
2014-11-30 12:30:00,18336,0,0.44075717377510293
2014-11-30 13:00:00,18091,0,0.43342897051867857
2014-11-30 13:30:00,17841,0,0.4329133064137465
2014-11-30 14:00:00,18946,0,0.439541512671856
2014-11-30 14:30:00,19156,0,0.44159182818212694
2014-11-30 15:00:00,18159,0,0.43485496206290586
2014-11-30 15:30:00,17805,0,0.4336595728871601
2014-11-30 16:00:00,16838,0,0.44837224295009975
2014-11-30 16:30:00,15906,0,0.4622881432829505
2014-11-30 17:00:00,16917,0,0.4410284168748124
2014-11-30 17:30:00,17670,0,0.43315433494865135
2014-11-30 18:00:00,17941,0,0.43276375935751793
2014-11-30 18:30:00,18093,0,0.43313581759148234
2014-11-30 19:00:00,17587,0,0.4332605668921646
2014-11-30 19:30:00,16867,0,0.44551121331868004
2014-11-30 20:00:00,15693,0,0.4657455423375761
2014-11-30 20:30:00,15342,0,0.46397469269923597
2014-11-30 21:00:00,13821,0,0.49647218112011837
2014-11-30 21:30:00,14083,0,0.4878383155920438
2014-11-30 22:00:00,13714,0,0.4974956211466817
2014-11-30 22:30:00,12119,0,0.5280416464506336
2014-11-30 23:00:00,9904,1,0.5547683286019874
2014-11-30 23:30:00,8970,0,0.5524764731050432
2014-12-01 00:00:00,7706,1,0.5576636738593164
2014-12-01 00:30:00,5494,0,0.5483776645902687
2014-12-01 01:00:00,4249,0,0.5342631130043662
2014-12-01 01:30:00,2891,0,0.5353908448909749
2014-12-01 02:00:00,2632,0,0.5313371341620129
2014-12-01 02:30:00,2192,0,0.5420004429661528
2014-12-01 03:00:00,1648,1,0.6507583816151937
2014-12-01 03:30:00,1639,1,0.6525219438045511
2014-12-01 04:00:00,1913,1,0.6037962843098691
2014-12-01 04:30:00,2142,0,0.5496028325529374
2014-12-01 05:00:00,2909,0,0.535710568887151
2014-12-01 05:30:00,4587,0,0.5283524207694613
2014-12-01 06:00:00,7235,0,0.5408395053781335
2014-12-01 06:30:00,11448,0,0.5474507539553246
2014-12-01 07:00:00,14106,0,0.48756146933644373
2014-12-01 07:30:00,17184,0,0.4343511167615874
2014-12-01 08:00:00,18306,0,0.437353069685628
2014-12-01 08:30:00,18746,0,0.43961511566012257
2014-12-01 09:00:00,17914,0,0.430980705956064
2014-12-01 09:30:00,16699,0,0.4472376320554036
2014-12-01 10:00:00,15681,0,0.46523485901346034
2014-12-01 10:30:00,15210,0,0.4648958872021404
2014-12-01 11:00:00,14532,0,0.4843964035916899
2014-12-01 11:30:00,15985,0,0.4601353669536386
2014-12-01 12:00:00,16226,0,0.4576168046538483
2014-12-01 12:30:00,16000,0,0.4596667885495982
2014-12-01 13:00:00,15641,0,0.4645707465747821
2014-12-01 13:30:00,16373,0,0.4549519390648216
2014-12-01 14:00:00,16830,0,0.44882806281629334
2014-12-01 14:30:00,17470,0,0.42826542847359583
2014-12-01 15:00:00,18131,0,0.43733585036136
2014-12-01 15:30:00,16870,0,0.4456076456759222
2014-12-01 16:00:00,15192,0,0.46615576003946374
2014-12-01 16:30:00,14453,0,0.4903957478496986
2014-12-01 17:00:00,17382,0,0.42980488667829886
2014-12-01 17:30:00,19815,0,0.463388367758236
2014-12-01 18:00:00,21750,0,0.5045601643451451
2014-12-01 18:30:00,22217,0,0.5022103111235908
2014-12-01 19:00:00,21813,0,0.5025412460141406
2014-12-01 19:30:00,21536,0,0.4901844481773886
2014-12-01 20:00:00,22541,0,0.4956005880243582
2014-12-01 20:30:00,21329,0,0.4787976787852691
2014-12-01 21:00:00,20165,0,0.4748125066560889
2014-12-01 21:30:00,19498,0,0.4534599759104684
2014-12-01 22:00:00,19355,0,0.4468031146045188
2014-12-01 22:30:00,16691,0,0.45059348979115266
2014-12-01 23:00:00,14387,0,0.4974538660592838
2014-12-01 23:30:00,12101,0,0.5267604267086821
2014-12-02 00:00:00,9805,1,0.5569195446385151
2014-12-02 00:30:00,7121,0,0.5412649619579374
2014-12-02 01:00:00,5019,0,0.5480443157529208
2014-12-02 01:30:00,3822,0,0.5356866346278143
2014-12-02 02:00:00,3268,0,0.5477929956632689
2014-12-02 02:30:00,2261,0,0.5398395238893073
2014-12-02 03:00:00,1853,1,0.6194707253421755
2014-12-02 03:30:00,1722,1,0.6394378077398275
2014-12-02 04:00:00,2077,1,0.5654042548700648
2014-12-02 04:30:00,1988,1,0.5768924147086911
2014-12-02 05:00:00,2296,0,0.5384556475998582
2014-12-02 05:30:00,4537,0,0.531148364652142
2014-12-02 06:00:00,6661,0,0.5298744801260686
2014-12-02 06:30:00,11901,0,0.5314135071172991
2014-12-02 07:00:00,15501,0,0.46229794230410487
2014-12-02 07:30:00,19573,0,0.4575291629069223
2014-12-02 08:00:00,20896,0,0.4904393392143237
2014-12-02 08:30:00,21051,0,0.4913540371463968
2014-12-02 09:00:00,19670,0,0.4622685974613961
2014-12-02 09:30:00,18654,0,0.4377516372259601
2014-12-02 10:00:00,17108,0,0.4370537706702037
2014-12-02 10:30:00,17553,0,0.4295598313063106
2014-12-02 11:00:00,16232,0,0.4578089251968743
2014-12-02 11:30:00,17534,0,0.42963507234296633
2014-12-02 12:00:00,17697,0,0.43066862328382655
2014-12-02 12:30:00,19165,0,0.4428956815819531
2014-12-02 13:00:00,18916,0,0.44020998456191046
2014-12-02 13:30:00,19543,0,0.4560094347738797
2014-12-02 14:00:00,18570,0,0.4346705081149643
2014-12-02 14:30:00,19043,0,0.43875361716891265
2014-12-02 15:00:00,18343,0,0.44174124680112703
2014-12-02 15:30:00,16666,0,0.452430897403763
2014-12-02 16:00:00,14050,0,0.4859916904128909
2014-12-02 16:30:00,12845,0,0.5246619563827473
2014-12-02 17:00:00,16111,0,0.4595969852030726
2014-12-02 17:30:00,19112,0,0.43901239124428554
2014-12-02 18:00:00,21205,0,0.48762012766230567
2014-12-02 18:30:00,22337,0,0.5015080892007393
2014-12-02 19:00:00,23340,0,0.5078648342263699
2014-12-02 19:30:00,23082,0,0.5057228178148836
2014-12-02 20:00:00,23718,0,0.5089651939702274
2014-12-02 20:30:00,22936,0,0.5038267992813502
2014-12-02 21:00:00,23466,0,0.5101934350795482
2014-12-02 21:30:00,23387,0,0.5075192522820167
2014-12-02 22:00:00,22893,0,0.5012478973129569
2014-12-02 22:30:00,20923,0,0.4921078870309929
2014-12-02 23:00:00,18684,0,0.43824842975807904
2014-12-02 23:30:00,14962,0,0.47419736124511247
2014-12-03 00:00:00,12558,0,0.5284969776559958
2014-12-03 00:30:00,8876,0,0.5502602142869358
2014-12-03 01:00:00,6626,0,0.5255468889633
2014-12-03 01:30:00,4926,0,0.5429025433881297
2014-12-03 02:00:00,4046,0,0.5388263523440069
2014-12-03 02:30:00,3168,0,0.5390992174045827
2014-12-03 03:00:00,2692,0,0.5347121372768824
2014-12-03 03:30:00,2237,0,0.5367974270981741
2014-12-03 04:00:00,2384,0,0.5312695281971727
2014-12-03 04:30:00,2109,1,0.5561475899990396
2014-12-03 05:00:00,2403,0,0.5340580300205628
2014-12-03 05:30:00,4250,0,0.5342631130043662
2014-12-03 06:00:00,6529,0,0.5231987859560089
2014-12-03 06:30:00,12185,0,0.5298928939130595
2014-12-03 07:00:00,16016,0,0.4573238957195307
2014-12-03 07:30:00,19504,0,0.454356800849042
2014-12-03 08:00:00,20925,0,0.4921078870309929
2014-12-03 08:30:00,20891,0,0.4904393392143237
2014-12-03 09:00:00,20047,0,0.46997272953205477
2014-12-03 09:30:00,19138,0,0.4410537301240033
2014-12-03 10:00:00,18431,0,0.43629806161809226
2014-12-03 10:30:00,16960,0,0.43686636610684165
2014-12-03 11:00:00,16426,0,0.4500180542332312
2014-12-03 11:30:00,18092,0,0.43313581759148234
2014-12-03 12:00:00,19190,0,0.44371729640567725
2014-12-03 12:30:00,18957,0,0.4401493350094743
2014-12-03 13:00:00,18288,0,0.4368645735857337
2014-12-03 13:30:00,18843,0,0.44588477458608966
2014-12-03 14:00:00,19003,0,0.4414538380443581
2014-12-03 14:30:00,18193,0,0.4358596178726031
2014-12-03 15:00:00,17260,0,0.4356780606021284
2014-12-03 15:30:00,15103,0,0.4729810677221999
2014-12-03 16:00:00,12941,0,0.5197822895849301
2014-12-03 16:30:00,11797,0,0.5441795701926279
2014-12-03 17:00:00,15545,0,0.4623170753974275
2014-12-03 17:30:00,17938,0,0.4348463431759448
2014-12-03 18:00:00,20693,0,0.48328967530532985
2014-12-03 18:30:00,21585,0,0.49381227950273787
2014-12-03 19:00:00,21689,0,0.5043694609746366
2014-12-03 19:30:00,21995,0,0.49944190899805235
2014-12-03 20:00:00,22096,0,0.49953804166362875
2014-12-03 20:30:00,22115,0,0.49953804166362875
2014-12-03 21:00:00,21860,0,0.502431882221867
2014-12-03 21:30:00,22041,0,0.5002857815646979
2014-12-03 22:00:00,21680,0,0.5003299411077884
2014-12-03 22:30:00,21378,0,0.4778028738969079
2014-12-03 23:00:00,20295,0,0.4772780086257849
2014-12-03 23:30:00,18176,0,0.43615461430937086
2014-12-04 00:00:00,14846,0,0.4704242340620837
2014-12-04 00:30:00,11480,0,0.5464291459124689
2014-12-04 01:00:00,8939,1,0.5528724851124461
2014-12-04 01:30:00,6679,0,0.5291874781565953
2014-12-04 02:00:00,5175,0,0.5449626523944221
2014-12-04 02:30:00,3800,0,0.5364173179296139
2014-12-04 03:00:00,3135,0,0.5452006046727103
2014-12-04 03:30:00,2671,0,0.5343604563298403
2014-12-04 04:00:00,2843,0,0.5377336637219478
2014-12-04 04:30:00,2476,0,0.5374380200270428
2014-12-04 05:00:00,2670,0,0.5343604563298403
2014-12-04 05:30:00,4521,0,0.527733032399303
2014-12-04 06:00:00,6841,0,0.5278118395122878
2014-12-04 06:30:00,12178,0,0.5298928939130595
2014-12-04 07:00:00,15916,0,0.4619754712383261
2014-12-04 07:30:00,19872,0,0.4690521479096749
2014-12-04 08:00:00,20957,0,0.49258978920647606
2014-12-04 08:30:00,20358,0,0.4758598899959405
2014-12-04 09:00:00,19717,0,0.4644675182691259
2014-12-04 09:30:00,18943,0,0.43990072309591377
2014-12-04 10:00:00,18082,0,0.43342897051867857
2014-12-04 10:30:00,18560,0,0.43399389324349213
2014-12-04 11:00:00,17316,0,0.43378894519208844
2014-12-04 11:30:00,18817,0,0.4445823113842209
2014-12-04 12:00:00,18439,0,0.43479106823897984
2014-12-04 12:30:00,17771,0,0.4345435008429349
2014-12-04 13:00:00,17214,0,0.43626030615263856
2014-12-04 13:30:00,17836,0,0.43258217844980335
2014-12-04 14:00:00,18676,0,0.4373270621070396
2014-12-04 14:30:00,19241,0,0.4476762108923653
2014-12-04 15:00:00,19068,0,0.4405278166130856
2014-12-04 15:30:00,16567,0,0.46094796181433845
2014-12-04 16:00:00,14529,0,0.4843964035916899
2014-12-04 16:30:00,12862,0,0.5235173615437085
2014-12-04 17:00:00,16086,0,0.4564753745112684
2014-12-04 17:30:00,19221,0,0.44538955388827184
2014-12-04 18:00:00,21408,0,0.4826536337835476
2014-12-04 18:30:00,23385,0,0.5075192522820167
2014-12-04 19:00:00,23604,0,0.5092549939225386
2014-12-04 19:30:00,23384,0,0.5079751298208693
2014-12-04 20:00:00,23209,0,0.507592829759886
2014-12-04 20:30:00,22592,0,0.49805434236751994
2014-12-04 21:00:00,23164,0,0.505135710617994
2014-12-04 21:30:00,23638,0,0.5068238004718592
2014-12-04 22:00:00,23192,0,0.5068555591259145
2014-12-04 22:30:00,22417,0,0.5002108946317722
2014-12-04 23:00:00,22630,0,0.5001227602323997
2014-12-04 23:30:00,21278,0,0.4831384920143733
2014-12-05 00:00:00,19300,0,0.4453200649496689
2014-12-05 00:30:00,16241,0,0.45603168388681337
2014-12-05 01:00:00,12966,0,0.5193964500746234
2014-12-05 01:30:00,10322,0,0.5485694452219815
2014-12-05 02:00:00,8160,0,0.5497684742461327
2014-12-05 02:30:00,6611,0,0.5251598573255326
2014-12-05 03:00:00,5410,0,0.5489673837253809
2014-12-05 03:30:00,4453,0,0.5257445623488688
2014-12-05 04:00:00,4287,0,0.5324163971249082
2014-12-05 04:30:00,3250,0,0.5445625898409973
2014-12-05 05:00:00,3396,0,0.5475005030859157
2014-12-05 05:30:00,4846,0,0.5396504288569237
2014-12-05 06:00:00,7090,0,0.5389878745396722
2014-12-05 06:30:00,11832,0,0.5408633100162088
2014-12-05 07:00:00,15506,0,0.46229794230410487
2014-12-05 07:30:00,20211,0,0.47885292381687944
2014-12-05 08:00:00,21053,0,0.4913540371463968
2014-12-05 08:30:00,20635,0,0.4897016464403269
2014-12-05 09:00:00,20128,0,0.47052305675073186
2014-12-05 09:30:00,18838,0,0.44588477458608966
2014-12-05 10:00:00,17936,0,0.43368827860828946
2014-12-05 10:30:00,18210,0,0.43600326067419154
2014-12-05 11:00:00,17653,0,0.43104756023773827
2014-12-05 11:30:00,18847,0,0.4455206777557122
2014-12-05 12:00:00,18814,0,0.4445823113842209
2014-12-05 12:30:00,17478,0,0.42800129676863347
2014-12-05 13:00:00,18029,0,0.43484707867393085
2014-12-05 13:30:00,18953,0,0.4410507010197767
2014-12-05 14:00:00,19684,0,0.46308992932121834
2014-12-05 14:30:00,19747,0,0.469067757099631
2014-12-05 15:00:00,18464,0,0.43162471475590897
2014-12-05 15:30:00,16396,0,0.45161123036162326
2014-12-05 16:00:00,14436,0,0.4921529752853797
2014-12-05 16:30:00,13461,0,0.5007125813921649
2014-12-05 17:00:00,17047,0,0.43611078659782465
2014-12-05 17:30:00,20614,0,0.4888376953017113
2014-12-05 18:00:00,23322,0,0.5078150072850416
2014-12-05 18:30:00,25791,1,0.5609633003007061
2014-12-05 19:00:00,26650,1,0.615969329538342
2014-12-05 19:30:00,26971,1,0.6545037969697302
2014-12-05 20:00:00,26688,1,0.6192502645135869
2014-12-05 20:30:00,25508,1,0.5588082231284309
2014-12-05 21:00:00,26284,1,0.5974646023007242
2014-12-05 21:30:00,26978,1,0.6545037969697302
2014-12-05 22:00:00,26983,1,0.6545037969697302
2014-12-05 22:30:00,25438,1,0.562773661165084
2014-12-05 23:00:00,24914,0,0.5499841568379511
2014-12-05 23:30:00,24165,0,0.5377964970881801
2014-12-06 00:00:00,22925,0,0.5033516931199201
2014-12-06 00:30:00,22187,0,0.5014015122586164
2014-12-06 01:00:00,21493,0,0.48646457182468655
2014-12-06 01:30:00,19021,0,0.4392419961272923
2014-12-06 02:00:00,18009,0,0.43444347078500123
2014-12-06 02:30:00,15786,0,0.46753634954094003
2014-12-06 03:00:00,13114,0,0.5145398457817747
2014-12-06 03:30:00,10541,0,0.5499555512285098
2014-12-06 04:00:00,9296,1,0.5539318842266991
2014-12-06 04:30:00,5388,0,0.5467832760778583
2014-12-06 05:00:00,3578,0,0.5413274915208577
2014-12-06 05:30:00,3205,0,0.5427572713129496
2014-12-06 06:00:00,3427,0,0.5467313029645625
2014-12-06 06:30:00,4666,0,0.5327657506367702
2014-12-06 07:00:00,5262,0,0.5451816747816611
2014-12-06 07:30:00,7841,1,0.5604088717186027
2014-12-06 08:00:00,8786,1,0.5564320915561038
2014-12-06 08:30:00,11893,0,0.5307850740752542
2014-12-06 09:00:00,12849,0,0.5231912798962389
2014-12-06 09:30:00,16411,0,0.4501053200654296
2014-12-06 10:00:00,16917,0,0.4410284168748124
2014-12-06 10:30:00,19706,0,0.4652269903285295
2014-12-06 11:00:00,22924,0,0.5033516931199201
2014-12-06 11:30:00,26224,1,0.5876515242802064
2014-12-06 12:00:00,25548,1,0.557895832398819
2014-12-06 12:30:00,24376,0,0.5418688142288606
2014-12-06 13:00:00,24464,0,0.5409835566684129
2014-12-06 13:30:00,23825,0,0.5154205325963725
2014-12-06 14:00:00,24235,0,0.5335242995054058
2014-12-06 14:30:00,24001,0,0.5247127672520226
2014-12-06 15:00:00,23877,0,0.517227308351215
2014-12-06 15:30:00,21761,0,0.503281998821083
2014-12-06 16:00:00,18277,0,0.43793744277493274
2014-12-06 16:30:00,15670,0,0.463742445462139
2014-12-06 17:00:00,18411,0,0.4376389780054488
2014-12-06 17:30:00,21332,0,0.4784738403927807
2014-12-06 18:00:00,23306,0,0.5087968728434332
2014-12-06 18:30:00,24856,0,0.5432382341718701
2014-12-06 19:00:00,25798,1,0.5609633003007061
2014-12-06 19:30:00,25274,1,0.5596627389855443
2014-12-06 20:00:00,25158,1,0.5607704928816384
2014-12-06 20:30:00,24164,0,0.5377964970881801
2014-12-06 21:00:00,23771,0,0.5102892481425462
2014-12-06 21:30:00,24363,0,0.5422355593064921
2014-12-06 22:00:00,25705,1,0.5590206938077632
2014-12-06 22:30:00,26429,1,0.5979068441778437
2014-12-06 23:00:00,27272,1,0.669312973483165
2014-12-06 23:30:00,27636,1,0.6838934756067434
2014-12-07 00:00:00,26695,1,0.6192502645135869
2014-12-07 00:30:00,25626,1,0.5587322589134404
2014-12-07 01:00:00,24285,0,0.5379603024126827
2014-12-07 01:30:00,22249,0,0.5022817164959873
2014-12-07 02:00:00,20741,0,0.4884632875027971
2014-12-07 02:30:00,18554,0,0.43399389324349213
2014-12-07 03:00:00,15770,0,0.46543461803778857
2014-12-07 03:30:00,13976,0,0.49178992869878047
2014-12-07 04:00:00,11368,0,0.5478482657543771
2014-12-07 04:30:00,6531,0,0.5231987859560089
2014-12-07 05:00:00,3929,0,0.538752774430424
2014-12-07 05:30:00,3236,0,0.5448532419355961
2014-12-07 06:00:00,3177,0,0.5392906108056998
2014-12-07 06:30:00,3757,0,0.532572865892304
2014-12-07 07:00:00,4042,0,0.540728120744736
2014-12-07 07:30:00,5401,0,0.5486511495544413
2014-12-07 08:00:00,6483,0,0.5215050025308049
2014-12-07 08:30:00,9264,1,0.5539318842266991
2014-12-07 09:00:00,11497,0,0.5440186636972643
2014-12-07 09:30:00,14585,0,0.4864892670398796
2014-12-07 10:00:00,16159,0,0.4586551839892316
2014-12-07 10:30:00,20205,0,0.4752657420855349
2014-12-07 11:00:00,21146,0,0.4921474734811986
2014-12-07 11:30:00,22387,0,0.5015477894186405
2014-12-07 12:00:00,23081,0,0.5057228178148836
2014-12-07 12:30:00,23163,0,0.505135710617994
2014-12-07 13:00:00,22660,0,0.49666867444898705
2014-12-07 13:30:00,22127,0,0.5011805015168956
2014-12-07 14:00:00,22237,0,0.5028903483713082
2014-12-07 14:30:00,22193,0,0.5017408684490986
2014-12-07 15:00:00,21252,0,0.48347322839692214
2014-12-07 15:30:00,20818,0,0.491279661640341
2014-12-07 16:00:00,19110,0,0.43901239124428554
2014-12-07 16:30:00,17255,0,0.435929178804292
2014-12-07 17:00:00,18368,0,0.44132745761001413
2014-12-07 17:30:00,20327,0,0.4772933017054271
2014-12-07 18:00:00,21411,0,0.4830480771102098
2014-12-07 18:30:00,21379,0,0.4781262581690388
2014-12-07 19:00:00,21735,0,0.5042189013027891
2014-12-07 19:30:00,20031,0,0.47318159852838554
2014-12-07 20:00:00,18305,0,0.437353069685628
2014-12-07 20:30:00,17961,0,0.43246921301480024
2014-12-07 21:00:00,17334,0,0.430327660397524
2014-12-07 21:30:00,17401,0,0.42706181460663173
2014-12-07 22:00:00,17020,0,0.43723948479743074
2014-12-07 22:30:00,14661,0,0.4763428063763193
2014-12-07 23:00:00,12367,0,0.5320644802705669
2014-12-07 23:30:00,10891,0,0.5394969467959381
2014-12-08 00:00:00,8141,1,0.5527268268346288
2014-12-08 00:30:00,6411,0,0.5302836385521523
2014-12-08 01:00:00,4762,0,0.5386427846666423
2014-12-08 01:30:00,3616,0,0.5406485207274753
2014-12-08 02:00:00,3130,0,0.5463301804654995
2014-12-08 02:30:00,2273,0,0.5408057890656768
2014-12-08 03:00:00,2031,1,0.5680655563870177
2014-12-08 03:30:00,1788,1,0.634632977259764
2014-12-08 04:00:00,2203,0,0.541924395433172
2014-12-08 04:30:00,2270,0,0.541248168288539
2014-12-08 05:00:00,2727,0,0.5288000639019418
2014-12-08 05:30:00,4686,0,0.5357342253191731
2014-12-08 06:00:00,6827,0,0.528884258322575
2014-12-08 06:30:00,11984,0,0.5298743538605191
2014-12-08 07:00:00,14644,0,0.48066194435261467
2014-12-08 07:30:00,18338,0,0.4410554849523992
2014-12-08 08:00:00,19590,0,0.4592272489043612
2014-12-08 08:30:00,19762,0,0.4685000596093517
2014-12-08 09:00:00,19372,0,0.44745469510567937
2014-12-08 09:30:00,18754,0,0.4405902393590404
2014-12-08 10:00:00,17736,0,0.43604023863856023
2014-12-08 10:30:00,17624,0,0.4323676272001333
2014-12-08 11:00:00,16856,0,0.4479707872144421
2014-12-08 11:30:00,18005,0,0.43444347078500123
2014-12-08 12:00:00,18028,0,0.43484707867393085
2014-12-08 12:30:00,17733,0,0.43672729415597467
2014-12-08 13:00:00,17678,0,0.430858410054163
2014-12-08 13:30:00,18275,0,0.43793744277493274
2014-12-08 14:00:00,18070,0,0.436089570611483
2014-12-08 14:30:00,19038,0,0.43839534343894254
2014-12-08 15:00:00,18998,0,0.4413276370925096
2014-12-08 15:30:00,16932,0,0.4389085123904477
2014-12-08 16:00:00,15201,0,0.465210535828829
2014-12-08 16:30:00,14426,0,0.4933887761044224
2014-12-08 17:00:00,16942,0,0.4365708882714202
2014-12-08 17:30:00,19768,0,0.4685000596093517
2014-12-08 18:00:00,21911,0,0.5021405413757553
2014-12-08 18:30:00,22917,0,0.5054194032126537
2014-12-08 19:00:00,23371,0,0.5079119885164282
2014-12-08 19:30:00,23343,0,0.5089048723747625
2014-12-08 20:00:00,22358,0,0.5020687478674507
2014-12-08 20:30:00,22302,0,0.4994772097828832
2014-12-08 21:00:00,22712,0,0.4954583468344159
2014-12-08 21:30:00,22329,0,0.5015080892007393
2014-12-08 22:00:00,21979,0,0.5020901452723249
2014-12-08 22:30:00,19387,0,0.44724582030285087
2014-12-08 23:00:00,17494,0,0.42880627883034583
2014-12-08 23:30:00,13745,0,0.4987167058955174
2014-12-09 00:00:00,11339,0,0.5495305157177636
2014-12-09 00:30:00,8699,1,0.5569393733656852
2014-12-09 01:00:00,6796,0,0.529377665953987
2014-12-09 01:30:00,5236,0,0.5441089210646267
2014-12-09 02:00:00,3800,0,0.5364173179296139
2014-12-09 02:30:00,3042,0,0.5447252332801411
2014-12-09 03:00:00,2532,0,0.5375414477654605
2014-12-09 03:30:00,2258,0,0.5383049673214079
2014-12-09 04:00:00,2212,0,0.5382984632457405
2014-12-09 04:30:00,2135,0,0.5519874244062217
2014-12-09 05:00:00,2592,0,0.5324509351807043
2014-12-09 05:30:00,4617,0,0.5249875403147591
2014-12-09 06:00:00,8006,1,0.5578517124332715
2014-12-09 06:30:00,13619,0,0.4911511101340112
2014-12-09 07:00:00,16700,0,0.44717488059640503
2014-12-09 07:30:00,19651,0,0.4588288251704128
2014-12-09 08:00:00,20630,0,0.48850706626893103
2014-12-09 08:30:00,21217,0,0.4869607396851433
2014-12-09 09:00:00,19857,0,0.46737133686698323
2014-12-09 09:30:00,18753,0,0.4405902393590404
2014-12-09 10:00:00,17813,0,0.4332703891512213
2014-12-09 10:30:00,17833,0,0.43258217844980335
2014-12-09 11:00:00,17164,0,0.43727375232189136
2014-12-09 11:30:00,18181,0,0.43615461430937086
2014-12-09 12:00:00,17482,0,0.42809702508801495
2014-12-09 12:30:00,15676,0,0.463742445462139
2014-12-09 13:00:00,16018,0,0.456950458028051
2014-12-09 13:30:00,17066,0,0.43761460278529724
2014-12-09 14:00:00,17654,0,0.43104756023773827
2014-12-09 14:30:00,17696,0,0.43178235004776366
2014-12-09 15:00:00,16781,0,0.4532330144477292
2014-12-09 15:30:00,14189,0,0.496894876343599
2014-12-09 16:00:00,12461,0,0.5327236051844974
2014-12-09 16:30:00,12252,0,0.5323204327471479
2014-12-09 17:00:00,15431,0,0.45948837977808654
2014-12-09 17:30:00,18137,0,0.4364225582571954
2014-12-09 18:00:00,20649,0,0.48977036562407705
2014-12-09 18:30:00,21989,0,0.49944190899805235
2014-12-09 19:00:00,22350,0,0.502640768360828
2014-12-09 19:30:00,22177,0,0.500723488300706
2014-12-09 20:00:00,22991,0,0.501662629750239
2014-12-09 20:30:00,22128,0,0.5011805015168956
2014-12-09 21:00:00,23207,0,0.507592829759886
2014-12-09 21:30:00,23091,0,0.5057228178148836
2014-12-09 22:00:00,22616,0,0.5032032775865165
2014-12-09 22:30:00,21118,0,0.49039685511728465
2014-12-09 23:00:00,19301,0,0.4453200649496689
2014-12-09 23:30:00,16789,0,0.4529264669072444
2014-12-10 00:00:00,14252,0,0.49823639999934566
2014-12-10 00:30:00,10138,0,0.5520766339948056
2014-12-10 01:00:00,7847,1,0.5600298349851456
2014-12-10 01:30:00,5782,0,0.5425363870722353
2014-12-10 02:00:00,4951,0,0.5415201297510482
2014-12-10 02:30:00,3696,0,0.5376753981693663
2014-12-10 03:00:00,2833,0,0.5362265157967462
2014-12-10 03:30:00,2375,0,0.5316290995163657
2014-12-10 04:00:00,2533,0,0.5375414477654605
2014-12-10 04:30:00,2423,0,0.5370035002021981
2014-12-10 05:00:00,2512,0,0.5363357691324914
2014-12-10 05:30:00,4337,0,0.5295025098750814
2014-12-10 06:00:00,6721,0,0.5295456403125671
2014-12-10 06:30:00,11812,0,0.5409713307725508
2014-12-10 07:00:00,16054,0,0.4580199345811589
2014-12-10 07:30:00,19337,0,0.44646477834042364
2014-12-10 08:00:00,21348,0,0.4784738403927807
2014-12-10 08:30:00,21167,0,0.4917631007441651
2014-12-10 09:00:00,20051,0,0.46814826761452605
2014-12-10 09:30:00,18809,0,0.4445823113842209
2014-12-10 10:00:00,17812,0,0.4332703891512213
2014-12-10 10:30:00,17889,0,0.4339488634467844
2014-12-10 11:00:00,17482,0,0.42809702508801495
2014-12-10 11:30:00,18775,0,0.43868960385708006
2014-12-10 12:00:00,18351,0,0.440083124726687
2014-12-10 12:30:00,17604,0,0.43411572915429236
2014-12-10 13:00:00,17729,0,0.43672729415597467
2014-12-10 13:30:00,17499,0,0.4279367881768606
2014-12-10 14:00:00,17558,0,0.4309621751803253
2014-12-10 14:30:00,18070,0,0.436089570611483
2014-12-10 15:00:00,17422,0,0.42664078152208984
2014-12-10 15:30:00,14666,0,0.4757930957259337
2014-12-10 16:00:00,12252,0,0.5323204327471479
2014-12-10 16:30:00,11174,0,0.5492078270297638
2014-12-10 17:00:00,13853,0,0.49484515129097384
2014-12-10 17:30:00,16962,0,0.4370068957949942
2014-12-10 18:00:00,19708,0,0.4652269903285295
2014-12-10 18:30:00,20764,0,0.4896898234805958
2014-12-10 19:00:00,21802,0,0.5051735051457575
2014-12-10 19:30:00,22239,0,0.50255021472148
2014-12-10 20:00:00,22169,0,0.5014015122586164
2014-12-10 20:30:00,23923,0,0.5171547367116509
2014-12-10 21:00:00,24403,0,0.5377760859211042
2014-12-10 21:30:00,24211,0,0.5382613009554843
2014-12-10 22:00:00,23439,0,0.5087125657531176
2014-12-10 22:30:00,23394,0,0.5076496233096952
2014-12-10 23:00:00,21701,0,0.5033972730604102
2014-12-10 23:30:00,19727,0,0.46488436257255644
2014-12-11 00:00:00,17270,0,0.43587726349823663
2014-12-11 00:30:00,13379,0,0.5065395064612621
2014-12-11 01:00:00,10314,0,0.54819841617322
2014-12-11 01:30:00,7470,1,0.5552352533537788
2014-12-11 02:00:00,6039,0,0.5406768964096006
2014-12-11 02:30:00,4322,0,0.5304942569564817
2014-12-11 03:00:00,3461,0,0.5449489253327034
2014-12-11 03:30:00,2872,0,0.5364093495456287
2014-12-11 04:00:00,2854,0,0.5377023079534032
2014-12-11 04:30:00,2422,0,0.5359684091564691
2014-12-11 05:00:00,2578,0,0.5312717626246237
2014-12-11 05:30:00,4513,0,0.5266439342734064
2014-12-11 06:00:00,6672,0,0.5293891397760646
2014-12-11 06:30:00,12358,0,0.5340443940770243
2014-12-11 07:00:00,15790,0,0.46801132152237124
2014-12-11 07:30:00,19441,0,0.4511187306902488
2014-12-11 08:00:00,20920,0,0.49377547341547806
2014-12-11 08:30:00,20665,0,0.4833676288653489
2014-12-11 09:00:00,19708,0,0.4652269903285295
2014-12-11 09:30:00,20066,0,0.46831792567523406
2014-12-11 10:00:00,18424,0,0.4365933548002738
2014-12-11 10:30:00,18403,0,0.43818596649914604
2014-12-11 11:00:00,17621,0,0.4330007493718264
2014-12-11 11:30:00,18994,0,0.4413276370925096
2014-12-11 12:00:00,18845,0,0.44588477458608966
2014-12-11 12:30:00,17937,0,0.43368827860828946
2014-12-11 13:00:00,17974,0,0.4346982185154271
2014-12-11 13:30:00,18671,0,0.4362961752117864
2014-12-11 14:00:00,19082,0,0.4398426629943125
2014-12-11 14:30:00,20224,0,0.48046245412833316
2014-12-11 15:00:00,18966,0,0.44059603615042137
2014-12-11 15:30:00,16165,0,0.458344969123808
2014-12-11 16:00:00,14013,0,0.48699859400815887
2014-12-11 16:30:00,12246,0,0.5318857550156907
2014-12-11 17:00:00,15021,0,0.47120522730072917
2014-12-11 17:30:00,18834,0,0.44544091267814323
2014-12-11 18:00:00,21115,0,0.49039685511728465
2014-12-11 18:30:00,22746,0,0.49691242254625567
2014-12-11 19:00:00,23679,0,0.5072921640103082
2014-12-11 19:30:00,23992,0,0.5232212102473666
2014-12-11 20:00:00,23597,0,0.5072925336405139
2014-12-11 20:30:00,23581,0,0.505229275458682
2014-12-11 21:00:00,24093,0,0.533887372679952
2014-12-11 21:30:00,24130,0,0.5359391425858632
2014-12-11 22:00:00,24027,0,0.5258956346031196
2014-12-11 22:30:00,23575,0,0.5051255897214942
2014-12-11 23:00:00,22502,0,0.49695438420235055
2014-12-11 23:30:00,22049,0,0.5002155869735918
2014-12-12 00:00:00,20667,0,0.4834713195115422
2014-12-12 00:30:00,19265,0,0.44891320468841966
2014-12-12 01:00:00,16192,0,0.45822516437101546
2014-12-12 01:30:00,12814,0,0.524514737136571
2014-12-12 02:00:00,10410,0,0.5483834583775545
2014-12-12 02:30:00,8218,0,0.5520695018933465
2014-12-12 03:00:00,6335,0,0.5314832163121287
2014-12-12 03:30:00,5377,0,0.5460527187015302
2014-12-12 04:00:00,4659,0,0.532001848306127
2014-12-12 04:30:00,3597,0,0.5396064037906567
2014-12-12 05:00:00,3208,0,0.5432008336704699
2014-12-12 05:30:00,4698,0,0.5363843868053998
2014-12-12 06:00:00,6900,0,0.527397833725583
2014-12-12 06:30:00,12308,0,0.5339030904493798
2014-12-12 07:00:00,15444,0,0.458964372589176
2014-12-12 07:30:00,19511,0,0.454356800849042
2014-12-12 08:00:00,20489,0,0.4860205971163498
2014-12-12 08:30:00,20834,0,0.49288876206870236
2014-12-12 09:00:00,19854,0,0.46737133686698323
2014-12-12 09:30:00,18687,0,0.43884185695259903
2014-12-12 10:00:00,18014,0,0.4351280103232316
2014-12-12 10:30:00,18564,0,0.4339450044317162
2014-12-12 11:00:00,18237,0,0.43443562946327896
2014-12-12 11:30:00,18916,0,0.44020998456191046
2014-12-12 12:00:00,18244,0,0.4379526905298129
2014-12-12 12:30:00,16850,0,0.44730224602344354
2014-12-12 13:00:00,17845,0,0.43544821796780603
2014-12-12 13:30:00,18162,0,0.43550489945274395
2014-12-12 14:00:00,19043,0,0.43875361716891265
2014-12-12 14:30:00,19128,0,0.4408181253968806
2014-12-12 15:00:00,18287,0,0.4365690969626974
2014-12-12 15:30:00,15667,0,0.463742445462139
2014-12-12 16:00:00,13938,0,0.49666249421473246
2014-12-12 16:30:00,12626,0,0.5271030012981969
2014-12-12 17:00:00,15807,0,0.46694779259470565
2014-12-12 17:30:00,19375,0,0.44764489498836485
2014-12-12 18:00:00,21905,0,0.5017145416336241
2014-12-12 18:30:00,24008,0,0.5255399411558193
2014-12-12 19:00:00,25410,1,0.562773661165084
2014-12-12 19:30:00,25568,1,0.5575744549704698
2014-12-12 20:00:00,24888,0,0.5454551417977693
2014-12-12 20:30:00,25190,1,0.5623126515713497
2014-12-12 21:00:00,25350,1,0.562209304991014
2014-12-12 21:30:00,25927,1,0.5666849684030393
2014-12-12 22:00:00,26737,1,0.6218415963809292
2014-12-12 22:30:00,26771,1,0.6232470260116937
2014-12-12 23:00:00,26180,1,0.5842898776640751
2014-12-12 23:30:00,25739,1,0.5636829549421661
2014-12-13 00:00:00,24743,0,0.5454797282325491
2014-12-13 00:30:00,24285,0,0.5379603024126827
2014-12-13 01:00:00,22826,0,0.5015052488408911
2014-12-13 01:30:00,21266,0,0.48215883191170095
2014-12-13 02:00:00,19907,0,0.4699173784125763
2014-12-13 02:30:00,17053,0,0.4369968853472367
2014-12-13 03:00:00,14423,0,0.4933887761044224
2014-12-13 03:30:00,12363,0,0.5329193643628188
2014-12-13 04:00:00,10600,0,0.5501501298171461
2014-12-13 04:30:00,6501,0,0.522918286677436
2014-12-13 05:00:00,4211,0,0.5346658997648286
2014-12-13 05:30:00,3425,0,0.547101339048729
2014-12-13 06:00:00,3475,0,0.5435011295802473
2014-12-13 06:30:00,5132,0,0.5479422544842167
2014-12-13 07:00:00,4986,0,0.5446867793404725
2014-12-13 07:30:00,7716,1,0.5576636738593164
2014-12-13 08:00:00,8873,0,0.5506326387921057
2014-12-13 08:30:00,12361,0,0.5329193643628188
2014-12-13 09:00:00,13217,0,0.5099079421304794
2014-12-13 09:30:00,17706,0,0.430377337338136
2014-12-13 10:00:00,19199,0,0.44408403642916505
2014-12-13 10:30:00,21605,0,0.49375887751097564
2014-12-13 11:00:00,22106,0,0.49953804166362875
2014-12-13 11:30:00,23452,0,0.5091589156586077
2014-12-13 12:00:00,24095,0,0.5331654194734844
2014-12-13 12:30:00,24114,0,0.5335262739608079
2014-12-13 13:00:00,24368,0,0.5415023172020066
2014-12-13 13:30:00,23648,0,0.5076223875232707
2014-12-13 14:00:00,22929,0,0.5024164020206843
2014-12-13 14:30:00,22531,0,0.4962716751215011
2014-12-13 15:00:00,21489,0,0.4858067464565779
2014-12-13 15:30:00,19081,0,0.4398426629943125
2014-12-13 16:00:00,15734,0,0.4679032235957779
2014-12-13 16:30:00,13140,0,0.5123637783474624
2014-12-13 17:00:00,15041,0,0.4722146896575245
2014-12-13 17:30:00,17961,0,0.43246921301480024
2014-12-13 18:00:00,20757,0,0.4896898234805958
2014-12-13 18:30:00,22233,0,0.50255021472148
2014-12-13 19:00:00,23550,0,0.5047882557246988
2014-12-13 19:30:00,24311,0,0.5374254490581098
2014-12-13 20:00:00,24320,0,0.536698711461307
2014-12-13 20:30:00,23465,0,0.5091589156586077
2014-12-13 21:00:00,24125,0,0.535214414858142
2014-12-13 21:30:00,24696,0,0.5402287531375846
2014-12-13 22:00:00,24848,0,0.5438975024452268
2014-12-13 22:30:00,25952,1,0.5666984509452424
2014-12-13 23:00:00,26481,1,0.6029990219502604
2014-12-13 23:30:00,26376,1,0.5953410543561688
2014-12-14 00:00:00,26065,1,0.5715593978858011
2014-12-14 00:30:00,25745,1,0.5636829549421661
2014-12-14 01:00:00,24053,0,0.5307177668461396
2014-12-14 01:30:00,22288,0,0.5006390611066439
2014-12-14 02:00:00,21263,0,0.48248516436265
2014-12-14 02:30:00,18637,0,0.4378862399755017
2014-12-14 03:00:00,16106,0,0.45990804745207353
2014-12-14 03:30:00,13609,0,0.49249002015731824
2014-12-14 04:00:00,11786,0,0.5445478792251374
2014-12-14 04:30:00,6978,0,0.5325911941164441
2014-12-14 05:00:00,4468,0,0.5271777763836208
2014-12-14 05:30:00,3728,0,0.5333599077185127
2014-12-14 06:00:00,3611,0,0.541014439891854
2014-12-14 06:30:00,3909,0,0.5360895848048425
2014-12-14 07:00:00,4139,0,0.5415126514642941
2014-12-14 07:30:00,5583,0,0.5477574800626812
2014-12-14 08:00:00,6831,0,0.5278118395122878
2014-12-14 08:30:00,8929,0,0.5524985456704586
2014-12-14 09:00:00,10358,0,0.5477506111433145
2014-12-14 09:30:00,14261,0,0.49851589919954625
2014-12-14 10:00:00,16254,0,0.45675086627024014
2014-12-14 10:30:00,19993,0,0.4719497806638561
2014-12-14 11:00:00,20203,0,0.4752657420855349
2014-12-14 11:30:00,21630,0,0.49760649216612884
2014-12-14 12:00:00,22210,0,0.50255021472148
2014-12-14 12:30:00,22458,0,0.50087595589502
2014-12-14 13:00:00,21793,0,0.5051735051457575
2014-12-14 13:30:00,21177,0,0.48995459877636055
2014-12-14 14:00:00,20831,0,0.49288876206870236
2014-12-14 14:30:00,20577,0,0.48708703614534055
2014-12-14 15:00:00,20293,0,0.4772780086257849
2014-12-14 15:30:00,18839,0,0.44588477458608966
2014-12-14 16:00:00,17406,0,0.42779955912927226
2014-12-14 16:30:00,15292,0,0.45968592004015424
2014-12-14 17:00:00,16443,0,0.45140796833515845
2014-12-14 17:30:00,17727,0,0.43480829212758393
2014-12-14 18:00:00,18988,0,0.4413276370925096
2014-12-14 18:30:00,19533,0,0.45620825257049924
2014-12-14 19:00:00,19548,0,0.4578853599256549
2014-12-14 19:30:00,18055,0,0.43581414959491044
2014-12-14 20:00:00,17006,0,0.4369189198841162
2014-12-14 20:30:00,16671,0,0.45074624448833855
2014-12-14 21:00:00,16007,0,0.4571507989395626
2014-12-14 21:30:00,16344,0,0.45555295155995984
2014-12-14 22:00:00,15913,0,0.4626010269487832
2014-12-14 22:30:00,14327,0,0.49501956024133487
2014-12-14 23:00:00,12060,0,0.5295799862774447
2014-12-14 23:30:00,10952,0,0.5416742960215543
2014-12-15 00:00:00,9228,0,0.550007353422403
2014-12-15 00:30:00,6754,0,0.528378382896394
2014-12-15 01:00:00,5230,0,0.5437409089247535
2014-12-15 01:30:00,4058,0,0.5380865186353755
2014-12-15 02:00:00,3386,0,0.5482418672654152
2014-12-15 02:30:00,2854,0,0.5377023079534032
2014-12-15 03:00:00,2088,1,0.5604370044789189
2014-12-15 03:30:00,2063,1,0.566416709498731
2014-12-15 04:00:00,2573,0,0.5305533463964832
2014-12-15 04:30:00,2606,0,0.5315589448032805
2014-12-15 05:00:00,3027,0,0.5448229945042414
2014-12-15 05:30:00,4795,0,0.5384499235874941
2014-12-15 06:00:00,7029,0,0.5385477523648032
2014-12-15 06:30:00,11534,0,0.5430032997566819
2014-12-15 07:00:00,14434,0,0.4921529752853797
2014-12-15 07:30:00,17808,0,0.4332703891512213
2014-12-15 08:00:00,18371,0,0.4407289753503739
2014-12-15 08:30:00,18743,0,0.43961511566012257
2014-12-15 09:00:00,17992,0,0.43677266605901566
2014-12-15 09:30:00,17405,0,0.42779955912927226
2014-12-15 10:00:00,16508,0,0.45689003096563197
2014-12-15 10:30:00,15778,0,0.4647770024458522
2014-12-15 11:00:00,15424,0,0.45886703316812605
2014-12-15 11:30:00,16627,0,0.45885308131907093
2014-12-15 12:00:00,16484,0,0.45151567933513304
2014-12-15 12:30:00,16637,0,0.45650291840975266
2014-12-15 13:00:00,16135,0,0.4593758009427476
2014-12-15 13:30:00,16513,0,0.4564799992719221
2014-12-15 14:00:00,17025,0,0.43699678295657524
2014-12-15 14:30:00,18231,0,0.43443562946327896
2014-12-15 15:00:00,17722,0,0.43347847120810734
2014-12-15 15:30:00,16477,0,0.45151567933513304
2014-12-15 16:00:00,14298,0,0.49580309657626837
2014-12-15 16:30:00,13229,0,0.5102530556024323
2014-12-15 17:00:00,15523,0,0.4623170753974275
2014-12-15 17:30:00,17795,0,0.4329773434817195
2014-12-15 18:00:00,20424,0,0.4770410990709167
2014-12-15 18:30:00,21017,0,0.4916060549191912
2014-12-15 19:00:00,21475,0,0.48482167593336567
2014-12-15 19:30:00,22549,0,0.49593601806084747
2014-12-15 20:00:00,21924,0,0.5018009148634988
2014-12-15 20:30:00,21131,0,0.4899567530369903
2014-12-15 21:00:00,21393,0,0.4787065072252382
2014-12-15 21:30:00,21577,0,0.4931940163491743
2014-12-15 22:00:00,21019,0,0.4916060549191912
2014-12-15 22:30:00,18908,0,0.4415826068589225
2014-12-15 23:00:00,17370,0,0.4274045253651876
2014-12-15 23:30:00,13782,0,0.49623487287342627
2014-12-16 00:00:00,11608,0,0.5417570526882715
2014-12-16 00:30:00,8753,1,0.5583399567413241
2014-12-16 01:00:00,6959,0,0.5310027268583825
2014-12-16 01:30:00,5332,0,0.5429211149794924
2014-12-16 02:00:00,4417,0,0.5224062580833367
2014-12-16 02:30:00,3812,0,0.5366612117137721
2014-12-16 03:00:00,2785,0,0.5356887671934051
2014-12-16 03:30:00,2230,0,0.5364343601419508
2014-12-16 04:00:00,2383,0,0.5312695281971727
2014-12-16 04:30:00,2206,0,0.5401225737949815
2014-12-16 05:00:00,2455,0,0.5373552191333494
2014-12-16 05:30:00,4355,0,0.5245044846172325
2014-12-16 06:00:00,6534,0,0.5231987859560089
2014-12-16 06:30:00,11684,0,0.5423723505881715
2014-12-16 07:00:00,14785,0,0.4749015200766535
2014-12-16 07:30:00,18872,0,0.4436340989944882
2014-12-16 08:00:00,19244,0,0.4476762108923653
2014-12-16 08:30:00,20521,0,0.48344197900958435
2014-12-16 09:00:00,19197,0,0.4437795626664637
2014-12-16 09:30:00,18299,0,0.437353069685628
2014-12-16 10:00:00,17178,0,0.43737359891767486
2014-12-16 10:30:00,16812,0,0.45009033778946134
2014-12-16 11:00:00,16250,0,0.45603168388681337
2014-12-16 11:30:00,17275,0,0.4347581569922687
2014-12-16 12:00:00,17818,0,0.4329773434817195
2014-12-16 12:30:00,17228,0,0.4366801954382291
2014-12-16 13:00:00,16423,0,0.4503226333156613
2014-12-16 13:30:00,17067,0,0.43761460278529724
2014-12-16 14:00:00,17759,0,0.43599874009448547
2014-12-16 14:30:00,18175,0,0.43615461430937086
2014-12-16 15:00:00,17997,0,0.43677266605901566
2014-12-16 15:30:00,16045,0,0.4567820503287311
2014-12-16 16:00:00,14086,0,0.48849889188472095
2014-12-16 16:30:00,12498,0,0.5319154419744199
2014-12-16 17:00:00,15616,0,0.4653638303668466
2014-12-16 17:30:00,17897,0,0.433509847052091
2014-12-16 18:00:00,20215,0,0.4785290480590006
2014-12-16 18:30:00,21911,0,0.5021405413757553
2014-12-16 19:00:00,22798,0,0.49862359937021583
2014-12-16 19:30:00,24359,0,0.5411360680581587
2014-12-16 20:00:00,23687,0,0.5076355070837355
2014-12-16 20:30:00,23843,0,0.5161267213514366
2014-12-16 21:00:00,23849,0,0.5154287851190195
2014-12-16 21:30:00,24686,0,0.5403045627233269
2014-12-16 22:00:00,23566,0,0.5059847796792601
2014-12-16 22:30:00,22591,0,0.4969344748487068
2014-12-16 23:00:00,20184,0,0.4739637920753732
2014-12-16 23:30:00,17824,0,0.4332573538612352
2014-12-17 00:00:00,14522,0,0.48535233114475046
2014-12-17 00:30:00,10981,0,0.5437810303287558
2014-12-17 01:00:00,8494,1,0.5550091988808606
2014-12-17 01:30:00,6739,0,0.5288404149359869
2014-12-17 02:00:00,5562,0,0.5465041948828607
2014-12-17 02:30:00,4095,0,0.5393293057083516
2014-12-17 03:00:00,3228,0,0.5475828586795303
2014-12-17 03:30:00,2801,0,0.5358100543216004
2014-12-17 04:00:00,2905,0,0.5360731459704143
2014-12-17 04:30:00,2604,0,0.5308934220466371
2014-12-17 05:00:00,2634,0,0.5320566117082168
2014-12-17 05:30:00,4453,0,0.5257445623488688
2014-12-17 06:00:00,6610,0,0.5251598573255326
2014-12-17 06:30:00,11882,0,0.5304260736189834
2014-12-17 07:00:00,15378,0,0.45933142311990993
2014-12-17 07:30:00,18958,0,0.4401493350094743
2014-12-17 08:00:00,20241,0,0.48143866749618813
2014-12-17 08:30:00,20321,0,0.47697048080963267
2014-12-17 09:00:00,19626,0,0.46056606349525603
2014-12-17 09:30:00,18615,0,0.43856422040351534
2014-12-17 10:00:00,17801,0,0.4329773434817195
2014-12-17 10:30:00,17622,0,0.4323676272001333
2014-12-17 11:00:00,17122,0,0.43628871849002865
2014-12-17 11:30:00,18747,0,0.44141043576908073
2014-12-17 12:00:00,18708,0,0.43884185695259903
2014-12-17 12:30:00,18308,0,0.4378838368241717
2014-12-17 13:00:00,17777,0,0.4345435008429349
2014-12-17 13:30:00,17824,0,0.4332573538612352
2014-12-17 14:00:00,18196,0,0.4358596178726031
2014-12-17 14:30:00,18499,0,0.4333487376826325
2014-12-17 15:00:00,18003,0,0.43444347078500123
2014-12-17 15:30:00,16052,0,0.4580199345811589
2014-12-17 16:00:00,13607,0,0.49249002015731824
2014-12-17 16:30:00,12212,0,0.5334275273506389
2014-12-17 17:00:00,14983,0,0.4721713985879842
2014-12-17 17:30:00,18285,0,0.4376146620713448
2014-12-17 18:00:00,20665,0,0.4833676288653489
2014-12-17 18:30:00,21841,0,0.5014518606090773
2014-12-17 19:00:00,23081,0,0.5057228178148836
2014-12-17 19:30:00,22785,0,0.49472422441885644
2014-12-17 20:00:00,24069,0,0.5347072403416371
2014-12-17 20:30:00,24039,0,0.5277724179066443
2014-12-17 21:00:00,25073,0,0.5525475406015855
2014-12-17 21:30:00,24980,0,0.5517151365729307
2014-12-17 22:00:00,24878,0,0.5429111606366581
2014-12-17 22:30:00,23338,0,0.5075213360458136
2014-12-17 23:00:00,22407,0,0.5034515662403735
2014-12-17 23:30:00,20950,0,0.4925499213604906
2014-12-18 00:00:00,18285,0,0.4376146620713448
2014-12-18 00:30:00,14827,0,0.4718903579904751
2014-12-18 01:00:00,10904,0,0.5406948311143821
2014-12-18 01:30:00,8901,0,0.5521248591452107
2014-12-18 02:00:00,6765,0,0.5287359974443541
2014-12-18 02:30:00,5188,0,0.5460699185744908
2014-12-18 03:00:00,3823,0,0.5356866346278143
2014-12-18 03:30:00,3524,0,0.542180445002717
2014-12-18 04:00:00,3414,0,0.5488117443693142
2014-12-18 04:30:00,2681,0,0.5343068265536973
2014-12-18 05:00:00,3079,0,0.5465162666992266
2014-12-18 05:30:00,4828,0,0.540814124744608
2014-12-18 06:00:00,7029,0,0.5385477523648032
2014-12-18 06:30:00,12063,0,0.5295799862774447
2014-12-18 07:00:00,15230,0,0.46411793237029725
2014-12-18 07:30:00,18835,0,0.4451833126014374
2014-12-18 08:00:00,20484,0,0.486678712057195
2014-12-18 08:30:00,20222,0,0.48046245412833316
2014-12-18 09:00:00,19752,0,0.4685000596093517
2014-12-18 09:30:00,18914,0,0.44020998456191046
2014-12-18 10:00:00,18466,0,0.43162471475590897
2014-12-18 10:30:00,18364,0,0.4410289624819759
2014-12-18 11:00:00,17439,0,0.42783845935889414
2014-12-18 11:30:00,19228,0,0.4471147040839193
2014-12-18 12:00:00,19485,0,0.4542372904825089
2014-12-18 12:30:00,18539,0,0.4332939641015355
2014-12-18 13:00:00,18424,0,0.4365933548002738
2014-12-18 13:30:00,18594,0,0.4352858569527922
2014-12-18 14:00:00,19253,0,0.44722816191826475
2014-12-18 14:30:00,19536,0,0.45620825257049924
2014-12-18 15:00:00,19129,0,0.4408181253968806
2014-12-18 15:30:00,16419,0,0.4503226333156613
2014-12-18 16:00:00,14143,0,0.4886654669459836
2014-12-18 16:30:00,12440,0,0.5325954012793221
2014-12-18 17:00:00,15352,0,0.460771045592176
2014-12-18 17:30:00,19402,0,0.4508573633950576
2014-12-18 18:00:00,21772,0,0.5035720829041571
2014-12-18 18:30:00,23309,0,0.507865978007872
2014-12-18 19:00:00,24617,0,0.5374106418567758
2014-12-18 19:30:00,24906,0,0.5499841568379511
2014-12-18 20:00:00,25149,1,0.5607704928816384
2014-12-18 20:30:00,25441,1,0.562773661165084
2014-12-18 21:00:00,26065,1,0.5715593978858011
2014-12-18 21:30:00,25822,1,0.5628753055261332
2014-12-18 22:00:00,25738,1,0.5636829549421661
2014-12-18 22:30:00,24879,0,0.5429111606366581
2014-12-18 23:00:00,24496,0,0.5430332432087498
2014-12-18 23:30:00,23501,0,0.509613542963583
2014-12-19 00:00:00,20698,0,0.48427938686865857
2014-12-19 00:30:00,19243,0,0.4476762108923653
2014-12-19 01:00:00,16900,0,0.4434978912339912
2014-12-19 01:30:00,13421,0,0.5046253186594316
2014-12-19 02:00:00,10585,0,0.5502273316565434
2014-12-19 02:30:00,8512,1,0.552760696115136
2014-12-19 03:00:00,6744,0,0.5295565117031961
2014-12-19 03:30:00,5653,0,0.5449697491903617
2014-12-19 04:00:00,5420,0,0.5489673837253809
2014-12-19 04:30:00,3982,0,0.5420382374947651
2014-12-19 05:00:00,3682,0,0.5376981198637711
2014-12-19 05:30:00,4979,0,0.5439502225552999
2014-12-19 06:00:00,6847,0,0.5270098292868526
2014-12-19 06:30:00,11330,0,0.5491588366417813
2014-12-19 07:00:00,14716,0,0.47248786496117434
2014-12-19 07:30:00,18996,0,0.4413276370925096
2014-12-19 08:00:00,20784,0,0.4908286076440891
2014-12-19 08:30:00,20763,0,0.4896898234805958
2014-12-19 09:00:00,21030,0,0.49118759368087855
2014-12-19 09:30:00,19778,0,0.46655679032976227
2014-12-19 10:00:00,18496,0,0.43455748310791864
2014-12-19 10:30:00,18800,0,0.4411758844232477
2014-12-19 11:00:00,18765,0,0.43994745719116696
2014-12-19 11:30:00,20209,0,0.47885292381687944
2014-12-19 12:00:00,19684,0,0.46308992932121834
2014-12-19 12:30:00,18093,0,0.43313581759148234
2014-12-19 13:00:00,17958,0,0.43305481463791917
2014-12-19 13:30:00,18794,0,0.4397402474928995
2014-12-19 14:00:00,19592,0,0.46108040056599103
2014-12-19 14:30:00,20240,0,0.4807201796185254
2014-12-19 15:00:00,19125,0,0.44085380598146445
2014-12-19 15:30:00,16262,0,0.45664094577079506
2014-12-19 16:00:00,14858,0,0.47074262435824116
2014-12-19 16:30:00,12685,0,0.5261523945121152
2014-12-19 17:00:00,15752,0,0.46620900035313506
2014-12-19 17:30:00,19931,0,0.47172932429215525
2014-12-19 18:00:00,22925,0,0.5033516931199201
2014-12-19 18:30:00,24921,0,0.5508061671598565
2014-12-19 19:00:00,26335,1,0.5985721879119774
2014-12-19 19:30:00,26896,1,0.6400012540269537
2014-12-19 20:00:00,26796,1,0.6240909576929623
2014-12-19 20:30:00,25989,1,0.5678034894348216
2014-12-19 21:00:00,26280,1,0.5978689754556263
2014-12-19 21:30:00,26403,1,0.5965270367985498
2014-12-19 22:00:00,26905,1,0.6400012540269537
2014-12-19 22:30:00,26723,1,0.6188935436959061
2014-12-19 23:00:00,25807,1,0.5610420195380021
2014-12-19 23:30:00,26432,1,0.5991216834415637
2014-12-20 00:00:00,25976,1,0.5674194512963444
2014-12-20 00:30:00,24322,0,0.536698711461307
2014-12-20 01:00:00,22993,0,0.5030221408539535
2014-12-20 01:30:00,21186,0,0.4896232143175584
2014-12-20 02:00:00,19390,0,0.44795053211898755
2014-12-20 02:30:00,16298,0,0.456390687881584
2014-12-20 03:00:00,14308,0,0.4961171526948305
2014-12-20 03:30:00,12289,0,0.5353213195294202
2014-12-20 04:00:00,10822,0,0.5405162558481064
2014-12-20 04:30:00,6612,0,0.5251598573255326
2014-12-20 05:00:00,4648,0,0.5315244082130334
2014-12-20 05:30:00,3998,0,0.5420382374947651
2014-12-20 06:00:00,4080,0,0.5408451745066167
2014-12-20 06:30:00,5139,0,0.5483131101588403
2014-12-20 07:00:00,4833,0,0.5404569943138116
2014-12-20 07:30:00,6360,0,0.5314832163121287
2014-12-20 08:00:00,7568,1,0.5579311049933477
2014-12-20 08:30:00,10329,0,0.5485694452219815
2014-12-20 09:00:00,11646,0,0.5442947680212693
2014-12-20 09:30:00,15228,0,0.46411793237029725
2014-12-20 10:00:00,16173,0,0.45819722916267025
2014-12-20 10:30:00,18920,0,0.439349958322324
2014-12-20 11:00:00,19813,0,0.4630749515685557
2014-12-20 11:30:00,21529,0,0.4915128532860113
2014-12-20 12:00:00,22544,0,0.4956005880243582
2014-12-20 12:30:00,22751,0,0.4969821536086707
2014-12-20 13:00:00,22744,0,0.49691242254625567
2014-12-20 13:30:00,22263,0,0.503654403184294
2014-12-20 14:00:00,22212,0,0.50255021472148
2014-12-20 14:30:00,21906,0,0.5017145416336241
2014-12-20 15:00:00,21744,0,0.5045601643451451
2014-12-20 15:30:00,21173,0,0.4914787123800359
2014-12-20 16:00:00,18061,0,0.4359930932875841
2014-12-20 16:30:00,15360,0,0.46243474781261423
2014-12-20 17:00:00,17470,0,0.42826542847359583
2014-12-20 17:30:00,20909,0,0.49103005730153365
2014-12-20 18:00:00,22562,0,0.4962716751215011
2014-12-20 18:30:00,24471,0,0.539348951705518
2014-12-20 19:00:00,25685,1,0.5589874999376552
2014-12-20 19:30:00,25252,1,0.5563581501596997
2014-12-20 20:00:00,23238,0,0.5069145497477698
2014-12-20 20:30:00,22683,0,0.4964346297298566
2014-12-20 21:00:00,22523,0,0.4956005880243582
2014-12-20 21:30:00,23214,0,0.5082882936109705
2014-12-20 22:00:00,23741,0,0.5077560986427372
2014-12-20 22:30:00,24614,0,0.5374106418567758
2014-12-20 23:00:00,25195,1,0.5619323272021448
2014-12-20 23:30:00,25864,1,0.5640318122597628
2014-12-21 00:00:00,25530,1,0.5581308812933551
2014-12-21 00:30:00,24429,0,0.537851551327303
2014-12-21 01:00:00,22976,0,0.5031334504842175
2014-12-21 01:30:00,21027,0,0.49118759368087855
2014-12-21 02:00:00,19741,0,0.46985054352114647
2014-12-21 02:30:00,17359,0,0.42807797384837554
2014-12-21 03:00:00,15156,0,0.4720908216398034
2014-12-21 03:30:00,12970,0,0.5193964500746234
2014-12-21 04:00:00,11246,0,0.5513635143984593
2014-12-21 04:30:00,6712,0,0.5295456403125671
2014-12-21 05:00:00,4593,0,0.5276379522432537
2014-12-21 05:30:00,3675,0,0.5376981198637711
2014-12-21 06:00:00,3974,0,0.5424050972406468
2014-12-21 06:30:00,3929,0,0.538752774430424
2014-12-21 07:00:00,3922,0,0.5368908281983052
2014-12-21 07:30:00,5061,0,0.5489920161033586
2014-12-21 08:00:00,5995,0,0.5414090208212163
2014-12-21 08:30:00,7813,1,0.5611677149726713
2014-12-21 09:00:00,9237,1,0.552808676335909
2014-12-21 09:30:00,12647,0,0.528605624201022
2014-12-21 10:00:00,13946,0,0.4958091989793122
2014-12-21 10:30:00,18143,0,0.4353170007690983
2014-12-21 11:00:00,18415,0,0.4373429776081889
2014-12-21 11:30:00,19646,0,0.4594648363131314
2014-12-21 12:00:00,20124,0,0.4684398518996094
2014-12-21 12:30:00,21235,0,0.4842350226527216
2014-12-21 13:00:00,20709,0,0.4846071545435434
2014-12-21 13:30:00,20382,0,0.47574053908666386
2014-12-21 14:00:00,20570,0,0.4857234940634041
2014-12-21 14:30:00,20093,0,0.46824320054689145
2014-12-21 15:00:00,19670,0,0.4622685974613961
2014-12-21 15:30:00,19194,0,0.44371729640567725
2014-12-21 16:00:00,17506,0,0.42828651476859136
2014-12-21 16:30:00,15650,0,0.4655221243164621
2014-12-21 17:00:00,17057,0,0.4369968853472367
2014-12-21 17:30:00,19010,0,0.4403355351815361
2014-12-21 18:00:00,19688,0,0.46308992932121834
2014-12-21 18:30:00,19461,0,0.45099348887896057
2014-12-21 19:00:00,19098,0,0.4395451721182221
2014-12-21 19:30:00,17989,0,0.4364772515983226
2014-12-21 20:00:00,16406,0,0.449441030964281
2014-12-21 20:30:00,16716,0,0.44717488059640503
2014-12-21 21:00:00,15983,0,0.45982415095539203
2014-12-21 21:30:00,16304,0,0.45669958005965766
2014-12-21 22:00:00,15546,0,0.4623170753974275
2014-12-21 22:30:00,13653,0,0.4956538473592088
2014-12-21 23:00:00,12018,0,0.529991605396037
2014-12-21 23:30:00,10392,0,0.5473801359191086
2014-12-22 00:00:00,8488,1,0.5550091988808606
2014-12-22 00:30:00,6812,0,0.5285265434972607
2014-12-22 01:00:00,5155,0,0.5468093456158389
2014-12-22 01:30:00,4081,0,0.5408451745066167
2014-12-22 02:00:00,3429,0,0.5456226956951162
2014-12-22 02:30:00,2686,0,0.5355886261712639
2014-12-22 03:00:00,2341,0,0.5405025099516142
2014-12-22 03:30:00,2080,1,0.5628080173396203
2014-12-22 04:00:00,2561,0,0.5341553378333691
2014-12-22 04:30:00,2438,0,0.5358716405174204
2014-12-22 05:00:00,2549,0,0.5374874987369167
2014-12-22 05:30:00,4003,0,0.5404630683261136
2014-12-22 06:00:00,5410,0,0.5489673837253809
2014-12-22 06:30:00,9139,0,0.5507301093047096
2014-12-22 07:00:00,10980,0,0.5437810303287558
2014-12-22 07:30:00,13351,0,0.5075596288465772
2014-12-22 08:00:00,14666,0,0.4757930957259337
2014-12-22 08:30:00,16540,0,0.45761364316990133
2014-12-22 09:00:00,16439,0,0.45110265517826725
2014-12-22 09:30:00,16681,0,0.4505410533594504
2014-12-22 10:00:00,15663,0,0.4625355162995851
2014-12-22 10:30:00,16128,0,0.4593758009427476
2014-12-22 11:00:00,16377,0,0.45651984108258364
2014-12-22 11:30:00,17607,0,0.43411572915429236
2014-12-22 12:00:00,17770,0,0.4345435008429349
2014-12-22 12:30:00,17843,0,0.4329133064137465
2014-12-22 13:00:00,17279,0,0.4347581569922687
2014-12-22 13:30:00,18264,0,0.4391742499673864
2014-12-22 14:00:00,18359,0,0.4410289624819759
2014-12-22 14:30:00,18664,0,0.4365476496858019
2014-12-22 15:00:00,18428,0,0.43629806161809226
2014-12-22 15:30:00,15976,0,0.459110036125228
2014-12-22 16:00:00,13994,0,0.4893969112623713
2014-12-22 16:30:00,12958,0,0.5192714534486326
2014-12-22 17:00:00,15433,0,0.45948837977808654
2014-12-22 17:30:00,17793,0,0.43268449601584885
2014-12-22 18:00:00,19903,0,0.4699173784125763
2014-12-22 18:30:00,20358,0,0.4758598899959405
2014-12-22 19:00:00,20800,0,0.4876886796977778
2014-12-22 19:30:00,19898,0,0.4699173784125763
2014-12-22 20:00:00,18981,0,0.44063334435626583
2014-12-22 20:30:00,19600,0,0.46057565142664086
2014-12-22 21:00:00,19672,0,0.4622685974613961
2014-12-22 21:30:00,20359,0,0.4758598899959405
2014-12-22 22:00:00,19147,0,0.4413522420151594
2014-12-22 22:30:00,17490,0,0.42809702508801495
2014-12-22 23:00:00,14392,0,0.4977905504226119
2014-12-22 23:30:00,12366,0,0.5329193643628188
2014-12-23 00:00:00,10077,1,0.5536833266686944
2014-12-23 00:30:00,8426,1,0.5530972807346775
2014-12-23 01:00:00,7343,0,0.5451326148583723
2014-12-23 01:30:00,5818,0,0.5422042294114789
2014-12-23 02:00:00,4395,0,0.5229092400718167
2014-12-23 02:30:00,3238,0,0.5434583800719706
2014-12-23 03:00:00,2837,0,0.5365894420807468
2014-12-23 03:30:00,2628,0,0.531696751237954
2014-12-23 04:00:00,2815,0,0.5365894420807468
2014-12-23 04:30:00,2524,0,0.5400526214135134
2014-12-23 05:00:00,2749,0,0.530574422713886
2014-12-23 05:30:00,4221,0,0.5352916399716495
2014-12-23 06:00:00,5790,0,0.5416828736254595
2014-12-23 06:30:00,9106,0,0.5514630114160808
2014-12-23 07:00:00,10805,0,0.5419266660955974
2014-12-23 07:30:00,13627,0,0.4931568952700311
2014-12-23 08:00:00,14896,0,0.4713613689664983
2014-12-23 08:30:00,16914,0,0.44219160784622946
2014-12-23 09:00:00,16813,0,0.45009033778946134
2014-12-23 09:30:00,17257,0,0.4356780606021284
2014-12-23 10:00:00,16746,0,0.4522551103004908
2014-12-23 10:30:00,16668,0,0.452430897403763
2014-12-23 11:00:00,16334,0,0.4549095762368952
2014-12-23 11:30:00,17869,0,0.4344342363965602
2014-12-23 12:00:00,18559,0,0.43428762692937634
2014-12-23 12:30:00,18627,0,0.4376659584359896
2014-12-23 13:00:00,18394,0,0.43946153191809784
2014-12-23 13:30:00,19529,0,0.45651702127357213
2014-12-23 14:00:00,18765,0,0.43994745719116696
2014-12-23 14:30:00,19273,0,0.4478406446845759
2014-12-23 15:00:00,18364,0,0.4410289624819759
2014-12-23 15:30:00,16426,0,0.4500180542332312
2014-12-23 16:00:00,13940,0,0.49666249421473246
2014-12-23 16:30:00,12171,0,0.5301239245224688
2014-12-23 17:00:00,14585,0,0.4864892670398796
2014-12-23 17:30:00,16878,0,0.4450497357176177
2014-12-23 18:00:00,19444,0,0.45142405472729163
2014-12-23 18:30:00,20377,0,0.4760625275391421
2014-12-23 19:00:00,20065,0,0.46831792567523406
2014-12-23 19:30:00,19194,0,0.44371729640567725
2014-12-23 20:00:00,18589,0,0.4339866883151625
2014-12-23 20:30:00,17560,0,0.4309621751803253
2014-12-23 21:00:00,17394,0,0.4293784533431421
2014-12-23 21:30:00,18424,0,0.4365933548002738
2014-12-23 22:00:00,16611,0,0.458579847849379
2014-12-23 22:30:00,15547,0,0.4623170753974275
2014-12-23 23:00:00,14391,0,0.4977905504226119
2014-12-23 23:30:00,12687,0,0.5265085024771877
2014-12-24 00:00:00,11488,0,0.5443868638258038
2014-12-24 00:30:00,9158,0,0.5496133936541376
2014-12-24 01:00:00,7484,1,0.5556110450412645
2014-12-24 01:30:00,6303,0,0.5314002422133172
2014-12-24 02:00:00,5454,0,0.5474836970381811
2014-12-24 02:30:00,4400,0,0.5222754120614386
2014-12-24 03:00:00,3409,0,0.5475005030859157
2014-12-24 03:30:00,3301,0,0.5524709520910212
2014-12-24 04:00:00,3479,0,0.5438689794338034
2014-12-24 04:30:00,2809,0,0.535939032043209
2014-12-24 05:00:00,2713,0,0.5339732708383806
2014-12-24 05:30:00,3654,0,0.5399328552303155
2014-12-24 06:00:00,4943,0,0.5425792609439798
2014-12-24 06:30:00,6952,0,0.5310027268583825
2014-12-24 07:00:00,7357,0,0.545957490293759
2014-12-24 07:30:00,9019,0,0.5517293826480167
2014-12-24 08:00:00,9982,1,0.5547683286019874
2014-12-24 08:30:00,12036,0,0.5289688386862753
2014-12-24 09:00:00,13416,0,0.5046253186594316
2014-12-24 09:30:00,16386,0,0.456772221956283
2014-12-24 10:00:00,18242,0,0.4364137279629897
2014-12-24 10:30:00,17436,0,0.4269640949280598
2014-12-24 11:00:00,19281,0,0.4485729293833439
2014-12-24 11:30:00,18939,0,0.43990072309591377
2014-12-24 12:00:00,18558,0,0.43399389324349213
2014-12-24 12:30:00,20400,0,0.47778916339628935
2014-12-24 13:00:00,21494,0,0.48712328794661464
2014-12-24 13:30:00,19961,0,0.47303473868502915
2014-12-24 14:00:00,19618,0,0.4616039729196988
2014-12-24 14:30:00,17870,0,0.43279410048913886
2014-12-24 15:00:00,17549,0,0.42839886578821385
2014-12-24 15:30:00,17387,0,0.42867845376677394
2014-12-24 16:00:00,15882,0,0.46511848748381895
2014-12-24 16:30:00,15280,0,0.46162979850018715
2014-12-24 17:00:00,16907,0,0.4421295643897748
2014-12-24 17:30:00,16821,0,0.4487452936801098
2014-12-24 18:00:00,17096,0,0.4366615408431457
2014-12-24 18:30:00,16830,0,0.44882806281629334
2014-12-24 19:00:00,15846,0,0.465780686723484
2014-12-24 19:30:00,14421,0,0.4933195492251641
2014-12-24 20:00:00,13101,0,0.5152365783115858
2014-12-24 20:30:00,13010,0,0.5161084816619603
2014-12-24 21:00:00,12453,0,0.5333701130134277
2014-12-24 21:30:00,12904,0,0.5231465649033675
2014-12-24 22:00:00,12563,0,0.5283819610714313
2014-12-24 22:30:00,12915,0,0.5227927308099276
2014-12-24 23:00:00,12169,0,0.5301239245224688
2014-12-24 23:30:00,11420,0,0.5484542058533629
2014-12-25 00:00:00,10665,0,0.54988716410086
2014-12-25 00:30:00,9890,1,0.5558955181540334
2014-12-25 01:00:00,8488,1,0.5550091988808606
2014-12-25 01:30:00,7209,0,0.5396234360791794
2014-12-25 02:00:00,6240,0,0.5374344723015495
2014-12-25 02:30:00,5143,0,0.5478653732616822
2014-12-25 03:00:00,4003,0,0.5404630683261136
2014-12-25 03:30:00,3414,0,0.5488117443693142
2014-12-25 04:00:00,3206,0,0.5423901733714991
2014-12-25 04:30:00,2193,0,0.5420004429661528
2014-12-25 05:00:00,1801,1,0.6324896846723389
2014-12-25 05:30:00,1756,1,0.6354923265276052
2014-12-25 06:00:00,2144,0,0.5492311045649226
2014-12-25 06:30:00,2710,0,0.5339732708383806
2014-12-25 07:00:00,2637,0,0.531696751237954
2014-12-25 07:30:00,3029,0,0.5436752583523454
2014-12-25 08:00:00,2926,0,0.539221171364515
2014-12-25 08:30:00,3485,0,0.5435011295802473
2014-12-25 09:00:00,4195,0,0.5355713065757773
2014-12-25 09:30:00,5410,0,0.5489673837253809
2014-12-25 10:00:00,6572,0,0.5236789221085612
2014-12-25 10:30:00,7857,1,0.5604088717186027
2014-12-25 11:00:00,8586,1,0.5563380000124506
2014-12-25 11:30:00,9599,1,0.5619456632075923
2014-12-25 12:00:00,10158,0,0.5499171702184521
2014-12-25 12:30:00,10843,0,0.5405921057787234
2014-12-25 13:00:00,10618,0,0.5505224798154679
2014-12-25 13:30:00,11206,0,0.5495350589412076
2014-12-25 14:00:00,11176,0,0.5492078270297638
2014-12-25 14:30:00,12218,0,0.5330667396513239
2014-12-25 15:00:00,12039,0,0.5293268528637192
2014-12-25 15:30:00,11754,0,0.5445478792251374
2014-12-25 16:00:00,11282,0,0.5489656981017433
2014-12-25 16:30:00,10380,0,0.5488635419545658
2014-12-25 17:00:00,10642,0,0.54988716410086
2014-12-25 17:30:00,10788,0,0.5399882167604059
2014-12-25 18:00:00,10786,0,0.5396229916897204
2014-12-25 18:30:00,11433,0,0.548825408024481
2014-12-25 19:00:00,11262,0,0.5486494649018119
2014-12-25 19:30:00,10510,0,0.5504049963004187
2014-12-25 20:00:00,9827,1,0.5600207265550798
2014-12-25 20:30:00,10446,0,0.5497924317835224
2014-12-25 21:00:00,10164,0,0.5511118290307419
2014-12-25 21:30:00,11279,0,0.5489656981017433
2014-12-25 22:00:00,10756,0,0.5417260040605181
2014-12-25 22:30:00,10622,0,0.5505224798154679
2014-12-25 23:00:00,8270,0,0.5494717007376054
2014-12-25 23:30:00,7685,1,0.5565875061708858
2014-12-26 00:00:00,6540,0,0.5231987859560089
2014-12-26 00:30:00,5312,0,0.5424984445604771
2014-12-26 01:00:00,4573,0,0.5306950200871481
2014-12-26 01:30:00,3322,0,0.5484364251074588
2014-12-26 02:00:00,2840,0,0.5362803382571283
2014-12-26 02:30:00,2294,0,0.5384556475998582
2014-12-26 03:00:00,1888,1,0.6033879021752743
2014-12-26 03:30:00,1628,1,0.6560634189524533
2014-12-26 04:00:00,1962,1,0.5873083956448306
2014-12-26 04:30:00,1541,1,0.6626890572913768
2014-12-26 05:00:00,1459,1,0.6668302276870978
2014-12-26 05:30:00,1993,1,0.5761123076113924
2014-12-26 06:00:00,2763,0,0.5341763881111573
2014-12-26 06:30:00,3830,0,0.5385694907062476
2014-12-26 07:00:00,4376,0,0.5226926652929565
2014-12-26 07:30:00,5533,0,0.5468740772568139
2014-12-26 08:00:00,6342,0,0.5314832163121287
2014-12-26 08:30:00,7425,0,0.5513719296024161
2014-12-26 09:00:00,8473,1,0.5536717837182248
2014-12-26 09:30:00,9288,1,0.5535572282521941
2014-12-26 10:00:00,10259,0,0.5513126514214697
2014-12-26 10:30:00,10994,0,0.543413239960235
2014-12-26 11:00:00,11708,0,0.5433780065051387
2014-12-26 11:30:00,13105,0,0.5152365783115858
2014-12-26 12:00:00,13577,0,0.49380146309070017
2014-12-26 12:30:00,14110,0,0.48690216068044273
2014-12-26 13:00:00,14559,0,0.48578717130144505
2014-12-26 13:30:00,14063,0,0.4856978526042438
2014-12-26 14:00:00,14506,0,0.4859135804927699
2014-12-26 14:30:00,15863,0,0.46606352466875767
2014-12-26 15:00:00,16608,0,0.4588902216843062
2014-12-26 15:30:00,15959,0,0.45821580026947756
2014-12-26 16:00:00,15481,0,0.4590602824218722
2014-12-26 16:30:00,14491,0,0.4873280816572585
2014-12-26 17:00:00,15597,0,0.46483896473752545
2014-12-26 17:30:00,16349,0,0.45555295155995984
2014-12-26 18:00:00,16711,0,0.4474775353755558
2014-12-26 18:30:00,16708,0,0.4474775353755558
2014-12-26 19:00:00,18113,0,0.43454625731005037
2014-12-26 19:30:00,16700,0,0.44717488059640503
2014-12-26 20:00:00,15087,0,0.4740280166111492
2014-12-26 20:30:00,15282,0,0.46194223658823036
2014-12-26 21:00:00,14797,0,0.4738337113222096
2014-12-26 21:30:00,14744,0,0.4744386495861359
2014-12-26 22:00:00,15618,0,0.4653638303668466
2014-12-26 22:30:00,16172,0,0.45819722916267025
2014-12-26 23:00:00,14863,0,0.47161421253175656
2014-12-26 23:30:00,13696,0,0.4988065011903408
2014-12-27 00:00:00,13396,0,0.5074248323051106
2014-12-27 00:30:00,12040,0,0.5293268528637192
2014-12-27 01:00:00,11298,0,0.549337246458616
2014-12-27 01:30:00,10005,1,0.5535568803717545
2014-12-27 02:00:00,9368,1,0.555878210657631
2014-12-27 02:30:00,8002,1,0.5578517124332715
2014-12-27 03:00:00,7493,1,0.5560651120027381
2014-12-27 03:30:00,6509,0,0.5231987859560089
2014-12-27 04:00:00,5928,0,0.5404617712927443
2014-12-27 04:30:00,4158,0,0.5384553498253336
2014-12-27 05:00:00,2648,0,0.5339777041352815
2014-12-27 05:30:00,2313,0,0.5409901047063026
2014-12-27 06:00:00,2391,0,0.5316085987649696
2014-12-27 06:30:00,2821,0,0.5362265157967462
2014-12-27 07:00:00,2967,0,0.5473854522983312
2014-12-27 07:30:00,4013,0,0.5415068396996017
2014-12-27 08:00:00,4505,0,0.5265274233525993
2014-12-27 08:30:00,6117,0,0.5430264980876217
2014-12-27 09:00:00,7591,1,0.5583870679980738
2014-12-27 09:30:00,9467,1,0.5610053056867791
2014-12-27 10:00:00,10065,1,0.5536833266686944
2014-12-27 10:30:00,11788,0,0.5445478792251374
2014-12-27 11:00:00,12882,0,0.5226724892450145
2014-12-27 11:30:00,14317,0,0.49501956024133487
2014-12-27 12:00:00,15130,0,0.47302105966527264
2014-12-27 12:30:00,15345,0,0.4636608799442949
2014-12-27 13:00:00,17040,0,0.43726559843927426
2014-12-27 13:30:00,16684,0,0.45017315434420513
2014-12-27 14:00:00,16291,0,0.4570086813006685
2014-12-27 14:30:00,17065,0,0.4372572591420905
2014-12-27 15:00:00,17860,0,0.43563667759382846
2014-12-27 15:30:00,17447,0,0.4271832454954109
2014-12-27 16:00:00,16199,0,0.45828946650170715
2014-12-27 16:30:00,14999,0,0.4717472939455393
2014-12-27 17:00:00,15570,0,0.4635826507849686
2014-12-27 17:30:00,17132,0,0.437052039745598
2014-12-27 18:00:00,17710,0,0.43139748150311086
2014-12-27 18:30:00,18132,0,0.4367179357006009
2014-12-27 19:00:00,18627,0,0.4376659584359896
2014-12-27 19:30:00,17430,0,0.42664078152208984
2014-12-27 20:00:00,16148,0,0.45964057816171233
2014-12-27 20:30:00,15807,0,0.46694779259470565
2014-12-27 21:00:00,16121,0,0.4593758009427476
2014-12-27 21:30:00,17054,0,0.4369968853472367
2014-12-27 22:00:00,18095,0,0.43230093475327996
2014-12-27 22:30:00,17628,0,0.43153422507294154
2014-12-27 23:00:00,17414,0,0.42766256872184605
2014-12-27 23:30:00,17594,0,0.43273550873940914
2014-12-28 00:00:00,16514,0,0.45663592685120014
2014-12-28 00:30:00,15556,0,0.4638034366088853
2014-12-28 01:00:00,14465,0,0.4908157255105512
2014-12-28 01:30:00,12810,0,0.524514737136571
2014-12-28 02:00:00,12680,0,0.5257965274033293
2014-12-28 02:30:00,11121,0,0.5461818654929012
2014-12-28 03:00:00,9850,1,0.5584396524606863
2014-12-28 03:30:00,9033,0,0.5517293826480167
2014-12-28 04:00:00,8122,1,0.5527268268346288
2014-12-28 04:30:00,5228,0,0.5437409089247535
2014-12-28 05:00:00,3452,0,0.5448407729517089
2014-12-28 05:30:00,2937,0,0.5404993133201317
2014-12-28 06:00:00,2764,0,0.5341763881111573
2014-12-28 06:30:00,3090,0,0.5435664067204468
2014-12-28 07:00:00,3109,0,0.5435664067204468
2014-12-28 07:30:00,4300,0,0.5320562933110868
2014-12-28 08:00:00,5130,0,0.5479422544842167
2014-12-28 08:30:00,6652,0,0.5283992240671114
2014-12-28 09:00:00,7486,1,0.5556110450412645
2014-12-28 09:30:00,9812,1,0.5600207265550798
2014-12-28 10:00:00,10911,0,0.5406948311143821
2014-12-28 10:30:00,13280,0,0.5080756239226368
2014-12-28 11:00:00,13191,0,0.5113393698503551
2014-12-28 11:30:00,14218,0,0.5016353543477781
2014-12-28 12:00:00,14878,0,0.4712952327304167
2014-12-28 12:30:00,15665,0,0.463742445462139
2014-12-28 13:00:00,15911,0,0.4626010269487832
2014-12-28 13:30:00,15002,0,0.4701541014792149
2014-12-28 14:00:00,15102,0,0.4729810677221999
2014-12-28 14:30:00,15658,0,0.4625355162995851
2014-12-28 15:00:00,15756,0,0.4664777161242238
2014-12-28 15:30:00,16645,0,0.4569034590061629
2014-12-28 16:00:00,16464,0,0.4516155915243657
2014-12-28 16:30:00,15288,0,0.4607006999687937
2014-12-28 17:00:00,15988,0,0.45949622253250194
2014-12-28 17:30:00,16608,0,0.4588902216843062
2014-12-28 18:00:00,16556,0,0.4583251499726726
2014-12-28 18:30:00,16635,0,0.45650291840975266
2014-12-28 19:00:00,16446,0,0.45140796833515845
2014-12-28 19:30:00,15796,0,0.4675800812687342
2014-12-28 20:00:00,14951,0,0.4731152760608271
2014-12-28 20:30:00,14373,0,0.4943741673215785
2014-12-28 21:00:00,13695,0,0.4988065011903408
2014-12-28 21:30:00,14411,0,0.4959551359849538
2014-12-28 22:00:00,14035,0,0.4859916904128909
2014-12-28 22:30:00,12954,0,0.5207830598434238
2014-12-28 23:00:00,11239,0,0.5513635143984593
2014-12-28 23:30:00,10461,0,0.551291201881899
2014-12-29 00:00:00,8548,1,0.5562599407913679
2014-12-29 00:30:00,6766,0,0.5294519528210302
2014-12-29 01:00:00,5087,0,0.5486842168342405
2014-12-29 01:30:00,4353,0,0.5245044846172325
2014-12-29 02:00:00,3646,0,0.5399328552303155
2014-12-29 02:30:00,2857,0,0.5391594869713411
2014-12-29 03:00:00,2484,0,0.5381657587131325
2014-12-29 03:30:00,2105,1,0.5576547559290275
2014-12-29 04:00:00,2270,0,0.541248168288539
2014-12-29 04:30:00,2033,1,0.5680655563870177
2014-12-29 05:00:00,2123,0,0.5520969954170424
2014-12-29 05:30:00,2886,0,0.5347658028706612
2014-12-29 06:00:00,4249,0,0.5342631130043662
2014-12-29 06:30:00,6400,0,0.5304374170451805
2014-12-29 07:00:00,6953,0,0.5310027268583825
2014-12-29 07:30:00,8715,1,0.5580709740905551
2014-12-29 08:00:00,9590,1,0.5620245202985746
2014-12-29 08:30:00,12167,0,0.5301239245224688
2014-12-29 09:00:00,12436,0,0.5325954012793221
2014-12-29 09:30:00,13052,0,0.5170633661397733
2014-12-29 10:00:00,13503,0,0.4988407592070674
2014-12-29 10:30:00,13798,0,0.49623487287342627
2014-12-29 11:00:00,14277,0,0.4974551274479717
2014-12-29 11:30:00,15344,0,0.46397469269923597
2014-12-29 12:00:00,15677,0,0.4640563134218665
2014-12-29 12:30:00,16534,0,0.45761364316990133
2014-12-29 13:00:00,16220,0,0.45668158284713883
2014-12-29 13:30:00,16650,0,0.4569034590061629
2014-12-29 14:00:00,17395,0,0.4293784533431421
2014-12-29 14:30:00,17895,0,0.433509847052091
2014-12-29 15:00:00,17701,0,0.43066862328382655
2014-12-29 15:30:00,17989,0,0.4364772515983226
2014-12-29 16:00:00,16737,0,0.4513380724425802
2014-12-29 16:30:00,15371,0,0.4614711820854154
2014-12-29 17:00:00,17519,0,0.4280209415572998
2014-12-29 17:30:00,18500,0,0.4333487376826325
2014-12-29 18:00:00,20064,0,0.46751521060624723
2014-12-29 18:30:00,20153,0,0.4719140332255991
2014-12-29 19:00:00,20364,0,0.4758598899959405
2014-12-29 19:30:00,18808,0,0.44421927810826495
2014-12-29 20:00:00,17718,0,0.43171541226546045
2014-12-29 20:30:00,16678,0,0.4499769666730271
2014-12-29 21:00:00,17523,0,0.42889060319533173
2014-12-29 21:30:00,17397,0,0.42827092712005016
2014-12-29 22:00:00,16308,0,0.4553391479631681
2014-12-29 22:30:00,15954,0,0.45887119854124137
2014-12-29 23:00:00,14488,0,0.48594279496494447
2014-12-29 23:30:00,12738,0,0.523163267900148
2014-12-30 00:00:00,11042,0,0.5456237194345707
2014-12-30 00:30:00,8774,1,0.5564320915561038
2014-12-30 01:00:00,7267,0,0.5403306997632353
2014-12-30 01:30:00,5704,0,0.5451144492973492
2014-12-30 02:00:00,4749,0,0.5382784695890204
2014-12-30 02:30:00,3932,0,0.538752774430424
2014-12-30 03:00:00,3336,0,0.5490700647013268
2014-12-30 03:30:00,3023,0,0.5448229945042414
2014-12-30 04:00:00,3059,0,0.5446811458423163
2014-12-30 04:30:00,2399,0,0.5338459630732107
2014-12-30 05:00:00,2091,1,0.5604370044789189
2014-12-30 05:30:00,3019,0,0.5448229945042414
2014-12-30 06:00:00,4208,0,0.5343042744830655
2014-12-30 06:30:00,6505,0,0.5228449165424693
2014-12-30 07:00:00,7026,0,0.5369415195149467
2014-12-30 07:30:00,8953,0,0.551806806101873
2014-12-30 08:00:00,10186,0,0.5488369646600051
2014-12-30 08:30:00,13046,0,0.5160667103262373
2014-12-30 09:00:00,13519,0,0.49992445788241385
2014-12-30 09:30:00,14319,0,0.49501956024133487
2014-12-30 10:00:00,14433,0,0.4921529752853797
2014-12-30 10:30:00,15570,0,0.4635826507849686
2014-12-30 11:00:00,15690,0,0.4657455423375761
2014-12-30 11:30:00,17265,0,0.4351936442683039
2014-12-30 12:00:00,17830,0,0.43360104803458055
2014-12-30 12:30:00,18552,0,0.43399389324349213
2014-12-30 13:00:00,19340,0,0.44646477834042364
2014-12-30 13:30:00,19070,0,0.4405278166130856
2014-12-30 14:00:00,18866,0,0.44327184000181186
2014-12-30 14:30:00,18709,0,0.43884185695259903
2014-12-30 15:00:00,18906,0,0.4415826068589225
2014-12-30 15:30:00,18178,0,0.4358596178726031
2014-12-30 16:00:00,16420,0,0.4503226333156613
2014-12-30 16:30:00,15066,0,0.4730770378307971
2014-12-30 17:00:00,17023,0,0.43699678295657524
2014-12-30 17:30:00,19201,0,0.4444829334890515
2014-12-30 18:00:00,20950,0,0.4925499213604906
2014-12-30 18:30:00,22321,0,0.5017479191922531
2014-12-30 19:00:00,22549,0,0.49593601806084747
2014-12-30 19:30:00,21405,0,0.48051187394703343
2014-12-30 20:00:00,20209,0,0.47885292381687944
2014-12-30 20:30:00,19574,0,0.4575291629069223
2014-12-30 21:00:00,20294,0,0.4772780086257849
2014-12-30 21:30:00,20054,0,0.46751521060624723
2014-12-30 22:00:00,19779,0,0.4656574875210981
2014-12-30 22:30:00,18396,0,0.43946153191809784
2014-12-30 23:00:00,17966,0,0.43246921301480024
2014-12-30 23:30:00,15892,0,0.4634547778358991
2014-12-31 00:00:00,14294,0,0.49652910822350776
2014-12-31 00:30:00,12150,0,0.5281828034794468
2014-12-31 01:00:00,10423,0,0.5497924317835224
2014-12-31 01:30:00,8229,0,0.5516961055550673
2014-12-31 02:00:00,7068,0,0.5373368360372067
2014-12-31 02:30:00,5572,0,0.5454618121729978
2014-12-31 03:00:00,4669,0,0.5336052136404767
2014-12-31 03:30:00,3922,0,0.5368908281983052
2014-12-31 04:00:00,4120,0,0.541392851095307
2014-12-31 04:30:00,2786,0,0.5356887671934051
2014-12-31 05:00:00,2265,0,0.5405162613909679
2014-12-31 05:30:00,2825,0,0.533618013711235
2014-12-31 06:00:00,3705,0,0.5373117373908398
2014-12-31 06:30:00,5745,0,0.5448091575512365
2014-12-31 07:00:00,6334,0,0.5314832163121287
2014-12-31 07:30:00,8324,0,0.5513425011280629
2014-12-31 08:00:00,9449,1,0.5606258655507451
2014-12-31 08:30:00,11877,0,0.532091666613372
2014-12-31 09:00:00,11917,0,0.5317210032797136
2014-12-31 09:30:00,12621,0,0.5271030012981969
2014-12-31 10:00:00,13294,0,0.5083419152010269
2014-12-31 10:30:00,13850,0,0.49484515129097384
2014-12-31 11:00:00,15128,0,0.47302105966527264
2014-12-31 11:30:00,16996,0,0.4367329439431799
2014-12-31 12:00:00,16815,0,0.4487452936801098
2014-12-31 12:30:00,17275,0,0.4347581569922687
2014-12-31 13:00:00,18553,0,0.43399389324349213
2014-12-31 13:30:00,18607,0,0.4372829666793138
2014-12-31 14:00:00,18703,0,0.43884185695259903
2014-12-31 14:30:00,18970,0,0.4406578644088883
2014-12-31 15:00:00,19316,0,0.4447889259952169
2014-12-31 15:30:00,18542,0,0.4332939641015355
2014-12-31 16:00:00,17583,0,0.4322863871796884
2014-12-31 16:30:00,16607,0,0.4588902216843062
2014-12-31 17:00:00,17991,0,0.4364772515983226
2014-12-31 17:30:00,18983,0,0.44063334435626583
2014-12-31 18:00:00,20014,0,0.4757605630282481
2014-12-31 18:30:00,20943,0,0.49221678153584
2014-12-31 19:00:00,22114,0,0.49953804166362875
2014-12-31 19:30:00,24368,0,0.5415023172020066
2014-12-31 20:00:00,25524,1,0.5588082231284309
2014-12-31 20:30:00,26779,1,0.6228254882224152
2014-12-31 21:00:00,27804,1,0.6913371004168318
2014-12-31 21:30:00,27315,1,0.6702192825378928
2014-12-31 22:00:00,25417,1,0.562773661165084
2014-12-31 22:30:00,23177,0,0.5071986066984974
2014-12-31 23:00:00,21826,0,0.5014225351600631
2014-12-31 23:30:00,14152,0,0.49160869223311887
2015-01-01 00:00:00,22153,0,0.5014015122586164
2015-01-01 00:30:00,29547,1,0.7151700531696522
2015-01-01 01:00:00,30236,1,0.7190515425109255
2015-01-01 01:30:00,28348,1,0.7061061488096604
2015-01-01 02:00:00,26264,1,0.593754208529103
2015-01-01 02:30:00,25243,1,0.5576317770384738
2015-01-01 03:00:00,23117,0,0.5062095629752487
2015-01-01 03:30:00,21017,0,0.4916060549191912
2015-01-01 04:00:00,18170,0,0.4347584271820012
2015-01-01 04:30:00,12629,0,0.5274597526484401
2015-01-01 05:00:00,8899,0,0.5521248591452107
2015-01-01 05:30:00,6999,0,0.5336733237164386
2015-01-01 06:00:00,5750,0,0.5448091575512365
2015-01-01 06:30:00,5381,0,0.5457381635313923
2015-01-01 07:00:00,5056,0,0.548249637529463
2015-01-01 07:30:00,4930,0,0.5436376815229051
2015-01-01 08:00:00,4624,0,0.5254591086872512
2015-01-01 08:30:00,4726,0,0.5381264966212218
2015-01-01 09:00:00,5505,0,0.5453195241536579
2015-01-01 09:30:00,6510,0,0.5231987859560089
2015-01-01 10:00:00,7705,1,0.5576636738593164
2015-01-01 10:30:00,10007,1,0.5535568803717545
2015-01-01 11:00:00,11405,0,0.5472391310000999
2015-01-01 11:30:00,13562,0,0.49663720273491485
2015-01-01 12:00:00,14537,0,0.4843964035916899
2015-01-01 12:30:00,15296,0,0.4604102333480899
2015-01-01 13:00:00,15376,0,0.4620496778068899
2015-01-01 13:30:00,16302,0,0.45669958005965766
2015-01-01 14:00:00,16066,0,0.4569421969928329
2015-01-01 14:30:00,16485,0,0.45151567933513304
2015-01-01 15:00:00,16887,0,0.44595283038764927
2015-01-01 15:30:00,16430,0,0.44970291507801213
2015-01-01 16:00:00,16044,0,0.4567820503287311
2015-01-01 16:30:00,14655,0,0.4805073763725745
2015-01-01 17:00:00,15514,0,0.4627671217435791
2015-01-01 17:30:00,16184,0,0.4580873475888724
2015-01-01 18:00:00,16280,0,0.45654534009328196
2015-01-01 18:30:00,16550,0,0.4573041327584037
2015-01-01 19:00:00,15626,0,0.46577214562321384
2015-01-01 19:30:00,14304,0,0.49580309657626837
2015-01-01 20:00:00,13741,0,0.49939201249228765
2015-01-01 20:30:00,13578,0,0.49380146309070017
2015-01-01 21:00:00,13326,0,0.507311150107643
2015-01-01 21:30:00,13560,0,0.49663720273491485
2015-01-01 22:00:00,12730,0,0.523279034394678
2015-01-01 22:30:00,12533,0,0.5304137159028027
2015-01-01 23:00:00,10673,0,0.5490220864766621
2015-01-01 23:30:00,9947,1,0.5536434246526217
2015-01-02 00:00:00,8258,0,0.5497112676073121
2015-01-02 00:30:00,8343,1,0.5528366452157071
2015-01-02 01:00:00,6326,0,0.5314832163121287
2015-01-02 01:30:00,4485,0,0.527531652128422
2015-01-02 02:00:00,3991,0,0.5416716258772174
2015-01-02 02:30:00,3126,0,0.5456461638173075
2015-01-02 03:00:00,2794,0,0.5364894115219498
2015-01-02 03:30:00,2296,0,0.5384556475998582
2015-01-02 04:00:00,2506,0,0.5376881023200393
2015-01-02 04:30:00,2012,1,0.5734811385779158
2015-01-02 05:00:00,1955,1,0.5877058949241735
2015-01-02 05:30:00,2486,0,0.5354959044617702
2015-01-02 06:00:00,3774,0,0.5329476045014657
2015-01-02 06:30:00,5344,0,0.5436562782618476
2015-01-02 07:00:00,5956,0,0.5430616181396708
2015-01-02 07:30:00,7314,0,0.5444111473748837
2015-01-02 08:00:00,8030,1,0.5589851668671797
2015-01-02 08:30:00,10085,1,0.5536833266686944
2015-01-02 09:00:00,10867,0,0.5397853386846255
2015-01-02 09:30:00,11830,0,0.5408633100162088
2015-01-02 10:00:00,12507,0,0.5319154419744199
2015-01-02 10:30:00,13943,0,0.49666249421473246
2015-01-02 11:00:00,14115,0,0.4865728407609855
2015-01-02 11:30:00,15399,0,0.4585713373300027
2015-01-02 12:00:00,16521,0,0.45673273646377877
2015-01-02 12:30:00,16913,0,0.44219160784622946
2015-01-02 13:00:00,16207,0,0.45756848956542145
2015-01-02 13:30:00,17068,0,0.43761460278529724
2015-01-02 14:00:00,17756,0,0.43599874009448547
2015-01-02 14:30:00,17887,0,0.4342997938863414
2015-01-02 15:00:00,17936,0,0.43368827860828946
2015-01-02 15:30:00,18259,0,0.43913687350473235
2015-01-02 16:00:00,16710,0,0.4474775353755558
2015-01-02 16:30:00,15525,0,0.4629430936701758
2015-01-02 17:00:00,17440,0,0.42783845935889414
2015-01-02 17:30:00,19523,0,0.45678015073545236
2015-01-02 18:00:00,20137,0,0.4709075864979154
2015-01-02 18:30:00,20936,0,0.49288328665925535
2015-01-02 19:00:00,21998,0,0.49977993889916145
2015-01-02 19:30:00,19934,0,0.47172932429215525
2015-01-02 20:00:00,18302,0,0.437353069685628
2015-01-02 20:30:00,17815,0,0.4332703891512213
2015-01-02 21:00:00,17366,0,0.4274045253651876
2015-01-02 21:30:00,17518,0,0.4280209415572998
2015-01-02 22:00:00,19508,0,0.454356800849042
2015-01-02 22:30:00,19720,0,0.4654874984149503
2015-01-02 23:00:00,18658,0,0.4368431117929942
2015-01-02 23:30:00,19337,0,0.44646477834042364
2015-01-03 00:00:00,18085,0,0.43342897051867857
2015-01-03 00:30:00,16661,0,0.45388690818933813
2015-01-03 01:00:00,15624,0,0.46577214562321384
2015-01-03 01:30:00,14177,0,0.49463112717010205
2015-01-03 02:00:00,12850,0,0.5231912798962389
2015-01-03 02:30:00,11509,0,0.5452552315963856
2015-01-03 03:00:00,10329,0,0.5485694452219815
2015-01-03 03:30:00,8830,0,0.5521248591452107
2015-01-03 04:00:00,7903,1,0.5611155331424474
2015-01-03 04:30:00,4497,0,0.5268837851429107
2015-01-03 05:00:00,3189,0,0.5394949074883241
2015-01-03 05:30:00,2793,0,0.5364894115219498
2015-01-03 06:00:00,2810,0,0.535939032043209
2015-01-03 06:30:00,3696,0,0.5376753981693663
2015-01-03 07:00:00,3707,0,0.5373117373908398
2015-01-03 07:30:00,4758,0,0.5386427846666423
2015-01-03 08:00:00,5334,0,0.5429211149794924
2015-01-03 08:30:00,7736,1,0.5572864938609715
2015-01-03 09:00:00,9130,0,0.5521543200070399
2015-01-03 09:30:00,11189,0,0.5499515030771204
2015-01-03 10:00:00,11887,0,0.5307850740752542
2015-01-03 10:30:00,14095,0,0.48849889188472095
2015-01-03 11:00:00,14737,0,0.47376831213959947
2015-01-03 11:30:00,16826,0,0.4484615625804251
2015-01-03 12:00:00,18143,0,0.4353170007690983
2015-01-03 12:30:00,20074,0,0.4685969613379464
2015-01-03 13:00:00,21386,0,0.47844986131257705
2015-01-03 13:30:00,21466,0,0.4855754863271469
2015-01-03 14:00:00,21368,0,0.4809653834937909
2015-01-03 14:30:00,21695,0,0.5040283269159324
2015-01-03 15:00:00,21529,0,0.4915128532860113
2015-01-03 15:30:00,20273,0,0.4817047007199315
2015-01-03 16:00:00,19355,0,0.4468031146045188
2015-01-03 16:30:00,17061,0,0.4372572591420905
2015-01-03 17:00:00,18676,0,0.4373270621070396
2015-01-03 17:30:00,21073,0,0.49165413439624717
2015-01-03 18:00:00,22091,0,0.5003348697364293
2015-01-03 18:30:00,23100,0,0.5073092698911711
2015-01-03 19:00:00,23801,0,0.5131840684483426
2015-01-03 19:30:00,22393,0,0.5034515662403735
2015-01-03 20:00:00,18954,0,0.4401493350094743
2015-01-03 20:30:00,18005,0,0.43444347078500123
2015-01-03 21:00:00,19333,0,0.4460121271372493
2015-01-03 21:30:00,18891,0,0.4426266124322775
2015-01-03 22:00:00,20259,0,0.4814386674961882
2015-01-03 22:30:00,20055,0,0.46751521060624723
2015-01-03 23:00:00,19787,0,0.4647661655733073
2015-01-03 23:30:00,20995,0,0.4913228638994419
2015-01-04 00:00:00,19613,0,0.46129176361881874
2015-01-04 00:30:00,16975,0,0.4370068957949942
2015-01-04 01:00:00,16541,0,0.45761364316990133
2015-01-04 01:30:00,14379,0,0.49504359373645196
2015-01-04 02:00:00,13089,0,0.5170633661397733
2015-01-04 02:30:00,10506,0,0.5504049963004187
2015-01-04 03:00:00,9216,0,0.55045684082908
2015-01-04 03:30:00,8103,1,0.5527268268346288
2015-01-04 04:00:00,6823,0,0.5285265434972607
2015-01-04 04:30:00,4263,0,0.5358094649655883
2015-01-04 05:00:00,3025,0,0.5448229945042414
2015-01-04 05:30:00,2549,0,0.5374874987369167
2015-01-04 06:00:00,2605,0,0.5308934220466371
2015-01-04 06:30:00,3064,0,0.5446811458423163
2015-01-04 07:00:00,3205,0,0.5427572713129496
2015-01-04 07:30:00,4254,0,0.5348828300902958
2015-01-04 08:00:00,4897,0,0.543261289821686
2015-01-04 08:30:00,6628,0,0.5255468889633
2015-01-04 09:00:00,7726,1,0.5572864938609715
2015-01-04 09:30:00,9284,1,0.5539318842266991
2015-01-04 10:00:00,10955,0,0.5421913836587083
2015-01-04 10:30:00,13348,0,0.5075596288465772
2015-01-04 11:00:00,13517,0,0.4991783822408296
2015-01-04 11:30:00,14443,0,0.4921529752853797
2015-01-04 12:00:00,15285,0,0.4607653494881186
2015-01-04 12:30:00,16028,0,0.4572597290670971
2015-01-04 13:00:00,16329,0,0.45598787035121713
2015-01-04 13:30:00,15891,0,0.4634547778358991
2015-01-04 14:00:00,15960,0,0.45821580026947756
2015-01-04 14:30:00,16376,0,0.45501578186813935
2015-01-04 15:00:00,15303,0,0.46015602883248413
2015-01-04 15:30:00,16271,0,0.4572957897625698
2015-01-04 16:00:00,15873,0,0.46607098692442844
2015-01-04 16:30:00,15588,0,0.4647737436533724
2015-01-04 17:00:00,15471,0,0.45827378389139206
2015-01-04 17:30:00,16139,0,0.46057448521928696
2015-01-04 18:00:00,15862,0,0.46606352466875767
2015-01-04 18:30:00,16218,0,0.45574827233350007
2015-01-04 19:00:00,14093,0,0.48849889188472095
2015-01-04 19:30:00,17786,0,0.4343550705953845
2015-01-04 20:00:00,16079,0,0.4567843240065447
2015-01-04 20:30:00,14137,0,0.48833495440114033
2015-01-04 21:00:00,11407,0,0.5472391310000999
2015-01-04 21:30:00,12479,0,0.5327104466636416
2015-01-04 22:00:00,11317,0,0.5495462209767483
2015-01-04 22:30:00,10005,1,0.5535568803717545
2015-01-04 23:00:00,8802,1,0.5564320915561038
2015-01-04 23:30:00,8002,1,0.5578517124332715
2015-01-05 00:00:00,6669,0,0.5300105937418658
2015-01-05 00:30:00,5961,0,0.5427814175636027
2015-01-05 01:00:00,4169,0,0.5371066698501102
2015-01-05 01:30:00,3365,0,0.5468368675485052
2015-01-05 02:00:00,2853,0,0.5377023079534032
2015-01-05 02:30:00,2227,0,0.5355772170168187
2015-01-05 03:00:00,1609,1,0.6569517869366834
2015-01-05 03:30:00,1697,1,0.6420388929640787
2015-01-05 04:00:00,1883,1,0.6066018227017561
2015-01-05 04:30:00,1837,1,0.6255925178414332
2015-01-05 05:00:00,2476,0,0.5374380200270428
2015-01-05 05:30:00,4040,0,0.5399969170853587
2015-01-05 06:00:00,6431,0,0.5274126867183127
2015-01-05 06:30:00,10496,0,0.5504049963004187
2015-01-05 07:00:00,13610,0,0.49249002015731824
2015-01-05 07:30:00,16277,0,0.4560676191303391
2015-01-05 08:00:00,17760,0,0.43599874009448547
2015-01-05 08:30:00,18026,0,0.43484707867393085
2015-01-05 09:00:00,16706,0,0.4474775353755558
2015-01-05 09:30:00,14662,0,0.4757930957259337
2015-01-05 10:00:00,13070,0,0.5167136464633326
2015-01-05 10:30:00,13459,0,0.5003739206913275
2015-01-05 11:00:00,13218,0,0.5102530556024323
2015-01-05 11:30:00,13909,0,0.49545859368111667
2015-01-05 12:00:00,14379,0,0.49504359373645196
2015-01-05 12:30:00,14113,0,0.4865728407609855
2015-01-05 13:00:00,13982,0,0.49219183856108545
2015-01-05 13:30:00,14514,0,0.4858454024506337
2015-01-05 14:00:00,15268,0,0.46386735876240176
2015-01-05 14:30:00,16675,0,0.4507987048013065
2015-01-05 15:00:00,17423,0,0.42664078152208984
2015-01-05 15:30:00,16521,0,0.45673273646377877
2015-01-05 16:00:00,15352,0,0.460771045592176
2015-01-05 16:30:00,14644,0,0.48066194435261467
2015-01-05 17:00:00,17059,0,0.4369968853472367
2015-01-05 17:30:00,19269,0,0.44891320468841966
2015-01-05 18:00:00,21361,0,0.4784738403927807
2015-01-05 18:30:00,21906,0,0.5017145416336241
2015-01-05 19:00:00,21994,0,0.49944190899805235
2015-01-05 19:30:00,20678,0,0.48328967530532985
2015-01-05 20:00:00,19248,0,0.4476762108923653
2015-01-05 20:30:00,17546,0,0.42839886578821385
2015-01-05 21:00:00,17201,0,0.43397907174991873
2015-01-05 21:30:00,15830,0,0.46851309049219286
2015-01-05 22:00:00,14238,0,0.497661423633957
2015-01-05 22:30:00,13120,0,0.5121309268984677
2015-01-05 23:00:00,11660,0,0.5417990453825061
2015-01-05 23:30:00,9741,1,0.5612842874350451
2015-01-06 00:00:00,7969,1,0.5586854816610056
2015-01-06 00:30:00,6005,0,0.5414090208212163
2015-01-06 01:00:00,4592,0,0.5276379522432537
2015-01-06 01:30:00,3487,0,0.5435011295802473
2015-01-06 02:00:00,2856,0,0.5391594869713411
2015-01-06 02:30:00,2238,0,0.5367974270981741
2015-01-06 03:00:00,1689,1,0.6420388929640787
2015-01-06 03:30:00,1602,1,0.6587321333208463
2015-01-06 04:00:00,1774,1,0.6354923265276052
2015-01-06 04:30:00,1721,1,0.6394378077398275
2015-01-06 05:00:00,2118,1,0.5556154869026572
2015-01-06 05:30:00,4101,0,0.5392536329599328
2015-01-06 06:00:00,6266,0,0.5338083880677799
2015-01-06 06:30:00,11168,0,0.5492078270297638
2015-01-06 07:00:00,13976,0,0.49178992869878047
2015-01-06 07:30:00,18081,0,0.43342897051867857
2015-01-06 08:00:00,19819,0,0.4659864563395372
2015-01-06 08:30:00,20102,0,0.4672281781206591
2015-01-06 09:00:00,18237,0,0.43443562946327896
2015-01-06 09:30:00,16472,0,0.45192125184439874
2015-01-06 10:00:00,14510,0,0.4858454024506337
2015-01-06 10:30:00,14365,0,0.4938541787844488
2015-01-06 11:00:00,13611,0,0.49249002015731824
2015-01-06 11:30:00,14729,0,0.47344787539687255
2015-01-06 12:00:00,15072,0,0.4730770378307971
2015-01-06 12:30:00,14628,0,0.4838706455827808
2015-01-06 13:00:00,14069,0,0.4877419938061179
2015-01-06 13:30:00,14987,0,0.4725572754242442
2015-01-06 14:00:00,15176,0,0.47038484830192373
2015-01-06 14:30:00,16884,0,0.4454359838172983
2015-01-06 15:00:00,17055,0,0.4369968853472367
2015-01-06 15:30:00,16238,0,0.4563403330855082
2015-01-06 16:00:00,14566,0,0.48568980997718386
2015-01-06 16:30:00,14604,0,0.4841793571736367
2015-01-06 17:00:00,16314,0,0.4559557175040562
2015-01-06 17:30:00,18758,0,0.44188115803529404
2015-01-06 18:00:00,21579,0,0.4931940163491743
2015-01-06 18:30:00,22500,0,0.49695438420235055
2015-01-06 19:00:00,21920,0,0.5018009148634988
2015-01-06 19:30:00,20788,0,0.48834905337019924
2015-01-06 20:00:00,20461,0,0.47987992469370633
2015-01-06 20:30:00,19640,0,0.4594648363131314
2015-01-06 21:00:00,19580,0,0.45633840434075107
2015-01-06 21:30:00,19424,0,0.4513487100053469
2015-01-06 22:00:00,17170,0,0.43917990670612433
2015-01-06 22:30:00,14955,0,0.4741023227472282
2015-01-06 23:00:00,12934,0,0.51997065993967
2015-01-06 23:30:00,11087,0,0.5474726527875204
2015-01-07 00:00:00,8357,0,0.551715658141473
2015-01-07 00:30:00,6788,0,0.5290196174087295
2015-01-07 01:00:00,5378,0,0.5464222955095184
2015-01-07 01:30:00,3889,0,0.5370495464196346
2015-01-07 02:00:00,3068,0,0.5446811458423163
2015-01-07 02:30:00,2406,0,0.5344944830196642
2015-01-07 03:00:00,2025,1,0.5699996637546358
2015-01-07 03:30:00,1739,1,0.6390053191941851
2015-01-07 04:00:00,1897,1,0.6037962843098691
2015-01-07 04:30:00,1820,1,0.6296261877321065
2015-01-07 05:00:00,2039,1,0.5684500318192741
2015-01-07 05:30:00,3857,0,0.539129313733159
2015-01-07 06:00:00,6280,0,0.534839307564497
2015-01-07 06:30:00,11280,0,0.5489656981017433
2015-01-07 07:00:00,14586,0,0.4864892670398796
2015-01-07 07:30:00,18374,0,0.4407289753503739
2015-01-07 08:00:00,20307,0,0.4772780086257849
2015-01-07 08:30:00,21113,0,0.48924086973422126
2015-01-07 09:00:00,19287,0,0.44802387393970045
2015-01-07 09:30:00,17966,0,0.43246921301480024
2015-01-07 10:00:00,15690,0,0.4657455423375761
2015-01-07 10:30:00,16091,0,0.45706169905303723
2015-01-07 11:00:00,14981,0,0.4725572754242442
2015-01-07 11:30:00,16906,0,0.4421295643897748
2015-01-07 12:00:00,16648,0,0.4569034590061629
2015-01-07 12:30:00,16826,0,0.4484615625804251
2015-01-07 13:00:00,16379,0,0.45682882067351355
2015-01-07 13:30:00,17457,0,0.42695422242541087
2015-01-07 14:00:00,17335,0,0.430327660397524
2015-01-07 14:30:00,18690,0,0.43884185695259903
2015-01-07 15:00:00,19029,0,0.43839534343894254
2015-01-07 15:30:00,17234,0,0.436124666231228
2015-01-07 16:00:00,16505,0,0.45574564928970945
2015-01-07 16:30:00,15509,0,0.46229794230410487
2015-01-07 17:00:00,17873,0,0.43279410048913886
2015-01-07 17:30:00,21871,0,0.5028750412994236
2015-01-07 18:00:00,24019,0,0.5255399411558193
2015-01-07 18:30:00,24965,0,0.5524622077395096
2015-01-07 19:00:00,25708,1,0.5588771300208542
2015-01-07 19:30:00,24871,0,0.5415198221188493
2015-01-07 20:00:00,23732,0,0.5075907638193087
2015-01-07 20:30:00,22463,0,0.5012045224498454
2015-01-07 21:00:00,23142,0,0.5067480622213643
2015-01-07 21:30:00,22369,0,0.5020687478674507
2015-01-07 22:00:00,21904,0,0.5017145416336241
2015-01-07 22:30:00,18610,0,0.43767575470013387
2015-01-07 23:00:00,15262,0,0.4638304595406711
2015-01-07 23:30:00,12490,0,0.5319900849642123
2015-01-08 00:00:00,9843,1,0.5591397069000347
2015-01-08 00:30:00,7477,1,0.5556110450412645
2015-01-08 01:00:00,5697,0,0.5447457570609322
2015-01-08 01:30:00,4327,0,0.5298820542757363
2015-01-08 02:00:00,3405,0,0.5471301970241659
2015-01-08 02:30:00,2739,0,0.5299741971531164
2015-01-08 03:00:00,2066,1,0.5665530547130153
2015-01-08 03:30:00,2013,1,0.5734811385779158
2015-01-08 04:00:00,1975,1,0.584196696277145
2015-01-08 04:30:00,1760,1,0.6354923265276052
2015-01-08 05:00:00,2033,1,0.5680655563870177
2015-01-08 05:30:00,4164,0,0.5384553498253336
2015-01-08 06:00:00,6627,0,0.5255468889633
2015-01-08 06:30:00,12142,0,0.5281828034794468
2015-01-08 07:00:00,15873,0,0.46607098692442844
2015-01-08 07:30:00,20194,0,0.4736530832862486
2015-01-08 08:00:00,21891,0,0.5017849465710533
2015-01-08 08:30:00,22117,0,0.49953804166362875
2015-01-08 09:00:00,20435,0,0.4787534046974155
2015-01-08 09:30:00,19472,0,0.45454472520838096
2015-01-08 10:00:00,17256,0,0.4356780606021284
2015-01-08 10:30:00,17401,0,0.42706181460663173
2015-01-08 11:00:00,15595,0,0.46445939045433987
2015-01-08 11:30:00,17559,0,0.4309621751803253
2015-01-08 12:00:00,17823,0,0.4329643170082493
2015-01-08 12:30:00,16634,0,0.45712838287468377
2015-01-08 13:00:00,16523,0,0.45614786122483764
2015-01-08 13:30:00,17209,0,0.43368554675763876
2015-01-08 14:00:00,17438,0,0.42783845935889414
2015-01-08 14:30:00,19801,0,0.4646357529834262
2015-01-08 15:00:00,20241,0,0.48143866749618813
2015-01-08 15:30:00,18535,0,0.4332939641015355
2015-01-08 16:00:00,16573,0,0.460215303432096
2015-01-08 16:30:00,15095,0,0.4736215259851865
2015-01-08 17:00:00,17871,0,0.43279410048913886
2015-01-08 17:30:00,21606,0,0.49375887751097564
2015-01-08 18:00:00,24071,0,0.5343455870988656
2015-01-08 18:30:00,25176,1,0.562693233349888
2015-01-08 19:00:00,25592,1,0.5589306225242467
2015-01-08 19:30:00,25125,1,0.5629933103313135
2015-01-08 20:00:00,24584,0,0.538814161869982
2015-01-08 20:30:00,23692,0,0.5076355070837355
2015-01-08 21:00:00,23593,0,0.5072925336405139
2015-01-08 21:30:00,23676,0,0.5072921640103082
2015-01-08 22:00:00,23367,0,0.5079119885164282
2015-01-08 22:30:00,21952,0,0.50175055284585
2015-01-08 23:00:00,19331,0,0.4459495476276041
2015-01-08 23:30:00,15847,0,0.465780686723484
2015-01-09 00:00:00,13156,0,0.511722288334918
2015-01-09 00:30:00,10295,0,0.5478057521121756
2015-01-09 01:00:00,8080,1,0.5563211083437402
2015-01-09 01:30:00,6041,0,0.5415719051476784
2015-01-09 02:00:00,5180,0,0.5460699185744908
2015-01-09 02:30:00,3992,0,0.5416716258772174
2015-01-09 03:00:00,3359,0,0.548318801320855
2015-01-09 03:30:00,2808,0,0.5355013994664438
2015-01-09 04:00:00,2703,0,0.5325027620790532
2015-01-09 04:30:00,2176,0,0.5457567338494492
2015-01-09 05:00:00,2434,0,0.5362343266164197
2015-01-09 05:30:00,4092,0,0.5393293057083516
2015-01-09 06:00:00,6053,0,0.5423113959674475
2015-01-09 06:30:00,11326,0,0.5501811427804982
2015-01-09 07:00:00,13826,0,0.49647218112011837
2015-01-09 07:30:00,15011,0,0.4708851064362264
2015-01-09 08:00:00,15124,0,0.4714955704928871
2015-01-09 08:30:00,15755,0,0.4664777161242238
2015-01-09 09:00:00,16110,0,0.4595969852030726
2015-01-09 09:30:00,16271,0,0.4572957897625698
2015-01-09 10:00:00,15323,0,0.46046746945073946
2015-01-09 10:30:00,15421,0,0.45886703316812605
2015-01-09 11:00:00,14604,0,0.4841793571736367
2015-01-09 11:30:00,15840,0,0.46851309049219286
2015-01-09 12:00:00,15962,0,0.45821580026947756
2015-01-09 12:30:00,15948,0,0.45887119854124137
2015-01-09 13:00:00,16283,0,0.45654534009328196
2015-01-09 13:30:00,16502,0,0.4542184625731303
2015-01-09 14:00:00,17377,0,0.42737279737668804
2015-01-09 14:30:00,18858,0,0.4457898710016922
2015-01-09 15:00:00,18338,0,0.4410554849523992
2015-01-09 15:30:00,17567,0,0.42988273552774686
2015-01-09 16:00:00,15857,0,0.46606352466875767
2015-01-09 16:30:00,15069,0,0.4730770378307971
2015-01-09 17:00:00,18144,0,0.43351367595304624
2015-01-09 17:30:00,21770,0,0.5035720829041571
2015-01-09 18:00:00,24651,0,0.5359893639048091
2015-01-09 18:30:00,26480,1,0.6029990219502604
2015-01-09 19:00:00,27443,1,0.6775140748668774
2015-01-09 19:30:00,27676,1,0.686210958171879
2015-01-09 20:00:00,25589,1,0.5589306225242467
2015-01-09 20:30:00,23761,0,0.5111501021570768
2015-01-09 21:00:00,23882,0,0.5162577148623574
2015-01-09 21:30:00,23922,0,0.5171547367116509
2015-01-09 22:00:00,24901,0,0.5478490858299075
2015-01-09 22:30:00,25440,1,0.562773661165084
2015-01-09 23:00:00,25306,1,0.5594042660103022
2015-01-09 23:30:00,25133,1,0.5626125255934636
2015-01-10 00:00:00,24251,0,0.5328912491983466
2015-01-10 00:30:00,22330,0,0.5015080892007393
2015-01-10 01:00:00,19918,0,0.4704603005147151
2015-01-10 01:30:00,17922,0,0.43135108292246654
2015-01-10 02:00:00,16425,0,0.4503226333156613
2015-01-10 02:30:00,13977,0,0.49178992869878047
2015-01-10 03:00:00,11797,0,0.5441795701926279
2015-01-10 03:30:00,10171,0,0.5518580832654668
2015-01-10 04:00:00,8666,1,0.5561862479182877
2015-01-10 04:30:00,4721,0,0.5382020112000903
2015-01-10 05:00:00,3390,0,0.5471301970241659
2015-01-10 05:30:00,2905,0,0.5360731459704143
2015-01-10 06:00:00,3265,0,0.5479780628752455
2015-01-10 06:30:00,4249,0,0.5342631130043662
2015-01-10 07:00:00,5058,0,0.5489920161033586
2015-01-10 07:30:00,6976,0,0.5325911941164441
2015-01-10 08:00:00,7425,0,0.5513719296024161
2015-01-10 08:30:00,11024,0,0.5464392126150112
2015-01-10 09:00:00,13013,0,0.5157594078287807
2015-01-10 09:30:00,16327,0,0.45598787035121713
2015-01-10 10:00:00,16385,0,0.456772221956283
2015-01-10 10:30:00,18820,0,0.4445823113842209
2015-01-10 11:00:00,19868,0,0.4690521479096749
2015-01-10 11:30:00,22503,0,0.4965780714948494
2015-01-10 12:00:00,22724,0,0.4951426037193831
2015-01-10 12:30:00,23856,0,0.515007900626784
2015-01-10 13:00:00,23073,0,0.5057228178148836
2015-01-10 13:30:00,22492,0,0.49789328814982897
2015-01-10 14:00:00,21336,0,0.4784738403927807
2015-01-10 14:30:00,22371,0,0.502408555653169
2015-01-10 15:00:00,23119,0,0.5062095629752487
2015-01-10 15:30:00,23941,0,0.5148217197280928
2015-01-10 16:00:00,22728,0,0.4951426037193831
2015-01-10 16:30:00,20126,0,0.4696161088394645
2015-01-10 17:00:00,21139,0,0.4901953946838831
2015-01-10 17:30:00,24417,0,0.5381615607742178
2015-01-10 18:00:00,26639,1,0.6155527140735263
2015-01-10 18:30:00,26907,1,0.6400012540269537
2015-01-10 19:00:00,28043,1,0.702769863243064
2015-01-10 19:30:00,26853,1,0.6365464835424451
2015-01-10 20:00:00,27983,1,0.6986421605458987
2015-01-10 20:30:00,24555,0,0.538053595605642
2015-01-10 21:00:00,23596,0,0.5072925336405139
2015-01-10 21:30:00,24947,0,0.55006133538658
2015-01-10 22:00:00,26085,1,0.5734386608977999
2015-01-10 22:30:00,27646,1,0.6838934756067434
2015-01-10 23:00:00,28301,1,0.7061061488096604
2015-01-10 23:30:00,28401,1,0.7070622790829686
2015-01-11 00:00:00,26653,1,0.615969329538342
2015-01-11 00:30:00,24790,0,0.5440818071515313
2015-01-11 01:00:00,23141,0,0.5067480622213643
2015-01-11 01:30:00,20654,0,0.4877568389440675
2015-01-11 02:00:00,19179,0,0.4456062966097014
2015-01-11 02:30:00,16879,0,0.4444479138724483
2015-01-11 03:00:00,14597,0,0.4848349789125
2015-01-11 03:30:00,12394,0,0.5317927782309035
2015-01-11 04:00:00,9787,1,0.5569195446385151
2015-01-11 04:30:00,5859,0,0.540738821409528
2015-01-11 05:00:00,3682,0,0.5376981198637711
2015-01-11 05:30:00,3108,0,0.5435664067204468
2015-01-11 06:00:00,2883,0,0.5347658028706612
2015-01-11 06:30:00,3710,0,0.5373117373908398
2015-01-11 07:00:00,3790,0,0.5359481208977881
2015-01-11 07:30:00,5294,0,0.5443680583214552
2015-01-11 08:00:00,6133,0,0.543606382391027
2015-01-11 08:30:00,8808,1,0.5544485695901018
2015-01-11 09:00:00,9884,1,0.5558955181540334
2015-01-11 09:30:00,13052,0,0.5170633661397733
2015-01-11 10:00:00,13881,0,0.4947853332204931
2015-01-11 10:30:00,17481,0,0.42809702508801495
2015-01-11 11:00:00,17730,0,0.43672729415597467
2015-01-11 11:30:00,20015,0,0.4764047849740905
2015-01-11 12:00:00,19794,0,0.4647009547035312
2015-01-11 12:30:00,21709,0,0.5033972730604102
2015-01-11 13:00:00,21296,0,0.48163312774305606
2015-01-11 13:30:00,20381,0,0.47574053908666386
2015-01-11 14:00:00,19508,0,0.454356800849042
2015-01-11 14:30:00,19210,0,0.44538955388827184
2015-01-11 15:00:00,18255,0,0.4397315037307849
2015-01-11 15:30:00,19171,0,0.44514179389308084
2015-01-11 16:00:00,18758,0,0.44188115803529404
2015-01-11 16:30:00,19444,0,0.45142405472729163
2015-01-11 17:00:00,19816,0,0.463590402732145
2015-01-11 17:30:00,19830,0,0.46471457136165645
2015-01-11 18:00:00,19842,0,0.46502508139259013
2015-01-11 18:30:00,19586,0,0.45819468350726555
2015-01-11 19:00:00,18579,0,0.4346705081149643
2015-01-11 19:30:00,17586,0,0.4326746870390156
2015-01-11 20:00:00,15320,0,0.46077912085675515
2015-01-11 20:30:00,13987,0,0.491174197570113
2015-01-11 21:00:00,13611,0,0.49249002015731824
2015-01-11 21:30:00,13943,0,0.49666249421473246
2015-01-11 22:00:00,12956,0,0.5192714534486326
2015-01-11 22:30:00,11585,0,0.5425667667204632
2015-01-11 23:00:00,12116,0,0.5283990330902315
2015-01-11 23:30:00,9058,0,0.5516073220028157
2015-01-12 00:00:00,7147,0,0.5419978826623972
2015-01-12 00:30:00,5365,0,0.5460527187015302
2015-01-12 01:00:00,3756,0,0.532572865892304
2015-01-12 01:30:00,3077,0,0.546146626333121
2015-01-12 02:00:00,2603,0,0.5308934220466371
2015-01-12 02:30:00,2264,0,0.5405162613909679
2015-01-12 03:00:00,1973,1,0.584987750352823
2015-01-12 03:30:00,1679,1,0.6450868681318026
2015-01-12 04:00:00,1964,1,0.5877058949241735
2015-01-12 04:30:00,1891,1,0.6033879021752743
2015-01-12 05:00:00,2303,0,0.5395821319394958
2015-01-12 05:30:00,4462,0,0.5271777763836208
2015-01-12 06:00:00,6496,0,0.522918286677436
2015-01-12 06:30:00,11269,0,0.5486494649018119
2015-01-12 07:00:00,14140,0,0.4886654669459836
2015-01-12 07:30:00,18040,0,0.43483422819105216
2015-01-12 08:00:00,19618,0,0.4616039729196988
2015-01-12 08:30:00,19631,0,0.4591696235832244
2015-01-12 09:00:00,18598,0,0.4365476160537183
2015-01-12 09:30:00,17797,0,0.4329773434817195
2015-01-12 10:00:00,16160,0,0.4586551839892316
2015-01-12 10:30:00,15872,0,0.46607098692442844
2015-01-12 11:00:00,15103,0,0.4729810677221999
2015-01-12 11:30:00,16858,0,0.4476677988207195
2015-01-12 12:00:00,17532,0,0.42963507234296633
2015-01-12 12:30:00,16478,0,0.45151567933513304
2015-01-12 13:00:00,16071,0,0.4569421969928329
2015-01-12 13:30:00,17036,0,0.43726559843927426
2015-01-12 14:00:00,17167,0,0.43727375232189136
2015-01-12 14:30:00,18607,0,0.4372829666793138
2015-01-12 15:00:00,19387,0,0.44724582030285087
2015-01-12 15:30:00,16274,0,0.45581446621399446
2015-01-12 16:00:00,15210,0,0.4648958872021404
2015-01-12 16:30:00,14695,0,0.4742187667668667
2015-01-12 17:00:00,16686,0,0.4499769666730271
2015-01-12 17:30:00,19234,0,0.4470708373764294
2015-01-12 18:00:00,21350,0,0.4784738403927807
2015-01-12 18:30:00,22150,0,0.5017408684490985
2015-01-12 19:00:00,21582,0,0.4931940163491743
2015-01-12 19:30:00,20321,0,0.47697048080963267
2015-01-12 20:00:00,20071,0,0.4685969613379464
2015-01-12 20:30:00,18532,0,0.43274925089860194
2015-01-12 21:00:00,18801,0,0.4411758844232477
2015-01-12 21:30:00,17972,0,0.43390289458903936
2015-01-12 22:00:00,17298,0,0.435241395021496
2015-01-12 22:30:00,14655,0,0.4805073763725745
2015-01-12 23:00:00,12376,0,0.532784942707831
2015-01-12 23:30:00,10191,0,0.5488369646600051
2015-01-13 00:00:00,11139,0,0.5453226170117091
2015-01-13 00:30:00,7323,0,0.5440429308219841
2015-01-13 01:00:00,5142,0,0.5478653732616822
2015-01-13 01:30:00,3987,0,0.5420382374947651
2015-01-13 02:00:00,3197,0,0.5408483662860993
2015-01-13 02:30:00,2336,0,0.5409917137081541
2015-01-13 03:00:00,1800,1,0.6324896846723389
2015-01-13 03:30:00,1742,1,0.6390053191941851
2015-01-13 04:00:00,1901,1,0.6037962843098691
2015-01-13 04:30:00,1681,1,0.6450868681318026
2015-01-13 05:00:00,2036,1,0.5684500318192741
2015-01-13 05:30:00,4284,0,0.5327767446624827
2015-01-13 06:00:00,6390,0,0.5315262354866181
2015-01-13 06:30:00,11432,0,0.548825408024481
2015-01-13 07:00:00,14929,0,0.4751644744147333
2015-01-13 07:30:00,19814,0,0.463388367758236
2015-01-13 08:00:00,21295,0,0.48163312774305606
2015-01-13 08:30:00,21258,0,0.48248516436265
2015-01-13 09:00:00,20209,0,0.47885292381687944
2015-01-13 09:30:00,19420,0,0.45195987613976196
2015-01-13 10:00:00,18088,0,0.43342897051867857
2015-01-13 10:30:00,17942,0,0.43276375935751793
2015-01-13 11:00:00,17251,0,0.4352433788748915
2015-01-13 11:30:00,18843,0,0.44588477458608966
2015-01-13 12:00:00,18906,0,0.4415826068589225
2015-01-13 12:30:00,18117,0,0.4336651277000346
2015-01-13 13:00:00,17533,0,0.42963507234296633
2015-01-13 13:30:00,18593,0,0.4352858569527922
2015-01-13 14:00:00,18967,0,0.44059603615042137
2015-01-13 14:30:00,20374,0,0.4760625275391421
2015-01-13 15:00:00,20245,0,0.48143866749618813
2015-01-13 15:30:00,18663,0,0.4365476496858019
2015-01-13 16:00:00,16688,0,0.4499769666730271
2015-01-13 16:30:00,14860,0,0.47074262435824116
2015-01-13 17:00:00,16990,0,0.4365515756520342
2015-01-13 17:30:00,20233,0,0.4807201796185254
2015-01-13 18:00:00,23012,0,0.5031334504842175
2015-01-13 18:30:00,24353,0,0.5397518106619751
2015-01-13 19:00:00,24698,0,0.5402287531375846
2015-01-13 19:30:00,24188,0,0.538160485959463
2015-01-13 20:00:00,24033,0,0.5267022535755882
2015-01-13 20:30:00,23737,0,0.5076006259580828
2015-01-13 21:00:00,23774,0,0.5108788141471835
2015-01-13 21:30:00,23522,0,0.507920669083213
2015-01-13 22:00:00,21828,0,0.5014728642537172
2015-01-13 22:30:00,18996,0,0.4413276370925096
2015-01-13 23:00:00,15659,0,0.4625355162995851
2015-01-13 23:30:00,12989,0,0.5173960740165557
2015-01-14 00:00:00,10584,0,0.5502273316565434
2015-01-14 00:30:00,7941,1,0.5614389515943521
2015-01-14 01:00:00,6221,0,0.5397766200865577
2015-01-14 01:30:00,4792,0,0.5376463534363094
2015-01-14 02:00:00,3814,0,0.537024432206599
2015-01-14 02:30:00,3053,0,0.5446811458423163
2015-01-14 03:00:00,2725,0,0.5296332782920801
2015-01-14 03:30:00,2356,0,0.5365731737439552
2015-01-14 04:00:00,2327,0,0.5432996153780814
2015-01-14 04:30:00,2058,1,0.566416709498731
2015-01-14 05:00:00,2267,0,0.541248168288539
2015-01-14 05:30:00,4547,0,0.5303556911778079
2015-01-14 06:00:00,6582,0,0.5245665017966461
2015-01-14 06:30:00,12004,0,0.5296331416082442
2015-01-14 07:00:00,15442,0,0.45949464006473667
2015-01-14 07:30:00,20021,0,0.4764047849740905
2015-01-14 08:00:00,20953,0,0.4918838670328024
2015-01-14 08:30:00,21276,0,0.48346548751422075
2015-01-14 09:00:00,20444,0,0.4791799092884245
2015-01-14 09:30:00,19071,0,0.4405278166130856
2015-01-14 10:00:00,17173,0,0.4397304583046856
2015-01-14 10:30:00,17446,0,0.4271832454954109
2015-01-14 11:00:00,16319,0,0.45450947548419257
2015-01-14 11:30:00,18120,0,0.4336651277000346
2015-01-14 12:00:00,18258,0,0.4394340880380941
2015-01-14 12:30:00,17222,0,0.4366801954382291
2015-01-14 13:00:00,16563,0,0.4603020405473564
2015-01-14 13:30:00,17953,0,0.43305481463791917
2015-01-14 14:00:00,18119,0,0.4336651277000346
2015-01-14 14:30:00,18740,0,0.43931777868737426
2015-01-14 15:00:00,18803,0,0.4425317922880125
2015-01-14 15:30:00,17318,0,0.43346617105285506
2015-01-14 16:00:00,15354,0,0.46108290246315414
2015-01-14 16:30:00,14243,0,0.49857361399357897
2015-01-14 17:00:00,16310,0,0.45527525978868116
2015-01-14 17:30:00,20078,0,0.4685969613379464
2015-01-14 18:00:00,22844,0,0.500612234864921
2015-01-14 18:30:00,23895,0,0.5154872638476776
2015-01-14 19:00:00,24410,0,0.5380860518709076
2015-01-14 19:30:00,24216,0,0.5361452895657403
2015-01-14 20:00:00,22351,0,0.502640768360828
2015-01-14 20:30:00,22154,0,0.5014015122586164
2015-01-14 21:00:00,22757,0,0.49607287498520963
2015-01-14 21:30:00,22301,0,0.4994772097828832
2015-01-14 22:00:00,22537,0,0.4956005880243582
2015-01-14 22:30:00,19647,0,0.4594648363131314
2015-01-14 23:00:00,16555,0,0.4583251499726726
2015-01-14 23:30:00,13935,0,0.49666249421473246
2015-01-15 00:00:00,10852,0,0.5397853386846255
2015-01-15 00:30:00,8131,1,0.5527268268346288
2015-01-15 01:00:00,6253,0,0.5375853178208067
2015-01-15 01:30:00,4881,0,0.5432608765978795
2015-01-15 02:00:00,3872,0,0.5363123299532151
2015-01-15 02:30:00,2952,0,0.5435847767612919
2015-01-15 03:00:00,2530,0,0.5401370544093047
2015-01-15 03:30:00,2242,0,0.5374703510573073
2015-01-15 04:00:00,2384,0,0.5312695281971727
2015-01-15 04:30:00,2102,1,0.5584098698663539
2015-01-15 05:00:00,2353,0,0.5394693919822793
2015-01-15 05:30:00,4388,0,0.5226676636256941
2015-01-15 06:00:00,6600,0,0.524865819087122
2015-01-15 06:30:00,11844,0,0.5391930146589394
2015-01-15 07:00:00,15429,0,0.45948837977808654
2015-01-15 07:30:00,19536,0,0.45620825257049924
2015-01-15 08:00:00,20800,0,0.4876886796977778
2015-01-15 08:30:00,21237,0,0.4842350226527216
2015-01-15 09:00:00,20044,0,0.47119906518172594
2015-01-15 09:30:00,19195,0,0.44371729640567725
2015-01-15 10:00:00,16819,0,0.4487452936801098
2015-01-15 10:30:00,17002,0,0.4368576162331671
2015-01-15 11:00:00,15592,0,0.46445939045433987
2015-01-15 11:30:00,17319,0,0.43278424590547004
2015-01-15 12:00:00,18062,0,0.4359930932875841
2015-01-15 12:30:00,16821,0,0.4487452936801098
2015-01-15 13:00:00,16158,0,0.4586551839892316
2015-01-15 13:30:00,17614,0,0.43334423998609295
2015-01-15 14:00:00,17978,0,0.43539391388421644
2015-01-15 14:30:00,18693,0,0.43884185695259903
2015-01-15 15:00:00,18743,0,0.43961511566012257
2015-01-15 15:30:00,17213,0,0.43626030615263856
2015-01-15 16:00:00,15389,0,0.45933142311990993
2015-01-15 16:30:00,13926,0,0.4963265728206609
2015-01-15 17:00:00,16336,0,0.4549095762368952
2015-01-15 17:30:00,19647,0,0.4594648363131314
2015-01-15 18:00:00,22732,0,0.4961486445131894
2015-01-15 18:30:00,24064,0,0.5307177668461396
2015-01-15 19:00:00,24881,0,0.5429111606366581
2015-01-15 19:30:00,24507,0,0.5418122413240669
2015-01-15 20:00:00,24438,0,0.5386554281687483
2015-01-15 20:30:00,23792,0,0.514234999665399
2015-01-15 21:00:00,24517,0,0.5405076329581924
2015-01-15 21:30:00,24126,0,0.5348524185840915
2015-01-15 22:00:00,23957,0,0.5183747469425376
2015-01-15 22:30:00,22825,0,0.5015052488408911
2015-01-15 23:00:00,21086,0,0.4905588697468712
2015-01-15 23:30:00,17957,0,0.43305481463791917
2015-01-16 00:00:00,14729,0,0.47344787539687255
2015-01-16 00:30:00,11814,0,0.5409713307725508
2015-01-16 01:00:00,9221,0,0.55045684082908
2015-01-16 01:30:00,7049,0,0.5380644377112113
2015-01-16 02:00:00,6102,0,0.5433940267033448
2015-01-16 02:30:00,4971,0,0.5443183763618306
2015-01-16 03:00:00,4205,0,0.5343042744830655
2015-01-16 03:30:00,3238,0,0.5434583800719706
2015-01-16 04:00:00,3474,0,0.5435011295802473
2015-01-16 04:30:00,2952,0,0.5435847767612919
2015-01-16 05:00:00,2858,0,0.5391594869713411
2015-01-16 05:30:00,4621,0,0.5254591086872512
2015-01-16 06:00:00,6570,0,0.5236789221085612
2015-01-16 06:30:00,11368,0,0.5478482657543771
2015-01-16 07:00:00,14644,0,0.48066194435261467
2015-01-16 07:30:00,18846,0,0.44588477458608966
2015-01-16 08:00:00,19936,0,0.47177561049683037
2015-01-16 08:30:00,20315,0,0.47625866114993015
2015-01-16 09:00:00,19285,0,0.44784518263307393
2015-01-16 09:30:00,18492,0,0.43381263474549736
2015-01-16 10:00:00,16873,0,0.4450497357176177
2015-01-16 10:30:00,16492,0,0.44994257068987914
2015-01-16 11:00:00,15440,0,0.45975425731330827
2015-01-16 11:30:00,17341,0,0.43088039923598415
2015-01-16 12:00:00,17377,0,0.42737279737668804
2015-01-16 12:30:00,16922,0,0.4395470866142925
2015-01-16 13:00:00,16465,0,0.4516155915243657
2015-01-16 13:30:00,17797,0,0.4329773434817195
2015-01-16 14:00:00,18924,0,0.439349958322324
2015-01-16 14:30:00,19579,0,0.45633840434075107
2015-01-16 15:00:00,19159,0,0.44159182818212694
2015-01-16 15:30:00,17343,0,0.43088039923598415
2015-01-16 16:00:00,15856,0,0.46606352466875767
2015-01-16 16:30:00,14769,0,0.47462795175013417
2015-01-16 17:00:00,16980,0,0.43631906853074137
2015-01-16 17:30:00,21604,0,0.4932582768794675
2015-01-16 18:00:00,24026,0,0.5258956346031196
2015-01-16 18:30:00,26085,1,0.5734386608977999
2015-01-16 19:00:00,27462,1,0.6784314889393432
2015-01-16 19:30:00,27681,1,0.686210958171879
2015-01-16 20:00:00,26427,1,0.5991216834415637
2015-01-16 20:30:00,25444,1,0.562773661165084
2015-01-16 21:00:00,25168,1,0.5612287763446101
2015-01-16 21:30:00,25376,1,0.5624781633718627
2015-01-16 22:00:00,26024,1,0.5674677504531788
2015-01-16 22:30:00,26428,1,0.5979068441778437
2015-01-16 23:00:00,25890,1,0.5638960738012619
2015-01-16 23:30:00,25472,1,0.560748969478066
2015-01-17 00:00:00,24841,0,0.5446339878427003
2015-01-17 00:30:00,22159,0,0.5004698448420389
2015-01-17 01:00:00,20046,0,0.46997272953205477
2015-01-17 01:30:00,17945,0,0.43276375935751793
2015-01-17 02:00:00,15954,0,0.45887119854124137
2015-01-17 02:30:00,14210,0,0.5003788981578778
2015-01-17 03:00:00,12146,0,0.5281828034794468
2015-01-17 03:30:00,10342,0,0.5455316761487415
2015-01-17 04:00:00,8970,0,0.5524764731050432
2015-01-17 04:30:00,5302,0,0.5424984445604771
2015-01-17 05:00:00,3600,0,0.5396064037906567
2015-01-17 05:30:00,3192,0,0.5391300160710559
2015-01-17 06:00:00,3473,0,0.5435011295802473
2015-01-17 06:30:00,4304,0,0.5316218312683836
2015-01-17 07:00:00,4478,0,0.528214610204583
2015-01-17 07:30:00,6310,0,0.5314832163121287
2015-01-17 08:00:00,7465,1,0.5529858347760125
2015-01-17 08:30:00,11664,0,0.5412725819681047
2015-01-17 09:00:00,12000,0,0.5296331416082442
2015-01-17 09:30:00,14970,0,0.47489584267914786
2015-01-17 10:00:00,15205,0,0.465210535828829
2015-01-17 10:30:00,17118,0,0.43741801644804756
2015-01-17 11:00:00,17495,0,0.4290965014596777
2015-01-17 11:30:00,19508,0,0.454356800849042
2015-01-17 12:00:00,20017,0,0.4764047849740905
2015-01-17 12:30:00,20707,0,0.4846071545435434
2015-01-17 13:00:00,20941,0,0.4925499213604906
2015-01-17 13:30:00,20725,0,0.4858855628401783
2015-01-17 14:00:00,19358,0,0.44792403270391346
2015-01-17 14:30:00,20008,0,0.47348447144154526
2015-01-17 15:00:00,20758,0,0.4896898234805958
2015-01-17 15:30:00,21068,0,0.49051183728984377
2015-01-17 16:00:00,20316,0,0.47697048080963267
2015-01-17 16:30:00,19248,0,0.4476762108923653
2015-01-17 17:00:00,20449,0,0.47820827600544025
2015-01-17 17:30:00,23133,0,0.5070910370384026
2015-01-17 18:00:00,23733,0,0.5075907638193087
2015-01-17 18:30:00,25602,1,0.5587322589134404
2015-01-17 19:00:00,27074,1,0.6600920458123
2015-01-17 19:30:00,25487,1,0.5588082231284309
2015-01-17 20:00:00,22437,0,0.49939403558718526
2015-01-17 20:30:00,21569,0,0.4931940163491743
2015-01-17 21:00:00,21542,0,0.49046698303164477
2015-01-17 21:30:00,22661,0,0.4964346297298566
2015-01-17 22:00:00,23754,0,0.5098116278181256
2015-01-17 22:30:00,25114,1,0.5592828439025596
2015-01-17 23:00:00,25308,1,0.5590259087494327
2015-01-17 23:30:00,25251,1,0.5563581501596997
2015-01-18 00:00:00,25423,1,0.562773661165084
2015-01-18 00:30:00,23964,0,0.5202816975602969
2015-01-18 01:00:00,22134,0,0.5008415243347808
2015-01-18 01:30:00,20253,0,0.48111304285122486
2015-01-18 02:00:00,19354,0,0.4468031146045188
2015-01-18 02:30:00,17470,0,0.42826542847359583
2015-01-18 03:00:00,14916,0,0.4734546143102052
2015-01-18 03:30:00,13069,0,0.5156659060073074
2015-01-18 04:00:00,10617,0,0.5505224798154679
2015-01-18 04:30:00,6053,0,0.5423113959674475
2015-01-18 05:00:00,4097,0,0.5393293057083516
2015-01-18 05:30:00,3219,0,0.5450502834790103
2015-01-18 06:00:00,3050,0,0.5438682763598659
2015-01-18 06:30:00,3114,0,0.5431987615142092
2015-01-18 07:00:00,3521,0,0.5404566454062336
2015-01-18 07:30:00,4745,0,0.5382784695890204
2015-01-18 08:00:00,6290,0,0.5339979030951416
2015-01-18 08:30:00,8298,0,0.5505881284936331
2015-01-18 09:00:00,9919,1,0.5543931068920708
2015-01-18 09:30:00,13441,0,0.5046253186594316
2015-01-18 10:00:00,15096,0,0.4736215259851865
2015-01-18 10:30:00,18880,0,0.4436340989944882
2015-01-18 11:00:00,20210,0,0.47885292381687944
2015-01-18 11:30:00,22395,0,0.5034515662403735
2015-01-18 12:00:00,22791,0,0.49636615994357297
2015-01-18 12:30:00,22619,0,0.5022682622621101
2015-01-18 13:00:00,22916,0,0.5054194032126537
2015-01-18 13:30:00,22472,0,0.5004565364696523
2015-01-18 14:00:00,22015,0,0.4995391666920483
2015-01-18 14:30:00,23848,0,0.5161267213514366
2015-01-18 15:00:00,22149,0,0.5017408684490985
2015-01-18 15:30:00,19787,0,0.4647661655733073
2015-01-18 16:00:00,18399,0,0.43946153191809784
2015-01-18 16:30:00,18309,0,0.4378838368241717
2015-01-18 17:00:00,17623,0,0.4323676272001333
2015-01-18 17:30:00,18567,0,0.4339450044317162
2015-01-18 18:00:00,18557,0,0.43399389324349213
2015-01-18 18:30:00,20670,0,0.48455075987620505
2015-01-18 19:00:00,16805,0,0.4508284593252109
2015-01-18 19:30:00,14576,0,0.4847061733568513
2015-01-18 20:00:00,14056,0,0.4856978526042438
2015-01-18 20:30:00,14591,0,0.4848608235465682
2015-01-18 21:00:00,13904,0,0.4948948201953753
2015-01-18 21:30:00,14487,0,0.48627168845979796
2015-01-18 22:00:00,15516,0,0.4627671217435791
2015-01-18 22:30:00,14292,0,0.49652910822350776
2015-01-18 23:00:00,12676,0,0.5257965274033293
2015-01-18 23:30:00,11970,0,0.5283783902748035
2015-01-19 00:00:00,10938,0,0.5399421006795644
2015-01-19 00:30:00,9181,0,0.5488150888093465
2015-01-19 01:00:00,7630,1,0.5565901813491138
2015-01-19 01:30:00,6241,0,0.5374344723015495
2015-01-19 02:00:00,5370,0,0.5460527187015302
2015-01-19 02:30:00,4199,0,0.5344853284352222
2015-01-19 03:00:00,3815,0,0.5366612117137721
2015-01-19 03:30:00,3367,0,0.5468368675485052
2015-01-19 04:00:00,3278,0,0.5482850489628055
2015-01-19 04:30:00,2542,0,0.5389440956195755
2015-01-19 05:00:00,2341,0,0.5405025099516142
2015-01-19 05:30:00,2774,0,0.5328505608770764
2015-01-19 06:00:00,3479,0,0.5438689794338034
2015-01-19 06:30:00,5228,0,0.5437409089247535
2015-01-19 07:00:00,5531,0,0.5468740772568139
2015-01-19 07:30:00,7133,0,0.5416312983391424
2015-01-19 08:00:00,8572,1,0.555961716643531
2015-01-19 08:30:00,11251,0,0.5487583733185574
2015-01-19 09:00:00,11815,0,0.5409713307725508
2015-01-19 09:30:00,13223,0,0.5102530556024323
2015-01-19 10:00:00,12862,0,0.5235173615437085
2015-01-19 10:30:00,14360,0,0.4938541787844488
2015-01-19 11:00:00,14101,0,0.48815226418656604
2015-01-19 11:30:00,16056,0,0.4580199345811589
2015-01-19 12:00:00,16454,0,0.45105015949400884
2015-01-19 12:30:00,17460,0,0.42695422242541087
2015-01-19 13:00:00,17295,0,0.435241395021496
2015-01-19 13:30:00,17872,0,0.43279410048913886
2015-01-19 14:00:00,17517,0,0.4280209415572998
2015-01-19 14:30:00,18228,0,0.4341843937813102
2015-01-19 15:00:00,17900,0,0.43441900980290066
2015-01-19 15:30:00,18245,0,0.4379526905298129
2015-01-19 16:00:00,17379,0,0.4283963377244381
2015-01-19 16:30:00,16921,0,0.4395470866142925
2015-01-19 17:00:00,17309,0,0.4322991116706434
2015-01-19 17:30:00,18431,0,0.43629806161809226
2015-01-19 18:00:00,19142,0,0.4413522420151594
2015-01-19 18:30:00,19449,0,0.45142405472729163
2015-01-19 19:00:00,18494,0,0.43351922232413076
2015-01-19 19:30:00,17217,0,0.43626030615263856
2015-01-19 20:00:00,16075,0,0.4569421969928329
2015-01-19 20:30:00,15157,0,0.4720908216398034
2015-01-19 21:00:00,14245,0,0.49857361399357897
2015-01-19 21:30:00,14069,0,0.4877419938061179
2015-01-19 22:00:00,13506,0,0.4988407592070674
2015-01-19 22:30:00,12936,0,0.5206747462729195
2015-01-19 23:00:00,10400,0,0.5473801359191086
2015-01-19 23:30:00,8189,0,0.5520911069709115
2015-01-20 00:00:00,6941,0,0.5318283404695343
2015-01-20 00:30:00,5164,0,0.5464395070236154
2015-01-20 01:00:00,3940,0,0.5406901270674097
2015-01-20 01:30:00,3073,0,0.5449186240544289
2015-01-20 02:00:00,2690,0,0.5347121372768824
2015-01-20 02:30:00,2006,1,0.5734811385779158
2015-01-20 03:00:00,1584,1,0.6596241149807295
2015-01-20 03:30:00,1495,1,0.6662857130812198
2015-01-20 04:00:00,1692,1,0.6420388929640787
2015-01-20 04:30:00,1663,1,0.6459603728939041
2015-01-20 05:00:00,2275,0,0.5411718146716653
2015-01-20 05:30:00,4423,0,0.5219374294631242
2015-01-20 06:00:00,6390,0,0.5315262354866181
2015-01-20 06:30:00,11694,0,0.5440171267779215
2015-01-20 07:00:00,14427,0,0.4933887761044224
2015-01-20 07:30:00,18672,0,0.4362961752117864
2015-01-20 08:00:00,19568,0,0.4583677926898019
2015-01-20 08:30:00,20068,0,0.4686348903897515
2015-01-20 09:00:00,18961,0,0.4409561083720909
2015-01-20 09:30:00,17965,0,0.43246921301480024
2015-01-20 10:00:00,15858,0,0.46606352466875767
2015-01-20 10:30:00,15942,0,0.4591817695667604
2015-01-20 11:00:00,14858,0,0.47074262435824116
2015-01-20 11:30:00,16031,0,0.4571955714178215
2015-01-20 12:00:00,15767,0,0.465749631285723
2015-01-20 12:30:00,15718,0,0.4660510805873978
2015-01-20 13:00:00,14752,0,0.4741177594556613
2015-01-20 13:30:00,16556,0,0.4583251499726726
2015-01-20 14:00:00,16333,0,0.4549095762368952
2015-01-20 14:30:00,17782,0,0.43510737741914923
2015-01-20 15:00:00,17590,0,0.43302839073146904
2015-01-20 15:30:00,16525,0,0.45614786122483764
2015-01-20 16:00:00,15174,0,0.47038484830192373
2015-01-20 16:30:00,14241,0,0.497661423633957
2015-01-20 17:00:00,16378,0,0.45682882067351355
2015-01-20 17:30:00,19480,0,0.45454472520838096
2015-01-20 18:00:00,22419,0,0.5002108946317722
2015-01-20 18:30:00,23262,0,0.5082190665447354
2015-01-20 19:00:00,22395,0,0.5034515662403735
2015-01-20 19:30:00,21663,0,0.5018425863159718
2015-01-20 20:00:00,21386,0,0.47844986131257705
2015-01-20 20:30:00,20673,0,0.4836167731283344
2015-01-20 21:00:00,21258,0,0.48248516436265
2015-01-20 21:30:00,21186,0,0.4896232143175584
2015-01-20 22:00:00,20053,0,0.46751521060624723
2015-01-20 22:30:00,16936,0,0.4365708882714202
2015-01-20 23:00:00,14319,0,0.49501956024133487
2015-01-20 23:30:00,11226,0,0.5502455143921396
2015-01-21 00:00:00,8987,1,0.5528503976079817
2015-01-21 00:30:00,6616,0,0.5251598573255326
2015-01-21 01:00:00,5410,0,0.5489673837253809
2015-01-21 01:30:00,4152,0,0.538145171140428
2015-01-21 02:00:00,3405,0,0.5471301970241659
2015-01-21 02:30:00,2682,0,0.5343068265536973
2015-01-21 03:00:00,2180,0,0.5438285721891275
2015-01-21 03:30:00,1905,1,0.6037962843098691
2015-01-21 04:00:00,2089,1,0.5604370044789189
2015-01-21 04:30:00,1981,1,0.580093543853335
2015-01-21 05:00:00,2213,0,0.5382984632457405
2015-01-21 05:30:00,4205,0,0.5343042744830655
2015-01-21 06:00:00,6482,0,0.5215050025308049
2015-01-21 06:30:00,11513,0,0.5459935554793992
2015-01-21 07:00:00,15263,0,0.4638304595406711
2015-01-21 07:30:00,19134,0,0.4410537301240033
2015-01-21 08:00:00,20366,0,0.474894988717329
2015-01-21 08:30:00,21165,0,0.49253795710302334
2015-01-21 09:00:00,19723,0,0.46542218633569404
2015-01-21 09:30:00,18557,0,0.43399389324349213
2015-01-21 10:00:00,17106,0,0.4370537706702037
2015-01-21 10:30:00,17373,0,0.4274045253651876
2015-01-21 11:00:00,15714,0,0.4660510805873978
2015-01-21 11:30:00,16754,0,0.45251063717099377
2015-01-21 12:00:00,17156,0,0.4378658597168246
2015-01-21 12:30:00,16405,0,0.449441030964281
2015-01-21 13:00:00,15565,0,0.4638964105932215
2015-01-21 13:30:00,17267,0,0.43587726349823663
2015-01-21 14:00:00,17711,0,0.43139748150311086
2015-01-21 14:30:00,18372,0,0.4407289753503739
2015-01-21 15:00:00,18579,0,0.4346705081149643
2015-01-21 15:30:00,16601,0,0.45843203217894773
2015-01-21 16:00:00,15939,0,0.4589440952866775
2015-01-21 16:30:00,14513,0,0.4858454024506337
2015-01-21 17:00:00,17001,0,0.4368576162331671
2015-01-21 17:30:00,20962,0,0.49258978920647606
2015-01-21 18:00:00,23400,0,0.5092649564461856
2015-01-21 18:30:00,23891,0,0.5154872638476776
2015-01-21 19:00:00,24112,0,0.5335262739608079
2015-01-21 19:30:00,23195,0,0.5068555591259145
2015-01-21 20:00:00,22527,0,0.4962716751215011
2015-01-21 20:30:00,21978,0,0.5020901452723249
2015-01-21 21:00:00,22624,0,0.5007999707512923
2015-01-21 21:30:00,21970,0,0.5020901452723249
2015-01-21 22:00:00,21085,0,0.4905588697468712
2015-01-21 22:30:00,19624,0,0.46056606349525603
2015-01-21 23:00:00,15974,0,0.459110036125228
2015-01-21 23:30:00,12520,0,0.5304137159028027
2015-01-22 00:00:00,10173,0,0.5518580832654668
2015-01-22 00:30:00,7771,1,0.5636355232097064
2015-01-22 01:00:00,6287,0,0.5343593210200768
2015-01-22 01:30:00,4720,0,0.5374742234913029
2015-01-22 02:00:00,3642,0,0.53841954346018
2015-01-22 02:30:00,2769,0,0.5342945916084337
2015-01-22 03:00:00,2406,0,0.5344944830196642
2015-01-22 03:30:00,2194,0,0.5420004429661528
2015-01-22 04:00:00,2275,0,0.5411718146716653
2015-01-22 04:30:00,2021,1,0.5715443689529756
2015-01-22 05:00:00,2385,0,0.5312695281971727
2015-01-22 05:30:00,4276,0,0.5338068739977556
2015-01-22 06:00:00,6311,0,0.5314832163121287
2015-01-22 06:30:00,11643,0,0.5442947680212693
2015-01-22 07:00:00,14874,0,0.4712952327304167
2015-01-22 07:30:00,19720,0,0.4654874984149503
2015-01-22 08:00:00,20607,0,0.4888376953017113
2015-01-22 08:30:00,20838,0,0.4908531064116536
2015-01-22 09:00:00,19347,0,0.4468031146045188
2015-01-22 09:30:00,18316,0,0.43862160927450833
2015-01-22 10:00:00,16233,0,0.4569582583197384
2015-01-22 10:30:00,16420,0,0.4503226333156613
2015-01-22 11:00:00,14997,0,0.4714282241335895
2015-01-22 11:30:00,17341,0,0.43088039923598415
2015-01-22 12:00:00,17606,0,0.43411572915429236
2015-01-22 12:30:00,16850,0,0.44730224602344354
2015-01-22 13:00:00,15625,0,0.46577214562321384
2015-01-22 13:30:00,17210,0,0.43368554675763876
2015-01-22 14:00:00,17552,0,0.4295598313063106
2015-01-22 14:30:00,18531,0,0.43274925089860194
2015-01-22 15:00:00,18806,0,0.44421927810826495
2015-01-22 15:30:00,17322,0,0.43278424590547004
2015-01-22 16:00:00,15719,0,0.46724851564554665
2015-01-22 16:30:00,14717,0,0.47312765538393403
2015-01-22 17:00:00,16955,0,0.4365708882714202
2015-01-22 17:30:00,20647,0,0.49043355808364114
2015-01-22 18:00:00,23122,0,0.5064053193779096
2015-01-22 18:30:00,25031,1,0.5531978668464553
2015-01-22 19:00:00,25376,1,0.5624781633718627
2015-01-22 19:30:00,25849,1,0.5629998595706858
2015-01-22 20:00:00,24434,0,0.537851551327303
2015-01-22 20:30:00,23690,0,0.5079790825369913
2015-01-22 21:00:00,24704,0,0.541218967442331
2015-01-22 21:30:00,25221,1,0.5616857432798024
2015-01-22 22:00:00,24320,0,0.536698711461307
2015-01-22 22:30:00,22823,0,0.5015052488408911
2015-01-22 23:00:00,21754,0,0.5045601643451451
2015-01-22 23:30:00,17946,0,0.43226249748351453
2015-01-23 00:00:00,14722,0,0.47312765538393403
2015-01-23 00:30:00,11815,0,0.5409713307725508
2015-01-23 01:00:00,9274,1,0.5539318842266991
2015-01-23 01:30:00,7241,0,0.5404737045320221
2015-01-23 02:00:00,6184,0,0.5403052132317313
2015-01-23 02:30:00,4956,0,0.5411538685595496
2015-01-23 03:00:00,4158,0,0.5384553498253336
2015-01-23 03:30:00,3499,0,0.5409787706684291
2015-01-23 04:00:00,3433,0,0.5452536597024453
2015-01-23 04:30:00,2736,0,0.5299741971531164
2015-01-23 05:00:00,2534,0,0.5375414477654605
2015-01-23 05:30:00,4436,0,0.524030069627214
2015-01-23 06:00:00,6559,0,0.5219627308302451
2015-01-23 06:30:00,11173,0,0.5492078270297638
2015-01-23 07:00:00,14477,0,0.49095735609502267
2015-01-23 07:30:00,19424,0,0.4513487100053469
2015-01-23 08:00:00,20059,0,0.46751521060624723
2015-01-23 08:30:00,20211,0,0.47885292381687944
2015-01-23 09:00:00,19220,0,0.44538955388827184
2015-01-23 09:30:00,18519,0,0.43426116888612726
2015-01-23 10:00:00,16466,0,0.45192125184439874
2015-01-23 10:30:00,16651,0,0.4569034590061629
2015-01-23 11:00:00,15564,0,0.4635826507849686
2015-01-23 11:30:00,17483,0,0.42809702508801495
2015-01-23 12:00:00,18057,0,0.4356736720728215
2015-01-23 12:30:00,16855,0,0.4479707872144421
2015-01-23 13:00:00,16827,0,0.4484615625804251
2015-01-23 13:30:00,17900,0,0.43441900980290066
2015-01-23 14:00:00,18747,0,0.44141043576908073
2015-01-23 14:30:00,19493,0,0.45362304469745707
2015-01-23 15:00:00,19020,0,0.4392419961272923
2015-01-23 15:30:00,17169,0,0.43917990670612433
2015-01-23 16:00:00,15680,0,0.4640563134218665
2015-01-23 16:30:00,15126,0,0.47302105966527264
2015-01-23 17:00:00,17664,0,0.431339299800509
2015-01-23 17:30:00,21065,0,0.4913540371463968
2015-01-23 18:00:00,23573,0,0.5053005579635833
2015-01-23 18:30:00,25063,1,0.5529215132040897
2015-01-23 19:00:00,26854,1,0.6365464835424451
2015-01-23 19:30:00,26037,1,0.5654719374099099
2015-01-23 20:00:00,24863,0,0.5415741758822562
2015-01-23 20:30:00,23793,0,0.514234999665399
2015-01-23 21:00:00,23560,0,0.5067410282119719
2015-01-23 21:30:00,23904,0,0.5174321443568872
2015-01-23 22:00:00,25266,1,0.5596627389855443
2015-01-23 22:30:00,25284,1,0.5590259087494327
2015-01-23 23:00:00,25157,1,0.5607704928816384
2015-01-23 23:30:00,24597,0,0.5389297467484182
2015-01-24 00:00:00,24223,0,0.535707488564946
2015-01-24 00:30:00,21761,0,0.503281998821083
2015-01-24 01:00:00,20356,0,0.4758598899959405
2015-01-24 01:30:00,18221,0,0.4347723179111199
2015-01-24 02:00:00,14264,0,0.49880323617534883
2015-01-24 02:30:00,11852,0,0.5388283274291452
2015-01-24 03:00:00,10245,0,0.5515637372314575
2015-01-24 03:30:00,8895,0,0.5521248591452107
2015-01-24 04:00:00,7634,1,0.5565901813491138
2015-01-24 04:30:00,4822,0,0.540814124744608
2015-01-24 05:00:00,3521,0,0.5404566454062336
2015-01-24 05:30:00,2971,0,0.5485559229123221
2015-01-24 06:00:00,3225,0,0.5446816346416246
2015-01-24 06:30:00,4324,0,0.5298820542757363
2015-01-24 07:00:00,4948,0,0.5415201297510482
2015-01-24 07:30:00,6401,0,0.531255623922086
2015-01-24 08:00:00,7537,1,0.5560651120027381
2015-01-24 08:30:00,10085,1,0.5536833266686944
2015-01-24 09:00:00,11421,0,0.5484542058533629
2015-01-24 09:30:00,15063,0,0.4730770378307971
2015-01-24 10:00:00,14932,0,0.4749254777967243
2015-01-24 10:30:00,16512,0,0.4564799992719221
2015-01-24 11:00:00,16893,0,0.4448873434193906
2015-01-24 11:30:00,19945,0,0.47200932952245833
2015-01-24 12:00:00,19851,0,0.46705522676634503
2015-01-24 12:30:00,20385,0,0.4765924352418372
2015-01-24 13:00:00,20321,0,0.47697048080963267
2015-01-24 13:30:00,19563,0,0.458931411021736
2015-01-24 14:00:00,18692,0,0.43884185695259903
2015-01-24 14:30:00,19016,0,0.4406466667435743
2015-01-24 15:00:00,19252,0,0.44722816191826475
2015-01-24 15:30:00,19325,0,0.445089965923905
2015-01-24 16:00:00,19139,0,0.4410537301240033
2015-01-24 16:30:00,19092,0,0.4395451721182221
2015-01-24 17:00:00,19901,0,0.4699173784125763
2015-01-24 17:30:00,21433,0,0.4842725369583973
2015-01-24 18:00:00,22997,0,0.5030221408539535
2015-01-24 18:30:00,24210,0,0.5363247974253939
2015-01-24 19:00:00,26175,1,0.5850810579156053
2015-01-24 19:30:00,24935,0,0.5508061671598565
2015-01-24 20:00:00,21243,0,0.4838683415281879
2015-01-24 20:30:00,20206,0,0.4752657420855349
2015-01-24 21:00:00,20188,0,0.4739637920753732
2015-01-24 21:30:00,21588,0,0.49381227950273787
2015-01-24 22:00:00,24357,0,0.5418688142288607
2015-01-24 22:30:00,25009,0,0.5497404165160152
2015-01-24 23:00:00,25641,1,0.5595228323511089
2015-01-24 23:30:00,25928,1,0.5666849684030393
2015-01-25 00:00:00,25026,1,0.5531202482142753
2015-01-25 00:30:00,23773,0,0.5112245847201243
2015-01-25 01:00:00,22667,0,0.4960988624536344
2015-01-25 01:30:00,20864,0,0.4918504317177517
2015-01-25 02:00:00,19498,0,0.4534599759104684
2015-01-25 02:30:00,17494,0,0.42880627883034583
2015-01-25 03:00:00,15262,0,0.4638304595406711
2015-01-25 03:30:00,12727,0,0.523279034394678
2015-01-25 04:00:00,10682,0,0.5469584683447788
2015-01-25 04:30:00,5804,0,0.5420494928556547
2015-01-25 05:00:00,3732,0,0.5333599077185127
2015-01-25 05:30:00,3050,0,0.5438682763598659
2015-01-25 06:00:00,2793,0,0.5364894115219498
2015-01-25 06:30:00,3690,0,0.5385453546536365
2015-01-25 07:00:00,4009,0,0.5400975220860188
2015-01-25 07:30:00,5014,0,0.546554372814902
2015-01-25 08:00:00,5354,0,0.5440242331223976
2015-01-25 08:30:00,7694,1,0.5565875061708858
2015-01-25 09:00:00,9298,1,0.5539318842266991
2015-01-25 09:30:00,12036,0,0.5289688386862753
2015-01-25 10:00:00,13457,0,0.5003739206913275
2015-01-25 10:30:00,16776,0,0.4532330144477292
2015-01-25 11:00:00,16838,0,0.44837224295009975
2015-01-25 11:30:00,18681,0,0.43762305173244553
2015-01-25 12:00:00,19382,0,0.4464527458535886
2015-01-25 12:30:00,19841,0,0.46502508139259013
2015-01-25 13:00:00,19688,0,0.46308992932121834
2015-01-25 13:30:00,19900,0,0.4699173784125763
2015-01-25 14:00:00,19767,0,0.4685000596093517
2015-01-25 14:30:00,19114,0,0.43901239124428554
2015-01-25 15:00:00,18144,0,0.43351367595304624
2015-01-25 15:30:00,18343,0,0.44174124680112703
2015-01-25 16:00:00,17879,0,0.4327516387851598
2015-01-25 16:30:00,17910,0,0.4330790683637057
2015-01-25 17:00:00,17868,0,0.4351187613844419
2015-01-25 17:30:00,19079,0,0.43966723470860664
2015-01-25 18:00:00,19687,0,0.46308992932121834
2015-01-25 18:30:00,19227,0,0.44652341281193536
2015-01-25 19:00:00,17843,0,0.4329133064137465
2015-01-25 19:30:00,16231,0,0.4578089251968743
2015-01-25 20:00:00,14905,0,0.47267944796967426
2015-01-25 20:30:00,14598,0,0.4841793571736367
2015-01-25 21:00:00,13551,0,0.4963012984469249
2015-01-25 21:30:00,13933,0,0.49666249421473246
2015-01-25 22:00:00,12374,0,0.532784942707831
2015-01-25 22:30:00,10625,0,0.5505224798154679
2015-01-25 23:00:00,9964,1,0.5547683286019874
2015-01-25 23:30:00,8190,0,0.5520911069709115
2015-01-26 00:00:00,6663,0,0.5300105937418658
2015-01-26 00:30:00,5151,0,0.5471794345204622
2015-01-26 01:00:00,4092,0,0.5393293057083516
2015-01-26 01:30:00,3207,0,0.5423901733714991
2015-01-26 02:00:00,2626,0,0.5313371341620129
2015-01-26 02:30:00,1994,1,0.5756418706799286
2015-01-26 03:00:00,1987,1,0.5768924147086911
2015-01-26 03:30:00,1912,1,0.6037962843098691
2015-01-26 04:00:00,2156,0,0.5495476730131021
2015-01-26 04:30:00,2175,0,0.5468656134603384
2015-01-26 05:00:00,2757,0,0.5312928674812272
2015-01-26 05:30:00,4689,0,0.536459656916304
2015-01-26 06:00:00,6715,0,0.5295456403125671
2015-01-26 06:30:00,11577,0,0.5418874619438604
2015-01-26 07:00:00,13954,0,0.4911249020768727
2015-01-26 07:30:00,17717,0,0.43171541226546045
2015-01-26 08:00:00,18686,0,0.43824842975807904
2015-01-26 08:30:00,18923,0,0.439349958322324
2015-01-26 09:00:00,17326,0,0.4324781950418447
2015-01-26 09:30:00,15926,0,0.460726896410733
2015-01-26 10:00:00,13785,0,0.49623487287342627
2015-01-26 10:30:00,13905,0,0.4948948201953753
2015-01-26 11:00:00,13575,0,0.4961260410200119
2015-01-26 11:30:00,14094,0,0.48849889188472095
2015-01-26 12:00:00,14488,0,0.48594279496494447
2015-01-26 12:30:00,14428,0,0.4933887761044224
2015-01-26 13:00:00,14402,0,0.4980575708994844
2015-01-26 13:30:00,14747,0,0.4744386495861359
2015-01-26 14:00:00,13915,0,0.4959212866519106
2015-01-26 14:30:00,11432,0,0.548825408024481
2015-01-26 15:00:00,9659,1,0.559498340218463
2015-01-26 15:30:00,7681,1,0.5577183919648463
2015-01-26 16:00:00,6257,0,0.5375077253840801
2015-01-26 16:30:00,5520,0,0.5453960481205575
2015-01-26 17:00:00,5159,0,0.548182389102532
2015-01-26 17:30:00,5283,0,0.5439998709121593
2015-01-26 18:00:00,5821,0,0.5422042294114789
2015-01-26 18:30:00,5586,0,0.5470167708994118
2015-01-26 19:00:00,4729,0,0.5359870752712134
2015-01-26 19:30:00,4402,0,0.522202132127558
2015-01-26 20:00:00,3877,0,0.5377444283915417
2015-01-26 20:30:00,3384,0,0.5486899118481204
2015-01-26 21:00:00,3203,0,0.5404825594468465
2015-01-26 21:30:00,2611,0,0.5312527388114515
2015-01-26 22:00:00,1783,1,0.6359224374262333
2015-01-26 22:30:00,866,1,0.685590430298998
2015-01-26 23:00:00,297,1,0.699147529253802
2015-01-26 23:30:00,189,1,0.7030407014285012
2015-01-27 00:00:00,109,1,0.7059005085252954
2015-01-27 00:30:00,80,1,0.7059005085252954
2015-01-27 01:00:00,40,1,0.709936851350295
2015-01-27 01:30:00,39,1,0.709936851350295
2015-01-27 02:00:00,26,1,0.709936851350295
2015-01-27 02:30:00,32,1,0.709936851350295
2015-01-27 03:00:00,8,1,0.709936851350295
2015-01-27 03:30:00,11,1,0.709936851350295
2015-01-27 04:00:00,9,1,0.709936851350295
2015-01-27 04:30:00,20,1,0.709936851350295
2015-01-27 05:00:00,21,1,0.709936851350295
2015-01-27 05:30:00,37,1,0.709936851350295
2015-01-27 06:00:00,69,1,0.7094566802490215
2015-01-27 06:30:00,107,1,0.7059005085252954
2015-01-27 07:00:00,216,1,0.7030407014285012
2015-01-27 07:30:00,332,1,0.6967863570949955
2015-01-27 08:00:00,570,1,0.6920879084113659
2015-01-27 08:30:00,1049,1,0.6799512160093953
2015-01-27 09:00:00,1589,1,0.6596241149807295
2015-01-27 09:30:00,2285,0,0.5392161264064743
2015-01-27 10:00:00,2945,0,0.5440606593212958
2015-01-27 10:30:00,3544,0,0.5422348650745737
2015-01-27 11:00:00,3876,0,0.5377444283915417
2015-01-27 11:30:00,4535,0,0.5299540857338674
2015-01-27 12:00:00,4923,0,0.5429025433881297
2015-01-27 12:30:00,5157,0,0.548182389102532
2015-01-27 13:00:00,5273,0,0.5451816747816612
2015-01-27 13:30:00,5584,0,0.5477574800626812
2015-01-27 14:00:00,5773,0,0.5435841625505035
2015-01-27 14:30:00,6569,0,0.5236789221085612
2015-01-27 15:00:00,7007,0,0.5340345219611
2015-01-27 15:30:00,7400,0,0.5483955862649751
2015-01-27 16:00:00,7962,1,0.5583076105553089
2015-01-27 16:30:00,8760,1,0.5576409036056608
2015-01-27 17:00:00,9776,1,0.558695853051931
2015-01-27 17:30:00,10863,0,0.5397853386846255
2015-01-27 18:00:00,12687,0,0.5265085024771877
2015-01-27 18:30:00,12541,0,0.5293381958108025
2015-01-27 19:00:00,11967,0,0.5283783902748035
2015-01-27 19:30:00,10813,0,0.5408820854935975
2015-01-27 20:00:00,10419,0,0.5494976750206634
2015-01-27 20:30:00,10132,0,0.5520766339948056
2015-01-27 21:00:00,10566,0,0.5499323417335473
2015-01-27 21:30:00,11073,0,0.5474726527875204
2015-01-27 22:00:00,10559,0,0.5517637817107487
2015-01-27 22:30:00,9121,0,0.5525280264718485
2015-01-27 23:00:00,8700,1,0.5569393733656852
2015-01-27 23:30:00,6884,0,0.526610757456433
2015-01-28 00:00:00,5502,0,0.5460465676546395
2015-01-28 00:30:00,4001,0,0.5404630683261136
2015-01-28 01:00:00,3039,0,0.5442804261412384
2015-01-28 01:30:00,2431,0,0.5366725581697657
2015-01-28 02:00:00,2005,1,0.5734811385779158
2015-01-28 02:30:00,1661,1,0.6459603728939041
2015-01-28 03:00:00,1300,1,0.669089888704041
2015-01-28 03:30:00,1279,1,0.6704493591226702
2015-01-28 04:00:00,1407,1,0.6677331748840928
2015-01-28 04:30:00,1353,1,0.669089888704041
2015-01-28 05:00:00,1887,1,0.605371815956834
2015-01-28 05:30:00,3714,0,0.5358595522605811
2015-01-28 06:00:00,6019,0,0.5414090208212163
2015-01-28 06:30:00,11208,0,0.549379873014432
2015-01-28 07:00:00,14063,0,0.4856978526042438
2015-01-28 07:30:00,17572,0,0.4308697058963833
2015-01-28 08:00:00,18746,0,0.43961511566012257
2015-01-28 08:30:00,18397,0,0.43946153191809784
2015-01-28 09:00:00,17430,0,0.42664078152208984
2015-01-28 09:30:00,15997,0,0.4582470112331055
2015-01-28 10:00:00,13900,0,0.49556495162035985
2015-01-28 10:30:00,14138,0,0.4886654669459836
2015-01-28 11:00:00,13361,0,0.5075596288465772
2015-01-28 11:30:00,14156,0,0.4926075527538277
2015-01-28 12:00:00,14075,0,0.48802421996208706
2015-01-28 12:30:00,13887,0,0.4947853332204931
2015-01-28 13:00:00,13593,0,0.49181617224394997
2015-01-28 13:30:00,14093,0,0.48849889188472095
2015-01-28 14:00:00,14699,0,0.4727145963380793
2015-01-28 14:30:00,15372,0,0.4614711820854154
2015-01-28 15:00:00,16220,0,0.45668158284713883
2015-01-28 15:30:00,15107,0,0.4740517871832433
2015-01-28 16:00:00,14057,0,0.4856978526042438
2015-01-28 16:30:00,13802,0,0.49623487287342627
2015-01-28 17:00:00,15961,0,0.45821580026947756
2015-01-28 17:30:00,18422,0,0.4373429776081889
2015-01-28 18:00:00,21270,0,0.48215883191170095
2015-01-28 18:30:00,22262,0,0.503654403184294
2015-01-28 19:00:00,22786,0,0.49472422441885644
2015-01-28 19:30:00,22169,0,0.5014015122586164
2015-01-28 20:00:00,21155,0,0.49294047828324156
2015-01-28 20:30:00,20120,0,0.46690468912275207
2015-01-28 21:00:00,20428,0,0.47689620504957125
2015-01-28 21:30:00,20309,0,0.47792428532738374
2015-01-28 22:00:00,20059,0,0.46751521060624723
2015-01-28 22:30:00,19055,0,0.4397516285644862
2015-01-28 23:00:00,15481,0,0.4590602824218722
2015-01-28 23:30:00,12535,0,0.5304137159028027
2015-01-29 00:00:00,10134,0,0.5520766339948056
2015-01-29 00:30:00,7568,1,0.5579311049933477
2015-01-29 01:00:00,5619,0,0.5463318946258429
2015-01-29 01:30:00,4342,0,0.5275418742766183
2015-01-29 02:00:00,3604,0,0.5396064037906567
2015-01-29 02:30:00,2822,0,0.5362265157967462
2015-01-29 03:00:00,2379,0,0.5312695281971727
2015-01-29 03:30:00,2121,1,0.553560985823898
2015-01-29 04:00:00,2130,1,0.5527348642746465
2015-01-29 04:30:00,1968,1,0.5869111652170995
2015-01-29 05:00:00,2339,0,0.5416698955836052
2015-01-29 05:30:00,4306,0,0.5311778814064865
2015-01-29 06:00:00,6575,0,0.5243880297572702
2015-01-29 06:30:00,11896,0,0.5307850740752542
2015-01-29 07:00:00,15030,0,0.4713044810709099
2015-01-29 07:30:00,18687,0,0.43884185695259903
2015-01-29 08:00:00,19710,0,0.4648470991946779
2015-01-29 08:30:00,19585,0,0.45819468350726555
2015-01-29 09:00:00,18438,0,0.4356643455180405
2015-01-29 09:30:00,17398,0,0.42802422047482785
2015-01-29 10:00:00,16241,0,0.45603168388681337
2015-01-29 10:30:00,15905,0,0.4622881432829505
2015-01-29 11:00:00,14690,0,0.4736250350951563
2015-01-29 11:30:00,16203,0,0.4589100310352397
2015-01-29 12:00:00,16711,0,0.4474775353755558
2015-01-29 12:30:00,16013,0,0.45701458128088923
2015-01-29 13:00:00,15725,0,0.46845583140982894
2015-01-29 13:30:00,16432,0,0.44970291507801213
2015-01-29 14:00:00,17190,0,0.43301229062757474
2015-01-29 14:30:00,17571,0,0.4308697058963833
2015-01-29 15:00:00,18184,0,0.43615461430937086
2015-01-29 15:30:00,16484,0,0.45151567933513304
2015-01-29 16:00:00,14774,0,0.4743069335837246
2015-01-29 16:30:00,13800,0,0.49623487287342627
2015-01-29 17:00:00,15971,0,0.4601533457748179
2015-01-29 17:30:00,19384,0,0.4464527458535886
2015-01-29 18:00:00,21649,0,0.5000974011077651
2015-01-29 18:30:00,23102,0,0.5072380898415342
2015-01-29 19:00:00,23464,0,0.5091589156586077
2015-01-29 19:30:00,23343,0,0.5089048723747625
2015-01-29 20:00:00,23197,0,0.5075418864509091
2015-01-29 20:30:00,23120,0,0.5064053193779096
2015-01-29 21:00:00,23208,0,0.507592829759886
2015-01-29 21:30:00,23188,0,0.5071986066984974
2015-01-29 22:00:00,22638,0,0.5001227602323997
2015-01-29 22:30:00,21501,0,0.48712328794661464
2015-01-29 23:00:00,20719,0,0.48587167691337163
2015-01-29 23:30:00,17877,0,0.4330445316942807
2015-01-30 00:00:00,14367,0,0.49409729270750596
2015-01-30 00:30:00,11118,0,0.5477832118253757
2015-01-30 01:00:00,8733,1,0.5579926717176353
2015-01-30 01:30:00,6954,0,0.5310027268583825
2015-01-30 02:00:00,5898,0,0.5391849324303125
2015-01-30 02:30:00,4541,0,0.5303556911778079
2015-01-30 03:00:00,3834,0,0.5385694907062476
2015-01-30 03:30:00,3143,0,0.5435301217816886
2015-01-30 04:00:00,3295,0,0.5512287296632564
2015-01-30 04:30:00,2652,0,0.5344140914889443
2015-01-30 05:00:00,2541,0,0.5393088612030466
2015-01-30 05:30:00,4585,0,0.5283524207694613
2015-01-30 06:00:00,6626,0,0.5255468889633
2015-01-30 06:30:00,11854,0,0.5372167497677912
2015-01-30 07:00:00,15913,0,0.4626010269487832
2015-01-30 07:30:00,19574,0,0.4575291629069223
2015-01-30 08:00:00,20898,0,0.4904393392143237
2015-01-30 08:30:00,20859,0,0.4918504317177517
2015-01-30 09:00:00,19707,0,0.4652269903285295
2015-01-30 09:30:00,18495,0,0.43351922232413076
2015-01-30 10:00:00,17096,0,0.4366615408431457
2015-01-30 10:30:00,16561,0,0.4603020405473564
2015-01-30 11:00:00,16496,0,0.45020191073852045
2015-01-30 11:30:00,17310,0,0.4322991116706434
2015-01-30 12:00:00,17354,0,0.42789832996581495
2015-01-30 12:30:00,16305,0,0.45669958005965766
2015-01-30 13:00:00,16685,0,0.45017315434420513
2015-01-30 13:30:00,18077,0,0.4349281951325938
2015-01-30 14:00:00,18375,0,0.43956963185340797
2015-01-30 14:30:00,18633,0,0.4378862399755017
2015-01-30 15:00:00,18401,0,0.4391642988228625
2015-01-30 15:30:00,17079,0,0.4364736492249399
2015-01-30 16:00:00,15582,0,0.465718080380798
2015-01-30 16:30:00,14719,0,0.47312765538393403
2015-01-30 17:00:00,17569,0,0.42988273552774686
2015-01-30 17:30:00,21013,0,0.4916060549191912
2015-01-30 18:00:00,23696,0,0.5076355070837355
2015-01-30 18:30:00,25758,1,0.5633242088135512
2015-01-30 19:00:00,27289,1,0.669312973483165
2015-01-30 19:30:00,28107,1,0.7032455086046058
2015-01-30 20:00:00,27308,1,0.6702192825378928
2015-01-30 20:30:00,26570,1,0.6059224736055895
2015-01-30 21:00:00,25935,1,0.5661898727099661
2015-01-30 21:30:00,26432,1,0.5991216834415637
2015-01-30 22:00:00,26739,1,0.6232299743311209
2015-01-30 22:30:00,26874,1,0.6365464835424451
2015-01-30 23:00:00,26928,1,0.6452443761538462
2015-01-30 23:30:00,26000,1,0.5695394549447489
2015-01-31 00:00:00,25778,1,0.5613429688177252
2015-01-31 00:30:00,23304,0,0.5087968728434332
2015-01-31 01:00:00,21318,0,0.4784738403927807
2015-01-31 01:30:00,19024,0,0.4392419961272923
2015-01-31 02:00:00,17022,0,0.43699678295657524
2015-01-31 02:30:00,14733,0,0.47408896575880105
2015-01-31 03:00:00,12593,0,0.5277944702712577
2015-01-31 03:30:00,11048,0,0.5467323287840715
2015-01-31 04:00:00,9364,1,0.555878210657631
2015-01-31 04:30:00,5209,0,0.543056541939146
2015-01-31 05:00:00,3683,0,0.5385453546536365
2015-01-31 05:30:00,3329,0,0.5498135542062875
2015-01-31 06:00:00,3714,0,0.5358595522605811
2015-01-31 06:30:00,4531,0,0.5280902101642043
2015-01-31 07:00:00,4803,0,0.5391033808169061
2015-01-31 07:30:00,7049,0,0.5380644377112113
2015-01-31 08:00:00,8363,1,0.5528454968167709
2015-01-31 08:30:00,11899,0,0.5304260736189834
2015-01-31 09:00:00,13522,0,0.5002628143799673
2015-01-31 09:30:00,18164,0,0.43550489945274395
2015-01-31 10:00:00,17645,0,0.4304701235539053
2015-01-31 10:30:00,20056,0,0.46751521060624723
2015-01-31 11:00:00,20270,0,0.4817047007199315
2015-01-31 11:30:00,22865,0,0.5021081488667231
2015-01-31 12:00:00,22951,0,0.5034860322559424
2015-01-31 12:30:00,23387,0,0.5075192522820167
2015-01-31 13:00:00,23069,0,0.5050308641679478
2015-01-31 13:30:00,23298,0,0.5087254840697334
2015-01-31 14:00:00,21817,0,0.5019217571906954
2015-01-31 14:30:00,21565,0,0.49286044088605885
2015-01-31 15:00:00,21729,0,0.5038778690762453
2015-01-31 15:30:00,22838,0,0.500612234864921
2015-01-31 16:00:00,21068,0,0.49051183728984377
2015-01-31 16:30:00,19920,0,0.4707787152211977
2015-01-31 17:00:00,20715,0,0.4852146532918564
2015-01-31 17:30:00,23595,0,0.5072925336405139
2015-01-31 18:00:00,26044,1,0.5654719374099099
2015-01-31 18:30:00,27286,1,0.669312973483165
2015-01-31 19:00:00,28804,1,0.7142029590979875
2015-01-31 19:30:00,27773,1,0.689935275917294
2015-01-31 20:00:00,24985,0,0.5524622077395096
2015-01-31 20:30:00,23291,0,0.5087254840697334
2015-01-31 21:00:00,23719,0,0.5089651939702274
2015-01-31 21:30:00,24670,0,0.5373879617882555
2015-01-31 22:00:00,25721,1,0.560437052110355
2015-01-31 22:30:00,27309,1,0.6702192825378928
2015-01-31 23:00:00,26591,1,0.6099050364413291
2015-01-31 23:30:00,26288,1,0.5978689754556263
